"Catalog.Number...USNM","Kind.of.Object","Special.Collections","Specimen.Count","Valid.Name","Name.Cleaned","Identification","Other.Identifications","Name.Hierarchy","Type.Status","Type.Citations","Order","Family","Subfamily","Date.ISO.8601","Date.Collected","Ocean","Sea.Gulf","Archipelago","Island.Grouping","Island.Name","Continent","Country","Province.State","District.County","Precise.Locality","Centroid.Latitude","Centroid.Longitude","Collector.s.","Field.Number.s.","Other.Numbers..Type...Value.","Vessel","Cruise","Station","Expedition","Collection.Method","Depth..m.","Source.of.Sample","Preparation.Details..Preparation.Location.Count.","Measurements","Notes","Accession.Number","Genetic.Sample.Type","Biorepository.Number","Specimen.Voucher.Number","Bold.ID","GenBank.Numbers","Preservation.Method","Embargo.","Depleted.","Record.Last.Modified","EZID","Conflicting_Dates","Error_Reason"
"58810","Specimen/Lot","",50,"Brevoortia tyrannus","Brevoortia tyrannus","Brevoortia tyrannus","","Brevoortia tyrannus : Clupeidae : Clupeiformes : Actinopterygii : Chordata","","","Clupeiformes","Clupeidae","","","","North Atlantic Ocean","","","","","","United States","Virginia","Mathews County","East River, Mobjack Bay",37.3616428571429,-76.3174428571429,"","","","Grampus","","","","","","","","","",47187,"","","",NA,"",NA,"",NA,"4/7/16 16:50","http://n2t.net/ark:/65665/34ed7da55-8750-408d-bf70-0565dd353301",NA,"No matching spatial-vessel reference record found"
"155974","Specimen/Lot","",50,"Clupea harengus","Clupea harengus","Clupea harengus","Clupea harengus","Clupea harengus : Clupeidae : Clupeiformes : Actinopterygii : Chordata","","","Clupeiformes","Clupeidae","","","","North Atlantic Ocean","","","","","","United States","Maine","","Sweet Island, Maine from Weir",43.589862,-68.180349,"","","","Grampus","","","","","","","","","",NA,"","","",NA,"",NA,"",NA,"4/7/16 16:50","http://n2t.net/ark:/65665/3f39d7a87-dd99-4cf0-a0cc-a2b1c5b80306","14-Aug-12 | 6 Sep 1895 (1895 Sep 06 - 0000 00 00)","Multiple conflicting dates found for spatial-vessel key"
"90054","Specimen/Lot","",37,"Alosa pseudoharengus","Alosa pseudoharengus","Alosa pseudoharengus","","Alosa pseudoharengus : Clupeidae : Clupeiformes : Actinopterygii : Chordata","","","Clupeiformes","Clupeidae","","","","North Atlantic Ocean","","","","","","United States","Maryland","Dorchester County","Hooper Island",38.2791,-76.1957,"","","","Fish Hawk","","8050","","","37","","","","",110854,"","","",NA,"",NA,"",NA,"8/20/14 16:44","http://n2t.net/ark:/65665/31b21e081-5fa0-4e99-b0d7-ec0c062781bd",NA,"No matching spatial-vessel reference record found"
"90056","Specimen/Lot","",37,"Alosa pseudoharengus","Alosa pseudoharengus","Alosa pseudoharengus","","Alosa pseudoharengus : Clupeidae : Clupeiformes : Actinopterygii : Chordata","","","Clupeiformes","Clupeidae","","","","North Atlantic Ocean","","","","","","United States","Maryland","St. Mary's County","Cedar Point",38.437681097561,-75.9834317073171,"","","","Fish Hawk","","8080","","","46","","","","",110854,"","","",NA,"",NA,"",NA,"8/20/14 16:44","http://n2t.net/ark:/65665/3411cf62c-2682-47a9-8bc6-7c8626562957","19-Mar-14 | 23-Mar-14 | 28-Mar-21 | 23 Mar 1914 (0000 00 00 - 0000 00 00) | 26-Jan-16 | 26-Jan-21 | 19-Feb-14 | 26 Jan 1921 (0000 00 00 - 0000 00 00) | 27 Jan 1921 (1921 Jan 27 - 0000 00 00) | 21 Mar 1914 (1914 Mar 21 - 0000 00 00; 15:40 - 15:51) | 29-Mar-21 | 8 Dec 1920 (1920 Dec 08 - 0000 00 00; 12:03 - 12:24) | 8 Dec 1920 (0000 00 00 - 0000 00 00) | 26 Jan 1921 (1921 Jan 26 - 0000 00 00) | 30-Mar-21 | 6 Dec 1920 (1920 Dec 06 - 0000 00 00) | 22-Mar-14 | 4 Jul 1920 (1920 Jul 04 - 0000 00 00; 16:00 - 16:47) | 4 Jul 1920 (1920 Jul 04 - 0000 00 00; 18:20 - 18:56) | 22-Feb-14 | 22 Feb 1914 (0000 00 00 - 0000 00 00) | 1916 (1916 00 00 - 0000 00 00) | 3-Mar-14 | 27 Jan 1921 (0000 00 00 - 0000 00 00) | 21 Mar 1914 (1914 Mar 21 - 0000 00 00; 14:25 - 14:47) | 17-Oct-20 | 21-Jan-16 | 24 Apr 1916 (1916 Apr 24 - 0000 00 00)","Multiple conflicting dates found for spatial-vessel key"
"89998","Specimen/Lot","",37,"Brevoortia tyrannus","Brevoortia tyrannus","Brevoortia tyrannus","","Brevoortia tyrannus : Clupeidae : Clupeiformes : Actinopterygii : Chordata","","","Clupeiformes","Clupeidae","","","","North Atlantic Ocean","","","","","","United States","","","Chesapeake Bay",37.8233333333333,-76.2619333333333,"","","","Fish Hawk","","8051","","","38","","","","",110854,"","","",NA,"",NA,"",NA,"8/20/14 16:44","http://n2t.net/ark:/65665/33dd55307-59dc-4ed5-89b3-14aa78b3cd75","9 Dec 1920 (1920 Dec 09 - 0000 00 00) | 1882 (1882 00 00 - 0000 00 00) | 21-Mar-14 | 26 Jan 1921 (1921 Jan 26 - 0000 00 00) | 7 Jul 1920 (1920 Jul 07 - 0000 00 00) | 28 Jul 1916 (1916 Jul 28 - 0000 00 00) | 23-Oct-15 | 4 Dec 1920 (1920 Dec 04 - 0000 00 00) | 27 Jan 1921 (1921 Jan 27 - 0000 00 00)","Multiple conflicting dates found for spatial-vessel key"
"90092","Specimen/Lot","",31,"Alosa pseudoharengus","Alosa pseudoharengus","Alosa pseudoharengus","","Alosa pseudoharengus : Clupeidae : Clupeiformes : Actinopterygii : Chordata","","","Clupeiformes","Clupeidae","","","","North Atlantic Ocean","","","","","","","","","Mth Potomac R.",33.7155431873432,-74.4674725885909,"","","","Fish Hawk","","8049","","","46","","","","",110854,"","","",NA,"",NA,"",NA,"8/20/14 16:44","http://n2t.net/ark:/65665/3c533b066-e12e-4fd4-b513-fe56369285c8","9 Sep 1892 (1892 Sep 09 - 0000 00 00; 15:00) | Sep 1892 (1892 Sep 00 - 0000 00 00) | 9 Sep 1892 (1892 Sep 09 - 0000 00 00; 14:05) | 17 Apr 1881 (1881 Apr 17 - 0000 00 00) | 23 Feb 1914 (1914 Feb 23 - 0000 00 00) | 28 Jul 1915 (1915 Jul 28 - 0000 00 00) | 18 Aug 1882 (1882 Aug 18 - 0000 00 00)","Multiple conflicting dates found for spatial-vessel key"
"26018","Specimen/Lot","",28,"Glyptocephalus cynoglossus","Glyptocephalus cynoglossus","Glyptocephalus cynoglossus","","Glyptocephalus cynoglossus : Pleuronectidae : Pleuronectiformes : Actinopterygii : Chordata","","","Pleuronectiformes","Pleuronectidae","Pleuronectinae","","","North Atlantic Ocean","","","","Aquidneck Island","","United States","Rhode Island","Newport County","Atlantic, Newport, Rhode Island",40.0383,-70.385,"","","","Fish Hawk","","869-870","","","","","","","",0,"","","",NA,"",NA,"",NA,"8/20/14 18:31","http://n2t.net/ark:/65665/34190fb28-139c-4cc9-974e-cf0ecda65a94","2 Oct 1880 | 4 Sep 1880 (1880 Sep 04 - 0000 00 00)","Multiple conflicting dates found for spatial-vessel key"
"92615","Specimen/Lot","",28,"Atherina harringtonensis","Hypoatherina harringtonensis","Hypoatherina harringtonensis","","Hypoatherina harringtonensis : Atherinidae : Atheriniformes : Actinopterygii : Chordata","","","Atheriniformes","Atherinidae","Atherininae","","","North Atlantic Ocean","Caribbean Sea","","","","","Panama","Colon Province","Colón District","Aspinwall(=Colon, Panama)",9.5333,-79.9083,"","","","Albatross","","","","","","","","","Surface",0,"","","",NA,"",NA,"",NA,"8/25/14 15:42","http://n2t.net/ark:/65665/3b4313a24-904e-447f-a6db-cab4de7127aa","Mar 1884 to Apr 1884 (1884 Mar 00 - 1884 Apr 00) | 1884 (1884 00 00 - 0000 00 00) | 2 Apr 1884","Multiple conflicting dates found for spatial-vessel key"
"90093","Specimen/Lot","",27,"Alosa pseudoharengus","Alosa pseudoharengus","Alosa pseudoharengus","","Alosa pseudoharengus : Clupeidae : Clupeiformes : Actinopterygii : Chordata","","","Clupeiformes","Clupeidae","","","","North Atlantic Ocean","","","","","","","","","Mth Potomac R.",33.7155431873432,-74.4674725885909,"","","","Fish Hawk","","8049","","","47.58","","","","",110854,"","","",NA,"",NA,"",NA,"8/20/14 16:44","http://n2t.net/ark:/65665/3734fe539-4b4b-4791-afa1-fd1f0fb1070c","9 Sep 1892 (1892 Sep 09 - 0000 00 00; 15:00) | Sep 1892 (1892 Sep 00 - 0000 00 00) | 9 Sep 1892 (1892 Sep 09 - 0000 00 00; 14:05) | 17 Apr 1881 (1881 Apr 17 - 0000 00 00) | 23 Feb 1914 (1914 Feb 23 - 0000 00 00) | 28 Jul 1915 (1915 Jul 28 - 0000 00 00) | 18 Aug 1882 (1882 Aug 18 - 0000 00 00)","Multiple conflicting dates found for spatial-vessel key"
"90068","Specimen/Lot","",23,"Alosa pseudoharengus","Alosa pseudoharengus","Alosa pseudoharengus","","Alosa pseudoharengus : Clupeidae : Clupeiformes : Actinopterygii : Chordata","","","Clupeiformes","Clupeidae","","","","North Atlantic Ocean","","","","","","United States","Maryland","Anne Arundel County","Annapolis, Maryland",38.9772,-76.4864,"","","","Fish Hawk","","8070","","","35","","","","",110854,"","","",NA,"",NA,"",NA,"8/20/14 16:44","http://n2t.net/ark:/65665/3029c99e3-63cd-49ba-a185-7c78f4300f2c",NA,"No matching spatial-vessel reference record found"
"90075","Specimen/Lot","",23,"Alosa pseudoharengus","Alosa pseudoharengus","Alosa pseudoharengus","","Alosa pseudoharengus : Clupeidae : Clupeiformes : Actinopterygii : Chordata","","","Clupeiformes","Clupeidae","","","","North Atlantic Ocean","","","","","","United States","Maryland","","Bloody Point",38.8394,-76.3983,"","","","Fish Hawk","","8490","","","42","","","","",110854,"","","",NA,"",NA,"",NA,"8/20/14 16:44","http://n2t.net/ark:/65665/32c35893f-aff3-4dd3-b6f7-546b0cee7d8d","12 Mar 1916 (1916 Mar 12 - 0000 00 00; 08:10 - 10:30) | 12-Mar-16","Multiple conflicting dates found for spatial-vessel key"
"38664","Specimen/Lot","",20,"Harengula clupeola","Harengula clupeola","Harengula clupeola","Sardinella macrophthalmus","Harengula clupeola : Clupeidae : Clupeiformes : Actinopterygii : Chordata","","","Clupeiformes","Clupeidae","","","","North Atlantic Ocean","Caribbean Sea","","","","","","","","West Indies.",17.9064144549763,-67.7093952606635,"","","","Albatross","","","","","","","","","Only 20 of the original 28 specimens were found inside the jar. The Ledger book notes that seven of the original specimens were on exchange to ""Th. Monod, Inst. Francais Afr. Noire."" Station number unknown. The Ledger book lists a locality of the West Indies. No collection date was recorded in the Ledger book.",NA,"","","",NA,"",NA,"",NA,"2/27/20 15:17","http://n2t.net/ark:/65665/3bf3486a7-ca7d-454e-993b-123d39bba1fa",NA,"No matching spatial-vessel reference record found"
"90045","Specimen/Lot","",18,"Alosa pseudoharengus","Alosa pseudoharengus","Alosa pseudoharengus","","Alosa pseudoharengus : Clupeidae : Clupeiformes : Actinopterygii : Chordata","","","Clupeiformes","Clupeidae","","","","North Atlantic Ocean","","","","","","United States","Maryland","St. Mary's County","Cedar Point",38.437681097561,-75.9834317073171,"","","","Fish Hawk","","8080","","","46","","","","",110854,"","","",NA,"",NA,"",NA,"8/20/14 16:44","http://n2t.net/ark:/65665/351f8768b-c517-4a60-ad51-2a3761c1f686","19-Mar-14 | 23-Mar-14 | 28-Mar-21 | 23 Mar 1914 (0000 00 00 - 0000 00 00) | 26-Jan-16 | 26-Jan-21 | 19-Feb-14 | 26 Jan 1921 (0000 00 00 - 0000 00 00) | 27 Jan 1921 (1921 Jan 27 - 0000 00 00) | 21 Mar 1914 (1914 Mar 21 - 0000 00 00; 15:40 - 15:51) | 29-Mar-21 | 8 Dec 1920 (1920 Dec 08 - 0000 00 00; 12:03 - 12:24) | 8 Dec 1920 (0000 00 00 - 0000 00 00) | 26 Jan 1921 (1921 Jan 26 - 0000 00 00) | 30-Mar-21 | 6 Dec 1920 (1920 Dec 06 - 0000 00 00) | 22-Mar-14 | 4 Jul 1920 (1920 Jul 04 - 0000 00 00; 16:00 - 16:47) | 4 Jul 1920 (1920 Jul 04 - 0000 00 00; 18:20 - 18:56) | 22-Feb-14 | 22 Feb 1914 (0000 00 00 - 0000 00 00) | 1916 (1916 00 00 - 0000 00 00) | 3-Mar-14 | 27 Jan 1921 (0000 00 00 - 0000 00 00) | 21 Mar 1914 (1914 Mar 21 - 0000 00 00; 14:25 - 14:47) | 17-Oct-20 | 21-Jan-16 | 24 Apr 1916 (1916 Apr 24 - 0000 00 00)","Multiple conflicting dates found for spatial-vessel key"
"90122","Specimen/Lot","",18,"Alosa pseudoharengus","Alosa pseudoharengus","Alosa pseudoharengus","","Alosa pseudoharengus : Clupeidae : Clupeiformes : Actinopterygii : Chordata","","","Clupeiformes","Clupeidae","","","","North Atlantic Ocean","","","","Solomons Island","","United States","Maryland","Calvert County","Point No Point Light, Solomons Island",38.128,-76.29,"","","","Fish Hawk","","8054","","","37.5","","","","",110854,"","","",NA,"",NA,"",NA,"10/6/23 17:13","http://n2t.net/ark:/65665/3af619229-74b3-4bd7-9177-37954955280b",NA,"No matching spatial-vessel reference record found"
"90049","Specimen/Lot","",17,"Alosa pseudoharengus","Alosa pseudoharengus","Alosa pseudoharengus","","Alosa pseudoharengus : Clupeidae : Clupeiformes : Actinopterygii : Chordata","","","Clupeiformes","Clupeidae","","","","North Atlantic Ocean","","","","","","United States","Maryland","","Cedar Point, WNW 1/4 W; Hooper Island Light, SE 3/4 S. Chesapeake Bay",38.437681097561,-75.9834317073171,"","","","Fish Hawk","","8050","","","37","","","","",110854,"","","",NA,"",NA,"",NA,"8/20/14 16:44","http://n2t.net/ark:/65665/387f3dc5f-57af-47ee-ab11-8ba9c6209d67","19-Mar-14 | 23-Mar-14 | 28-Mar-21 | 23 Mar 1914 (0000 00 00 - 0000 00 00) | 26-Jan-16 | 26-Jan-21 | 19-Feb-14 | 26 Jan 1921 (0000 00 00 - 0000 00 00) | 27 Jan 1921 (1921 Jan 27 - 0000 00 00) | 21 Mar 1914 (1914 Mar 21 - 0000 00 00; 15:40 - 15:51) | 29-Mar-21 | 8 Dec 1920 (1920 Dec 08 - 0000 00 00; 12:03 - 12:24) | 8 Dec 1920 (0000 00 00 - 0000 00 00) | 26 Jan 1921 (1921 Jan 26 - 0000 00 00) | 30-Mar-21 | 6 Dec 1920 (1920 Dec 06 - 0000 00 00) | 22-Mar-14 | 4 Jul 1920 (1920 Jul 04 - 0000 00 00; 16:00 - 16:47) | 4 Jul 1920 (1920 Jul 04 - 0000 00 00; 18:20 - 18:56) | 22-Feb-14 | 22 Feb 1914 (0000 00 00 - 0000 00 00) | 1916 (1916 00 00 - 0000 00 00) | 3-Mar-14 | 27 Jan 1921 (0000 00 00 - 0000 00 00) | 21 Mar 1914 (1914 Mar 21 - 0000 00 00; 14:25 - 14:47) | 17-Oct-20 | 21-Jan-16 | 24 Apr 1916 (1916 Apr 24 - 0000 00 00)","Multiple conflicting dates found for spatial-vessel key"
"90116","Specimen/Lot","",17,"Alosa pseudoharengus","Alosa pseudoharengus","Alosa pseudoharengus","","Alosa pseudoharengus : Clupeidae : Clupeiformes : Actinopterygii : Chordata","","","Clupeiformes","Clupeidae","","","","North Atlantic Ocean","","","","","","United States","Maryland","St. Mary's County","Cedar Point",38.437681097561,-75.9834317073171,"","","","Fish Hawk","","8080","","","46","","","","",110854,"","","",NA,"",NA,"",NA,"8/20/14 16:44","http://n2t.net/ark:/65665/375fa968c-f141-437e-aec2-f33b2524d787","19-Mar-14 | 23-Mar-14 | 28-Mar-21 | 23 Mar 1914 (0000 00 00 - 0000 00 00) | 26-Jan-16 | 26-Jan-21 | 19-Feb-14 | 26 Jan 1921 (0000 00 00 - 0000 00 00) | 27 Jan 1921 (1921 Jan 27 - 0000 00 00) | 21 Mar 1914 (1914 Mar 21 - 0000 00 00; 15:40 - 15:51) | 29-Mar-21 | 8 Dec 1920 (1920 Dec 08 - 0000 00 00; 12:03 - 12:24) | 8 Dec 1920 (0000 00 00 - 0000 00 00) | 26 Jan 1921 (1921 Jan 26 - 0000 00 00) | 30-Mar-21 | 6 Dec 1920 (1920 Dec 06 - 0000 00 00) | 22-Mar-14 | 4 Jul 1920 (1920 Jul 04 - 0000 00 00; 16:00 - 16:47) | 4 Jul 1920 (1920 Jul 04 - 0000 00 00; 18:20 - 18:56) | 22-Feb-14 | 22 Feb 1914 (0000 00 00 - 0000 00 00) | 1916 (1916 00 00 - 0000 00 00) | 3-Mar-14 | 27 Jan 1921 (0000 00 00 - 0000 00 00) | 21 Mar 1914 (1914 Mar 21 - 0000 00 00; 14:25 - 14:47) | 17-Oct-20 | 21-Jan-16 | 24 Apr 1916 (1916 Apr 24 - 0000 00 00)","Multiple conflicting dates found for spatial-vessel key"
"77312","Specimen/Lot","",16,"Lycengraulis grossidens","Lycengraulis olidus","Lycengraulis olidus","","Lycengraulis olidus : Engraulidae : Clupeiformes : Actinopterygii : Chordata","","","Clupeiformes","Engraulidae","","","","South Atlantic Ocean","","","","","","Uruguay","Montevideo Department","","Monte Video.",-27.5969848484848,-50.8172636363636,"","","","Albatross","","","","","","","Scanning Electron Microphotograph::1","","Sem = 88.5 - first r. ceratobranchial (posterior half only); 152 - first r. ceratobranchial (posterior half only, w/out posteriormost rakers); and 152 - posteriormost rakers from first r. ceratobranchial.",59889,"","","",NA,"",NA,"",NA,"11/14/16 20:21","http://n2t.net/ark:/65665/388043759-e02c-4c3b-b26e-8c43d53afa0f","4 Jan 1888 to 10 Jan 1888 (1888 Jan 04 - 1888 Jan 10) | 1887 to 1888 | 1888 (1888 00 00 - 0000 00 00) | 10 Jan 1888 (1888 Jan 10 - 0000 00 00)","Multiple conflicting dates found for spatial-vessel key"
"54879","Specimen/Lot","",15,"Brevoortia tyrannus","Brevoortia tyrannus","Brevoortia tyrannus","","Brevoortia tyrannus : Clupeidae : Clupeiformes : Actinopterygii : Chordata","","","Clupeiformes","Clupeidae","","","","North Atlantic Ocean","","","","","","United States","Massachusetts","Barnstable County","Woods Hole",41.5760794871795,-70.5749282051282,"","","","Fish Hawk","","","","","","","","","",45430,"","","",NA,"",NA,"",NA,"8/20/14 18:08","http://n2t.net/ark:/65665/3d89029c7-4c76-484b-b39d-2f2a72957034","3 Sep 1892 (1892 Sep 03 - 0000 00 00) | 21 Aug 1899 (1899 Aug 21)","Multiple conflicting dates found for spatial-vessel key"
"38515","Specimen/Lot","",15,"Labrisomus nuchipinnis","Labrisomus nuchipinnis","Labrisomus nuchipinnis","","Labrisomus nuchipinnis : Labrisomidae : Perciformes : Actinopterygii : Chordata","","","Perciformes","Labrisomidae","","","","North Atlantic Ocean","","Bahamian Archipelago","Bahama Islands","New Providence Island","","Bahamas","","","New Providence.",26.7301716666667,-77.3733416666667,"","","","Albatross","","","","","","","","","",0,"","","",NA,"",NA,"",NA,"8/26/14 19:00","http://n2t.net/ark:/65665/3549603da-e4af-43b0-8ffa-45d5326919b1","16 Mar 1886 (1886 Mar 16 - 0000 00 00) | 5 Mar 1886 (1886 Mar 05 - 0000 00 00) | 23 Apr 1886 | 10 Mar 1886 (1886 Mar 10 - 0000 00 00) | 5 Mar 1886 | 27 Feb 1886 | 10 Apr 1886 (1886 Apr 10 - 0000 00 00) | 1886 (0000 00 00 - 0000 00 00) | 23 Mar 1886 (1886 Mar 23 - 0000 00 00) | Mar 1886 | 12 Apr 1886 (1886 Apr 12 - 0000 00 00) | 1886 | 23 Mar 1886 | 1886 (1886 00 00 - 0000 00 00)","Multiple conflicting dates found for spatial-vessel key"
"90079","Specimen/Lot","",14,"Alosa pseudoharengus","Alosa pseudoharengus","Alosa pseudoharengus","","Alosa pseudoharengus : Clupeidae : Clupeiformes : Actinopterygii : Chordata","","","Clupeiformes","Clupeidae","","","","North Atlantic Ocean","","","","","","United States","Maryland","Dorchester County","Hoopers Light",38.245,-76.2583,"","","","Fish Hawk","","8026","","","42","","","","",110854,"","","",NA,"",NA,"",NA,"8/20/14 16:44","http://n2t.net/ark:/65665/343ebeac9-f268-4390-9c70-07cc0f9a23a3","20 Jan 1914 (1914 Jan 20 - 0000 00 00) | 20 Jan 1914 (1914 Jan 20 - 0000 00 00; 11:19 - 11:46)","Multiple conflicting dates found for spatial-vessel key"
"90066","Specimen/Lot","",13,"Alosa pseudoharengus","Alosa pseudoharengus","Alosa pseudoharengus","","Alosa pseudoharengus : Clupeidae : Clupeiformes : Actinopterygii : Chordata","","","Clupeiformes","Clupeidae","","","","North Atlantic Ocean","","","","","","United States","Maryland","","Cove Pt. Light",38.3667,-76.3383,"","","","Fish Hawk","","8029","","","35","","","","",110854,"","","",NA,"",NA,"",NA,"8/20/14 16:44","http://n2t.net/ark:/65665/394df859f-704c-438c-9578-104a43abf934",NA,"No matching spatial-vessel reference record found"
"90117","Specimen/Lot","",12,"Alosa pseudoharengus","Alosa pseudoharengus","Alosa pseudoharengus","","Alosa pseudoharengus : Clupeidae : Clupeiformes : Actinopterygii : Chordata","","","Clupeiformes","Clupeidae","","","","North Atlantic Ocean","","","","Barren Island","","United States","Maryland","Dorchester County","Barren Island",38.3667,-76.3217,"","","","Fish Hawk","","8028","","","40","","","","",110854,"","","",NA,"",NA,"",NA,"8/20/14 16:44","http://n2t.net/ark:/65665/3b59d2db8-05ba-4ff0-9854-3909104e464d",NA,"No matching spatial-vessel reference record found"
"54880","Specimen/Lot","",12,"Brevoortia tyrannus","Brevoortia tyrannus","Brevoortia tyrannus","","Brevoortia tyrannus : Clupeidae : Clupeiformes : Actinopterygii : Chordata","","","Clupeiformes","Clupeidae","","","","","","","","","North America","United States","Massachusetts","Barnstable County","Pamet River, Truro, Massachusetts",41.5760794871795,-70.5749282051282,"","","","Fish Hawk","","","","","","","","","",45430,"","","",NA,"",NA,"",NA,"4/7/16 16:50","http://n2t.net/ark:/65665/35204e2c5-e781-47e1-91e9-86255c307446","3 Sep 1892 (1892 Sep 03 - 0000 00 00) | 21 Aug 1899 (1899 Aug 21)","Multiple conflicting dates found for spatial-vessel key"
"54862","Specimen/Lot","",12,"Pungitius pungitius","Pungitius pungitius","Pungitius pungitius","Pygosteus pungitius","Pungitius pungitius : Gasterosteidae : Gasterosteiformes : Actinopterygii : Chordata","","","Gasterosteiformes","Gasterosteidae","","","","North Atlantic Ocean","","","","","","United States","Massachusetts","Barnstable County","Falmouth, Vineyard Sound",41.5415,-70.6102,"","","","Fish Hawk","","","","","","","","","15",45430,"","","",NA,"",NA,"",NA,"1/6/21 13:45","http://n2t.net/ark:/65665/378f51fad-9e0c-4195-b170-a0f76158576d",NA,"No matching spatial-vessel reference record found"
"90021","Specimen/Lot","",11,"Brevoortia tyrannus","Brevoortia tyrannus","Brevoortia tyrannus","","Brevoortia tyrannus : Clupeidae : Clupeiformes : Actinopterygii : Chordata","","","Clupeiformes","Clupeidae","","","","North Atlantic Ocean","","","","","","United States","Maryland","","Kent Id. Thomas Pt.",38.9194,-76.385,"","","","Fish Hawk","","8438","","","35","","","","",110854,"","","",NA,"",NA,"",NA,"8/20/14 16:44","http://n2t.net/ark:/65665/3e5e21998-022b-40e1-b44a-847da32da599",NA,"No matching spatial-vessel reference record found"
"54878","Specimen/Lot","",11,"Brevoortia tyrannus","Brevoortia tyrannus","Brevoortia tyrannus","","Brevoortia tyrannus : Clupeidae : Clupeiformes : Actinopterygii : Chordata","","","Clupeiformes","Clupeidae","","","","North Atlantic Ocean","","","","","","United States","Massachusetts","","Acushnet River, New Bedford",41.6551,-70.9169,"United States Bureau of Fisheries","","","Fish Hawk","","","","","","","","","",45430,"","","",NA,"",NA,"",NA,"8/20/14 17:47","http://n2t.net/ark:/65665/3347894ca-c7af-49cc-8a25-a9c5181d66a4",NA,"No matching spatial-vessel reference record found"
"58812","Specimen/Lot","",11,"Brevoortia tyrannus","Brevoortia tyrannus","Brevoortia tyrannus","","Brevoortia tyrannus : Clupeidae : Clupeiformes : Actinopterygii : Chordata","","","Clupeiformes","Clupeidae","","","","North Atlantic Ocean","","","","","","United States","","","Chesapeake Bay",37.8233333333333,-76.2619333333333,"","","","Grampus","","","","","","","","","",47187,"","","",NA,"",NA,"",NA,"8/20/14 17:47","http://n2t.net/ark:/65665/36837759e-1075-49ec-b163-19085a061ffd",NA,"No matching spatial-vessel reference record found"
"58813","Specimen/Lot","",11,"Brevoortia tyrannus","Brevoortia tyrannus","Brevoortia tyrannus","","Brevoortia tyrannus : Clupeidae : Clupeiformes : Actinopterygii : Chordata","","","Clupeiformes","Clupeidae","","","","North Atlantic Ocean","","","","","","United States","Virginia","Mathews County","East River, Mobjack Bay",37.3616428571429,-76.3174428571429,"","","","Grampus","","","","","","","","","",47187,"","","",NA,"",NA,"",NA,"4/7/16 16:50","http://n2t.net/ark:/65665/3ecfbe432-cca8-46c9-8719-d2bf6d24b600",NA,"No matching spatial-vessel reference record found"
"90050","Specimen/Lot","",10,"Alosa pseudoharengus","Alosa pseudoharengus","Alosa pseudoharengus","","Alosa pseudoharengus : Clupeidae : Clupeiformes : Actinopterygii : Chordata","","","Clupeiformes","Clupeidae","","","","","","","","","","","","","Hoopers Island",36.2167,-76.24,"","","","Fish Hawk","","8025","","","42","","","","",110854,"","","",NA,"",NA,"",NA,"8/20/14 16:44","http://n2t.net/ark:/65665/343f44ab5-536a-4e01-92db-8e0d92a095c1",NA,"No matching spatial-vessel reference record found"
"127624","Specimen/Lot","",10,"Anchoa lyolepis","Anchoa lyolepis","Anchoa lyolepis","","Anchoa lyolepis : Engraulidae : Clupeiformes : Actinopterygii : Chordata","","","Clupeiformes","Engraulidae","","","","North Atlantic Ocean","Caribbean Sea","Greater Antilles","","Culebra Island","","United States","Puerto Rico","Culebra","P.R.: Culebra Island",18.3061075,-65.2896975,"","","","Fish Hawk","","","","","","","","","",163614,"","","",NA,"",NA,"",NA,"11/20/17 19:14","http://n2t.net/ark:/65665/34cd58c15-6e62-4e5c-8502-400916aa8119",NA,"No matching spatial-vessel reference record found"
"54823","Specimen/Lot","",10,"Gobiosoma bosc","Gobiosoma bosc","Gobiosoma bosc","","Gobiosoma bosc : Gobiidae : Perciformes : Actinopterygii : Chordata","","","Perciformes","Gobiidae","Gobiinae","","","North Atlantic Ocean","","","","","","United States","Massachusetts","","2 miles south Bird Island, Buzzard's Bay",41.6401,-70.7155,"United States Bureau of Fisheries","","","Fish Hawk","","","","","","","","","",45430,"","","",NA,"",NA,"",NA,"8/26/14 19:23","http://n2t.net/ark:/65665/362882fe7-a507-448b-bf75-74e52c81ae87",NA,"No matching spatial-vessel reference record found"
"54901","Specimen/Lot","",10,"Stenotomus chrysops","Stenotomus chrysops","Stenotomus chrysops","","Stenotomus chrysops : Sparidae : Perciformes : Actinopterygii : Chordata","","","Perciformes","Sparidae","","","","North Atlantic Ocean","","","","","","United States","Massachusetts","Dukes County","Vineyard Sound",41.4703,-70.7024,"","","","Fish Hawk","","1691","","","","","","","",45409,"","","",NA,"",NA,"",NA,"8/25/14 18:55","http://n2t.net/ark:/65665/385be7e16-1697-455d-8b65-0279141cec34","23 Aug 1892 (1892 00 00 - 0000 00 00) | 1892 (1892 00 00 - 0000 00 00) | 20 Aug 1892 (1892 Aug 20 - 0000 00 00) | 23 Aug 1892 | 30 Aug 1899 | 25 Aug 1892 (1892 Aug 25 - 0000 00 00) | 20 Aug 1892","Multiple conflicting dates found for spatial-vessel key"
"54877","Specimen/Lot","",9,"Brevoortia tyrannus","Brevoortia tyrannus","Brevoortia tyrannus","","Brevoortia tyrannus : Clupeidae : Clupeiformes : Actinopterygii : Chordata","","","Clupeiformes","Clupeidae","","","","North Atlantic Ocean","","","","","","United States","Massachusetts","","Acushnet River, New Bedford",41.6551,-70.9169,"United States Bureau of Fisheries","","","Fish Hawk","","","","","","","","","",45430,"","","",NA,"",NA,"",NA,"4/7/16 16:50","http://n2t.net/ark:/65665/3ca6faa97-8aa1-4718-a21f-c52d14c47dbf",NA,"No matching spatial-vessel reference record found"
"38666","Specimen/Lot","",9,"Haemulon sciurus","Haemulon sciurus","Haemulon sciurus","","Haemulon sciurus : Haemulidae : Perciformes : Actinopterygii : Chordata","","","Perciformes","Haemulidae","","","","North Atlantic Ocean","Caribbean Sea","","","","","","","","West Indies.",17.9064144549763,-67.7093952606635,"","","","Albatross","","","","","","","","","Ledger states 11 specimens but only nine found in jar Jan 2010.",NA,"","","",NA,"",NA,"",NA,"8/25/14 18:59","http://n2t.net/ark:/65665/38be7252d-4e5a-44f3-8212-2bc0c02c1b7f",NA,"No matching spatial-vessel reference record found"
"90073","Specimen/Lot","",8,"Alosa pseudoharengus","Alosa pseudoharengus","Alosa pseudoharengus","","Alosa pseudoharengus : Clupeidae : Clupeiformes : Actinopterygii : Chordata","","","Clupeiformes","Clupeidae","","","","North Atlantic Ocean","","","","","","United States","Maryland","Dorchester County","Hoopers Island",38.2791,-76.1957,"","","","Fish Hawk","","8052","","","38","","","","",110854,"","","",NA,"",NA,"",NA,"8/20/14 16:44","http://n2t.net/ark:/65665/30e4b416f-329b-42f4-b17d-2312a3fed585",NA,"No matching spatial-vessel reference record found"
"90105","Specimen/Lot","",8,"Alosa pseudoharengus","Alosa pseudoharengus","Alosa pseudoharengus","","Alosa pseudoharengus : Clupeidae : Clupeiformes : Actinopterygii : Chordata","","","Clupeiformes","Clupeidae","","","","North Atlantic Ocean","","","","","","United States","Virginia","","Smith Point Light, Chesapeake Bay",37.8902,-76.2351,"","","","Fish Hawk","","8057","","","51","","","","",110854,"","","",NA,"",NA,"",NA,"10/6/23 17:23","http://n2t.net/ark:/65665/3045ced8e-81bb-45bd-a5a2-20e45131675e",NA,"No matching spatial-vessel reference record found"
"73140","Specimen/Lot","",8,"Galeus arae","Galeus arae","Galeus arae","","Galeus arae : Scyliorhinidae : Carcharhiniformes : Chondrichthyes : Chordata","","","Carcharhiniformes","Scyliorhinidae","","","","","","","","","","United States","Florida","","Gulf Stream, off central Florida",26.8489347048301,-82.4323873881932,"","","","Fish Hawk","","7518","","","285","","","","",53826,"","","",NA,"",NA,"",NA,"8/20/14 16:41","http://n2t.net/ark:/65665/364f40b32-5012-439e-bcf0-004e1883d4a6","2 May 1915 (May 2, 1915, 19:00-20:00pm) | 1 Jan 1913 (January 1, 1913) | 18 Dec 1902 (1902 Dec 18) | 19-Feb-03 | 1901 (1901 00 00 - 0000 00 00) | 25-Mar-03 | 1889 | 24-Feb-02 | 21 Mar 1889 (March 21 1889) | 13 Feb 1902 (1902 Feb 13) | 30 Mar 1903 (March 30, 1903. 10:45 a.m.) | 9-Jan-03 | 15 Jan 1902 (1902 Jan 15 - 0000 00 00) | 24 Jan 1902 (1902 Jan 24 - 0000 00 00) | 22-Jan-03","Multiple conflicting dates found for spatial-vessel key"
"38660","Specimen/Lot","",8,"Diapterus rhombeus","Diapterus rhombeus","Diapterus rhombeus","Gerres rhombeus","Diapterus rhombeus : Gerreidae : Perciformes : Actinopterygii : Chordata","","","Perciformes","Gerreidae","","","","North Atlantic Ocean","Caribbean Sea","","","","","","","","West Indies.",17.9064144549763,-67.7093952606635,"United States Fish Commission","","","Albatross","","","","","","","","","Found in multi-lot jar. Specimens were separated into one single lot jar. Only eight of the original eleven specimens were found inside the jar. The Ledger book does not note as to where the other specimens can be found. Station number unknown. The Ledger book listed a locality of the West Indies. No collection date was recorded.",NA,"","","",NA,"",NA,"",NA,"10/18/16 18:54","http://n2t.net/ark:/65665/3b4a7b604-8275-4d65-bdd0-202fbf80871d",NA,"No matching spatial-vessel reference record found"
"90060","Specimen/Lot","",7,"Alosa pseudoharengus","Alosa pseudoharengus","Alosa pseudoharengus","","Alosa pseudoharengus : Clupeidae : Clupeiformes : Actinopterygii : Chordata","","","Clupeiformes","Clupeidae","","","","North Atlantic Ocean","","","","","","United States","Maryland","Dorchester County","Off Hoopers Island",38.2791,-76.1957,"","","","Fish Hawk","","8083","","","37","","","","",110854,"","","",NA,"",NA,"",NA,"8/20/14 16:44","http://n2t.net/ark:/65665/31bfb030f-20e8-45af-945e-bf3ab05c4807",NA,"No matching spatial-vessel reference record found"
"90016","Specimen/Lot","",7,"Brevoortia tyrannus","Brevoortia tyrannus","Brevoortia tyrannus","","Brevoortia tyrannus : Clupeidae : Clupeiformes : Actinopterygii : Chordata","","","Clupeiformes","Clupeidae","","","","North Atlantic Ocean","","","","Solomons Island","","United States","Maryland","Calvert County","Point No Point Light, Solomons Island",38.128,-76.29,"","","","Fish Hawk","","8054","","","37.5","","","","",110854,"","","",NA,"",NA,"",NA,"8/20/14 16:44","http://n2t.net/ark:/65665/3f4f1c5ff-ca61-456d-8a45-588726644b42",NA,"No matching spatial-vessel reference record found"
"54884","Specimen/Lot","",7,"Brevoortia tyrannus","Brevoortia tyrannus","Brevoortia tyrannus","","Brevoortia tyrannus : Clupeidae : Clupeiformes : Actinopterygii : Chordata","","","Clupeiformes","Clupeidae","","","","North Atlantic Ocean","","","","","","United States","Virginia","","Cedar Point, Virginia",37.2089665876777,-75.0037312796209,"","","","Fish Hawk","","","","","","","","","",45430,"","","",NA,"",NA,"",NA,"4/7/16 16:50","http://n2t.net/ark:/65665/38fa2f5b1-04fc-48ee-8672-f2f6af379207","19 Mar 1894 | 24 Mar 1894 | 1894 | 21 Apr 1893 | 24 Sep 1922 to 28 Sep 1922 | 1893 | 8 Jul 1920 (1920 Jul 08 - 0000 00 00) | 31 Mar 1894 | 6-Mar-16 | 15-Jan-14 | 16 Mar 1894 | 4 Dec 1920 (1920 Dec 04 - 0000 00 00; 14:04 - 15:24) | 28 Mar 1894 | 23 Mar 1893 | 17-May-21 | 2 Apr 1894 (April 2 1894) | 23 Jan 1921 (1921 Jan 23 - 0000 00 00; 10:10 - 10:45)","Multiple conflicting dates found for spatial-vessel key"
"26125","Specimen/Lot","",7,"Leucoraja garmani","Leucoraja garmani","Leucoraja garmani","Raja garmani","Leucoraja garmani : Rajidae : Rajiformes : Chondrichthyes : Chordata","","","Rajiformes","Rajidae","","","","","","","","","","","","","Block Island, off Martha's Vineyard",39.95,-70.95,"","","","Fish Hawk","","874","","","155","","","","",0,"","","",NA,"",NA,"",NA,"8/20/14 16:30","http://n2t.net/ark:/65665/3570b0852-b2c8-431a-9adf-6293558a6755",NA,"No matching spatial-vessel reference record found"
"120624","Specimen/Lot","",7,"Myoxocephalus octodecemspinosus","Myoxocephalus octodecemspinosus","Myoxocephalus octodecemspinosus","","Myoxocephalus octodecemspinosus : Cottidae : Scorpaeniformes : Actinopterygii : Chordata","","","Scorpaeniformes","Cottidae","","","","North Atlantic Ocean","","","","","","United States","Massachusetts","","Cape Cod Bay off Race Point, Massachusetts",41.9067,-70.3508,"Smith, H. M.; Bean; Edwards, V. N.","","","Fish Hawk","","","","","","","Unknown:Tank 01","","",0,"","","",NA,"",NA,"",NA,"3/28/18 14:03","http://n2t.net/ark:/65665/363079357-7024-4f21-aba2-b8bcc0ca5e1e",NA,"No matching spatial-vessel reference record found"
"90059","Specimen/Lot","",6,"Alosa pseudoharengus","Alosa pseudoharengus","Alosa pseudoharengus","","Alosa pseudoharengus : Clupeidae : Clupeiformes : Actinopterygii : Chordata","","","Clupeiformes","Clupeidae","","","","North Atlantic Ocean","","","","","","United States","Maryland","Dorchester County","Off Hoopers Island",38.2791,-76.1957,"","","","Fish Hawk","","8082","","","39.3","","","","",110854,"","","",NA,"",NA,"",NA,"8/20/14 16:44","http://n2t.net/ark:/65665/378a39024-4534-4752-b5eb-2456b81e0cb9",NA,"No matching spatial-vessel reference record found"
"105867","Specimen/Lot","",6,"Decapterus punctatus","Decapterus punctatus","Decapterus punctatus","","Decapterus punctatus : Carangidae : Perciformes : Actinopterygii : Chordata","","","Perciformes","Carangidae","","","","North Atlantic Ocean","","","","","","United States","Florida","","Florida",27.8496875,-83.1265625,"","","","Fish Hawk","","8","United States Bureau of Fisheries (USBF)","","0","","","","Non Larval",144119,"","","",NA,"",NA,"",NA,"8/25/14 16:02","http://n2t.net/ark:/65665/3645653e7-f915-4021-a686-bb3d5c88646c","11 Jan 1913 (1913 Jan 11 - 0000 00 00) | 20 Dec 1912 (1912 Dec 20 - 0000 00 00) | 1913 (1913 00 00 - 0000 00 00)","Multiple conflicting dates found for spatial-vessel key"
"38514","Specimen/Lot","",6,"Bryx dunckeri","Bryx dunckeri","Bryx dunckeri","","Bryx dunckeri : Syngnathidae : Syngnathiformes : Actinopterygii : Chordata","","","Syngnathiformes","Syngnathidae","Syngnathinae","","","North Atlantic Ocean","","Bahamian Archipelago","Bahama Islands","New Providence Island","","Bahamas","","","New Providence",26.7301716666667,-77.3733416666667,"","","","Albatross","","","","","","","","","1 specimen removed and cataloged as USNM 120384.",NA,"","","",NA,"",NA,"",NA,"8/20/14 19:06","http://n2t.net/ark:/65665/304b875fb-18bd-43b7-a89d-1def8b0d01d7","16 Mar 1886 (1886 Mar 16 - 0000 00 00) | 5 Mar 1886 (1886 Mar 05 - 0000 00 00) | 23 Apr 1886 | 10 Mar 1886 (1886 Mar 10 - 0000 00 00) | 5 Mar 1886 | 27 Feb 1886 | 10 Apr 1886 (1886 Apr 10 - 0000 00 00) | 1886 (0000 00 00 - 0000 00 00) | 23 Mar 1886 (1886 Mar 23 - 0000 00 00) | Mar 1886 | 12 Apr 1886 (1886 Apr 12 - 0000 00 00) | 1886 | 23 Mar 1886 | 1886 (1886 00 00 - 0000 00 00)","Multiple conflicting dates found for spatial-vessel key"
"90110","Specimen/Lot","",5,"Alosa pseudoharengus","Alosa pseudoharengus","Alosa pseudoharengus","","Alosa pseudoharengus : Clupeidae : Clupeiformes : Actinopterygii : Chordata","","","Clupeiformes","Clupeidae","","","","North Atlantic Ocean","","","","","","United States","Maryland","","2 3/4 mi N.W. Sharps Id. Light",38.6678,-76.4217,"","","","Fish Hawk","","8493","","","37","","","","",110854,"","","",NA,"",NA,"",NA,"8/20/14 16:44","http://n2t.net/ark:/65665/352eb687f-c9c7-426e-9552-b99c3adde1ce",NA,"No matching spatial-vessel reference record found"
"90014","Specimen/Lot","",5,"Brevoortia tyrannus","Brevoortia tyrannus","Brevoortia tyrannus","","Brevoortia tyrannus : Clupeidae : Clupeiformes : Actinopterygii : Chordata","","","Clupeiformes","Clupeidae","","","","North Atlantic Ocean","","","","","","United States","Maryland","","Sandy Point Light southwest by south 1/2 south, Baltimore Light northwest 3/4 north, Chesapeake Bay",38.437681097561,-75.9834317073171,"","","","Fish Hawk","","8926","","","12.81","","","","",110854,"","","",NA,"",NA,"",NA,"8/20/14 16:44","http://n2t.net/ark:/65665/391940918-ca73-4b55-bc6e-ec0d1bf0e6ff","19-Mar-14 | 23-Mar-14 | 28-Mar-21 | 23 Mar 1914 (0000 00 00 - 0000 00 00) | 26-Jan-16 | 26-Jan-21 | 19-Feb-14 | 26 Jan 1921 (0000 00 00 - 0000 00 00) | 27 Jan 1921 (1921 Jan 27 - 0000 00 00) | 21 Mar 1914 (1914 Mar 21 - 0000 00 00; 15:40 - 15:51) | 29-Mar-21 | 8 Dec 1920 (1920 Dec 08 - 0000 00 00; 12:03 - 12:24) | 8 Dec 1920 (0000 00 00 - 0000 00 00) | 26 Jan 1921 (1921 Jan 26 - 0000 00 00) | 30-Mar-21 | 6 Dec 1920 (1920 Dec 06 - 0000 00 00) | 22-Mar-14 | 4 Jul 1920 (1920 Jul 04 - 0000 00 00; 16:00 - 16:47) | 4 Jul 1920 (1920 Jul 04 - 0000 00 00; 18:20 - 18:56) | 22-Feb-14 | 22 Feb 1914 (0000 00 00 - 0000 00 00) | 1916 (1916 00 00 - 0000 00 00) | 3-Mar-14 | 27 Jan 1921 (0000 00 00 - 0000 00 00) | 21 Mar 1914 (1914 Mar 21 - 0000 00 00; 14:25 - 14:47) | 17-Oct-20 | 21-Jan-16 | 24 Apr 1916 (1916 Apr 24 - 0000 00 00)","Multiple conflicting dates found for spatial-vessel key"
"77504","Specimen/Lot","",5,"Evermannichthys metzelaari","Evermannichthys spongicola","Evermannichthys spongicola","","Evermannichthys spongicola : Gobiidae : Perciformes : Actinopterygii : Chordata","","","Perciformes","Gobiidae","Gobiinae","","","North Atlantic Ocean","Gulf of Mexico","","","","","United States","Florida","Pinellas County","Tarpon Springs, Florida",28.1455,-82.7628,"","","","Fish Hawk","","20","","","","","","","17-27 mm sl.",0,"","","",NA,"",NA,"",NA,"8/26/14 19:25","http://n2t.net/ark:/65665/3d42d421d-f017-4b76-8cae-f3c85954069e",NA,"No matching spatial-vessel reference record found"
"54924","Specimen/Lot","",5,"Merluccius bilinearis","Merluccius bilinearis","Merluccius bilinearis","","Merluccius bilinearis : Merlucciidae : Gadiformes : Actinopterygii : Chordata","","","Gadiformes","Merlucciidae","Merlucciinae","","","North Atlantic Ocean","","","","","","United States","Massachusetts","","Vineyard Sound",41.4703,-70.7024,"","","","Fish Hawk","","1692","","","","","","","",45409,"","","",NA,"",NA,"",NA,"11/20/17 19:23","http://n2t.net/ark:/65665/3337091a1-ab90-4426-9fdc-c78ba472d115","23 Aug 1892 (1892 00 00 - 0000 00 00) | 1892 (1892 00 00 - 0000 00 00) | 20 Aug 1892 (1892 Aug 20 - 0000 00 00) | 23 Aug 1892 | 30 Aug 1899 | 25 Aug 1892 (1892 Aug 25 - 0000 00 00) | 20 Aug 1892","Multiple conflicting dates found for spatial-vessel key"
"33361","Specimen/Lot","",5,"Pseudopleuronectes americanus","Pseudopleuronectes americanus","Pseudopleuronectes americanus","","Pseudopleuronectes americanus : Pleuronectidae : Pleuronectiformes : Actinopterygii : Chordata","","","Pleuronectiformes","Pleuronectidae","Pleuronectinae","","","","","","","","","","","","",40.433,-70.617,"","","","Fish Hawk","","1159; 1164","","","101","","Unknown:Tank 01","","",0,"","","",NA,"",NA,"",NA,"8/19/14 15:30","http://n2t.net/ark:/65665/3959f9c84-8af8-476f-83c3-558d6a00f6b5",NA,"No matching spatial-vessel reference record found"
"126148","Specimen/Lot","",5,"Salvelinus malma","Salvelinus malma","Salvelinus malma x fontinalis","","Salvelinus malma x fontinalis : Salmonidae : Salmoniformes : Actinopterygii : Chordata","","","Salmoniformes","Salmonidae","Salmoninae","","","","","","","","North America","United States","California","Siskiyou County","California, Sissan",33.7213333333333,-120.148666666667,"","","","Fish Hawk","","","","","","","","","5",163614,"","","",NA,"",NA,"",NA,"8/20/14 16:49","http://n2t.net/ark:/65665/3d241a232-6035-4570-b6f4-c5e1643b268a",NA,"No matching spatial-vessel reference record found"
"54892","Specimen/Lot","",5,"Scophthalmus aquosus","Scophthalmus aquosus","Scophthalmus aquosus","Lophopsetta maculata","Scophthalmus aquosus : Scophthalmidae : Pleuronectiformes : Actinopterygii : Chordata","","","Pleuronectiformes","Scophthalmidae","","","","North Atlantic Ocean","","","","","","United States","Massachusetts","","Vineyard Sound",41.4703,-70.7024,"","","","Fish Hawk","","1761","","","","","","","",45430,"","","",NA,"",NA,"",NA,"10/21/20 16:04","http://n2t.net/ark:/65665/3c338829c-4ee9-458b-8622-488f3c50ba41","23 Aug 1892 (1892 00 00 - 0000 00 00) | 1892 (1892 00 00 - 0000 00 00) | 20 Aug 1892 (1892 Aug 20 - 0000 00 00) | 23 Aug 1892 | 30 Aug 1899 | 25 Aug 1892 (1892 Aug 25 - 0000 00 00) | 20 Aug 1892","Multiple conflicting dates found for spatial-vessel key"
"26745","Specimen/Lot","",5,"Scyliorhinus retifer","Scyliorhinus retifer","Scyliorhinus retifer","","Scyliorhinus retifer : Scyliorhinidae : Carcharhiniformes : Chondrichthyes : Chordata","","","Carcharhiniformes","Scyliorhinidae","","","","North Atlantic Ocean","","","","","","United States","","","Off Mouth Chesapeake B.",37.43,-74.32,"","","","Fish Hawk","","896","","","102","","Illustration::1; Illustration::1","","",0,"","","",NA,"",NA,"",NA,"8/20/14 16:30","http://n2t.net/ark:/65665/3959e4b1f-5f2b-4bbc-81ac-a99510ab1130",NA,"No matching spatial-vessel reference record found"
"35582","Specimen/Lot","",5,"Lycodes frigidus","Lycodes frigidus","Lycodes frigidus Collett","","Lycodes frigidus Collett : Zoarcidae : Perciformes : Actinopterygii : Chordata","","","Perciformes","Zoarcidae","","","","North Atlantic Ocean","","","","","","United States","New Jersey","","Off N. J.",39.58,-71.4083,"","","Other Number : 2206","Albatross","","","","","","","Dry Osteological Specimen::1","","Skeletons; some bones alson in same box with usnm 35569. no. 2206.",NA,"","","",NA,"",NA,"",NA,"9/14/18 17:44","http://n2t.net/ark:/65665/3c705b807-50e0-4fc7-927c-b2108d521152",NA,"No matching spatial-vessel reference record found"
"90090","Specimen/Lot","",4,"Alosa pseudoharengus","Alosa pseudoharengus","Alosa pseudoharengus","","Alosa pseudoharengus : Clupeidae : Clupeiformes : Actinopterygii : Chordata","","","Clupeiformes","Clupeidae","","","","North Atlantic Ocean","","","","","","","","","Mathias Point",33.7155431873432,-74.4674725885909,"","","","Fish Hawk","","8067","","","37","","","","",110854,"","","",NA,"",NA,"",NA,"8/20/14 16:44","http://n2t.net/ark:/65665/34fb3f882-1f0e-4d08-adba-1b3bf2da3bde","9 Sep 1892 (1892 Sep 09 - 0000 00 00; 15:00) | Sep 1892 (1892 Sep 00 - 0000 00 00) | 9 Sep 1892 (1892 Sep 09 - 0000 00 00; 14:05) | 17 Apr 1881 (1881 Apr 17 - 0000 00 00) | 23 Feb 1914 (1914 Feb 23 - 0000 00 00) | 28 Jul 1915 (1915 Jul 28 - 0000 00 00) | 18 Aug 1882 (1882 Aug 18 - 0000 00 00)","Multiple conflicting dates found for spatial-vessel key"
"90000","Specimen/Lot","",4,"Brevoortia tyrannus","Brevoortia tyrannus","Brevoortia tyrannus","","Brevoortia tyrannus : Clupeidae : Clupeiformes : Actinopterygii : Chordata","","","Clupeiformes","Clupeidae","","","","North Atlantic Ocean","","","","","","United States","Maryland","","Bloody Point",38.7817,-76.42,"","","","Fish Hawk","","8040","","","32","","","","",110854,"","","",NA,"",NA,"",NA,"8/20/14 16:44","http://n2t.net/ark:/65665/33a765966-f0f9-4b6a-a9a8-7f0373e5e38e",NA,"No matching spatial-vessel reference record found"
"90008","Specimen/Lot","",4,"Brevoortia tyrannus","Brevoortia tyrannus","Brevoortia tyrannus","","Brevoortia tyrannus : Clupeidae : Clupeiformes : Actinopterygii : Chordata","","","Clupeiformes","Clupeidae","","","","North Atlantic Ocean","","","","","","United States","Maryland","","James Point, NE X N 1/4 N, Cove Point Light, S 1/2 W, Chesapeake Bay",38.4617,-76.3833,"","","","Fish Hawk","","8043","","","35","","","","",110854,"","","",NA,"",NA,"",NA,"8/20/14 16:44","http://n2t.net/ark:/65665/3baa36f0e-5e1e-4e5b-a841-6c26e10b5186",NA,"No matching spatial-vessel reference record found"
"90019","Specimen/Lot","",4,"Brevoortia tyrannus","Brevoortia tyrannus","Brevoortia tyrannus","","Brevoortia tyrannus : Clupeidae : Clupeiformes : Actinopterygii : Chordata","","","Clupeiformes","Clupeidae","","","","North Atlantic Ocean","","","","","","United States","Maryland","","Gate to Patuxent River",38.437681097561,-75.9834317073171,"","","","Fish Hawk","","8049","","","46","","","","",110854,"","","",NA,"",NA,"",NA,"8/20/14 16:44","http://n2t.net/ark:/65665/306762e4c-55f7-41b8-a30f-3e5e2a89b826","19-Mar-14 | 23-Mar-14 | 28-Mar-21 | 23 Mar 1914 (0000 00 00 - 0000 00 00) | 26-Jan-16 | 26-Jan-21 | 19-Feb-14 | 26 Jan 1921 (0000 00 00 - 0000 00 00) | 27 Jan 1921 (1921 Jan 27 - 0000 00 00) | 21 Mar 1914 (1914 Mar 21 - 0000 00 00; 15:40 - 15:51) | 29-Mar-21 | 8 Dec 1920 (1920 Dec 08 - 0000 00 00; 12:03 - 12:24) | 8 Dec 1920 (0000 00 00 - 0000 00 00) | 26 Jan 1921 (1921 Jan 26 - 0000 00 00) | 30-Mar-21 | 6 Dec 1920 (1920 Dec 06 - 0000 00 00) | 22-Mar-14 | 4 Jul 1920 (1920 Jul 04 - 0000 00 00; 16:00 - 16:47) | 4 Jul 1920 (1920 Jul 04 - 0000 00 00; 18:20 - 18:56) | 22-Feb-14 | 22 Feb 1914 (0000 00 00 - 0000 00 00) | 1916 (1916 00 00 - 0000 00 00) | 3-Mar-14 | 27 Jan 1921 (0000 00 00 - 0000 00 00) | 21 Mar 1914 (1914 Mar 21 - 0000 00 00; 14:25 - 14:47) | 17-Oct-20 | 21-Jan-16 | 24 Apr 1916 (1916 Apr 24 - 0000 00 00)","Multiple conflicting dates found for spatial-vessel key"
"43580","Specimen/Lot","",4,"Hypanus say","Dasyatis say","Dasyatis say","","Dasyatis say : Dasyatidae : Myliobatiformes : Chondrichthyes : Chordata","","","Myliobatiformes","Dasyatidae","","","","","","","","","","United States","Florida","","Florida",27.8496875,-83.1265625,"","","","Fish Hawk","","","","","","","","","",0,"","","",NA,"",NA,"",NA,"8/20/14 16:33","http://n2t.net/ark:/65665/353ed3414-f5b5-4746-aacd-a2daccdedf00","11 Jan 1913 (1913 Jan 11 - 0000 00 00) | 20 Dec 1912 (1912 Dec 20 - 0000 00 00) | 1913 (1913 00 00 - 0000 00 00)","Multiple conflicting dates found for spatial-vessel key"
"38461","Specimen/Lot","",4,"Atherina harringtonensis","Hypoatherina harringtonensis","Hypoatherina harringtonensis","","Hypoatherina harringtonensis : Atherinidae : Atheriniformes : Actinopterygii : Chordata","","","Atheriniformes","Atherinidae","Atherininae","","","North Atlantic Ocean","","Bahamian Archipelago","Bahama Islands","San Salvador Island","","Bahamas","","","Watling's Island, W side, Riding Rocks",26.7301716666667,-77.3733416666667,"","","","Albatross","","","","","","","","","Locality info. slightly illegible",0,"","","",NA,"",NA,"",NA,"8/25/14 15:42","http://n2t.net/ark:/65665/309c2238b-b454-4a95-98a1-2ab9620bc2bb","16 Mar 1886 (1886 Mar 16 - 0000 00 00) | 5 Mar 1886 (1886 Mar 05 - 0000 00 00) | 23 Apr 1886 | 10 Mar 1886 (1886 Mar 10 - 0000 00 00) | 5 Mar 1886 | 27 Feb 1886 | 10 Apr 1886 (1886 Apr 10 - 0000 00 00) | 1886 (0000 00 00 - 0000 00 00) | 23 Mar 1886 (1886 Mar 23 - 0000 00 00) | Mar 1886 | 12 Apr 1886 (1886 Apr 12 - 0000 00 00) | 1886 | 23 Mar 1886 | 1886 (1886 00 00 - 0000 00 00)","Multiple conflicting dates found for spatial-vessel key"
"90089","Specimen/Lot","",3,"Alosa pseudoharengus","Alosa pseudoharengus","Alosa pseudoharengus","","Alosa pseudoharengus : Clupeidae : Clupeiformes : Actinopterygii : Chordata","","","Clupeiformes","Clupeidae","","","","North Atlantic Ocean","","","","","","United States","Virginia","","8 miles south southwest Thimble Lighthouse",37.0097,-76.2544,"","","","Fish Hawk","","8403","","","27","","","","",110854,"","","",NA,"",NA,"",NA,"8/20/14 16:44","http://n2t.net/ark:/65665/32c9e2c33-37fd-4de1-9346-25ff35b62615",NA,"No matching spatial-vessel reference record found"
"90106","Specimen/Lot","",3,"Alosa pseudoharengus","Alosa pseudoharengus","Alosa pseudoharengus","","Alosa pseudoharengus : Clupeidae : Clupeiformes : Actinopterygii : Chordata","","","Clupeiformes","Clupeidae","","","","North Atlantic Ocean","","","","","","United States","Maryland","","Above Hoopers Island",38.3639,-76.2644,"","","","Fish Hawk","","8120","","","46","","","","",110854,"","","",NA,"",NA,"",NA,"8/20/14 16:44","http://n2t.net/ark:/65665/3554bfb67-5852-4930-bd0a-73f127722c2b",NA,"No matching spatial-vessel reference record found"
"90017","Specimen/Lot","",3,"Brevoortia tyrannus","Brevoortia tyrannus","Brevoortia tyrannus","","Brevoortia tyrannus : Clupeidae : Clupeiformes : Actinopterygii : Chordata","","","Clupeiformes","Clupeidae","","","","North Atlantic Ocean","","","","","","United States","Maryland","Dorchester County","Above Hoopers Island",38.3639,-76.2644,"","","","Fish Hawk","","8120","","","42","","","","",110854,"","","",NA,"",NA,"",NA,"8/20/14 16:44","http://n2t.net/ark:/65665/3cbd11c48-5e95-4c07-b6c7-686a3e08006c",NA,"No matching spatial-vessel reference record found"
"90040","Specimen/Lot","",3,"Brevoortia tyrannus","Brevoortia tyrannus","Brevoortia tyrannus","","Brevoortia tyrannus : Clupeidae : Clupeiformes : Actinopterygii : Chordata","","","Clupeiformes","Clupeidae","","","","North Atlantic Ocean","","","","","","United States","Maryland","","Hooper Island Lt. East; Spar #16a NE 3/4 N. Chesapeake Bay",38.437681097561,-75.9834317073171,"","","","Fish Hawk","","8052","","","38","","","","",110854,"","","",NA,"",NA,"",NA,"8/20/14 16:44","http://n2t.net/ark:/65665/3a6fc2f8d-1a06-4aae-a330-32bef46b3792","19-Mar-14 | 23-Mar-14 | 28-Mar-21 | 23 Mar 1914 (0000 00 00 - 0000 00 00) | 26-Jan-16 | 26-Jan-21 | 19-Feb-14 | 26 Jan 1921 (0000 00 00 - 0000 00 00) | 27 Jan 1921 (1921 Jan 27 - 0000 00 00) | 21 Mar 1914 (1914 Mar 21 - 0000 00 00; 15:40 - 15:51) | 29-Mar-21 | 8 Dec 1920 (1920 Dec 08 - 0000 00 00; 12:03 - 12:24) | 8 Dec 1920 (0000 00 00 - 0000 00 00) | 26 Jan 1921 (1921 Jan 26 - 0000 00 00) | 30-Mar-21 | 6 Dec 1920 (1920 Dec 06 - 0000 00 00) | 22-Mar-14 | 4 Jul 1920 (1920 Jul 04 - 0000 00 00; 16:00 - 16:47) | 4 Jul 1920 (1920 Jul 04 - 0000 00 00; 18:20 - 18:56) | 22-Feb-14 | 22 Feb 1914 (0000 00 00 - 0000 00 00) | 1916 (1916 00 00 - 0000 00 00) | 3-Mar-14 | 27 Jan 1921 (0000 00 00 - 0000 00 00) | 21 Mar 1914 (1914 Mar 21 - 0000 00 00; 14:25 - 14:47) | 17-Oct-20 | 21-Jan-16 | 24 Apr 1916 (1916 Apr 24 - 0000 00 00)","Multiple conflicting dates found for spatial-vessel key"
"57815","Specimen/Lot","",3,"Hypanus say","Dasyatis say","Dasyatis say","","Dasyatis say : Dasyatidae : Myliobatiformes : Chondrichthyes : Chordata","","","Myliobatiformes","Dasyatidae","","","","North Atlantic Ocean","","","","","","United States","North Carolina","Carteret County","Cape Lookout, North Carolina",34.5983,-76.5411,"","","","Fish Hawk","","","","","","","","","",0,"","","",NA,"",NA,"",NA,"8/20/14 16:35","http://n2t.net/ark:/65665/340435fa7-6eeb-469b-908f-4a3faf5dc37e","3 Sep 1914 (1914 Sep 03 - 0000 00 00) | 2 Sep 1914 (1914 Sep 02 - 0000 00 00) | 1891 | 2-Sep-14 | 1 Sep 1914 (1914 Sep 01 - 0000 00 00) | 2 Sep 1914 (1914 Sep 02 - 0000 00 00; 13:30 - 15:30) | 1 Sep 1914 (1914 Sep 01 - 0000 00 00; 22:30 - 23:30) | 1 Sep 1914 (1914 Sep 01 - 0000 00 00; 21:00 - 22:15)","Multiple conflicting dates found for spatial-vessel key"
"89935","Specimen/Lot","",3,"Leucoraja garmani","Leucoraja garmani","Leucoraja garmani","Raja garmani","Leucoraja garmani : Rajidae : Rajiformes : Chondrichthyes : Chordata","","","Rajiformes","Rajidae","","","","North Atlantic Ocean","","","","","","United States","North Carolina","","",34.375,-75.8333,"","","","Fish Hawk","","8244; 8245","","","183","","","","",111567,"","","",NA,"",NA,"",NA,"8/20/14 16:44","http://n2t.net/ark:/65665/3207ac6c3-d7a5-466f-98a9-d2c6ddf49b7e",NA,"No matching spatial-vessel reference record found"
"28711","Specimen/Lot","",3,"Paralichthys oblongus","Pseudorhombus oblongus","Pseudorhombus oblongus","","Pseudorhombus oblongus : Paralichthyidae : Pleuronectiformes : Actinopterygii : Chordata","","","Pleuronectiformes","Paralichthyidae","","","","","","","","","","","","","",40.0233,-70.7667,"","","","Fish Hawk","","923","","","179","","Unknown:Tank 02","","",0,"","","",NA,"",NA,"",NA,"8/19/14 15:39","http://n2t.net/ark:/65665/3f87c0969-5ce1-416f-a441-22ef010c51a2",NA,"No matching spatial-vessel reference record found"
"170857","Specimen/Lot","",3,"Scomberomorus maculatus","Scomberomorus maculatus","Scomberomorus maculatus","","Scomberomorus maculatus : Scombridae : Perciformes : Actinopterygii : Chordata","","","Perciformes","Scombridae","Scombrinae","","","North Atlantic Ocean","Gulf of Mexico","Florida Keys","","Grassy Key","","United States","Florida","Monroe County","Florida, Grassy Key Lake",24.8151406504065,-81.8371028455284,"","","","Fish Hawk","","7421; 7422","","","2.9","","Unknown:Tank 09","","",0,"","","",NA,"",NA,"",NA,"8/19/14 15:43","http://n2t.net/ark:/65665/3e3b222c8-d94c-4e3d-ac7d-3b3d0e1b3f60","22 Dec 1902 (1902 Dec 22) | 22 Jan 1903 (1903 Jan 22 - 0000 00 00) | 22-Jan-03 | 28 Jan 1903 (1903 Jan 28 - 0000 00 00) | 28 Jan 1903 (1903 Jan 28 - 0000 00 00; 10:20) | 29-Jan-03 | 29 Jan 1903 (1903 Jan 29 - 0000 00 00) | 18 Feb 1903 (1903 Feb 18 - 0000 00 00) | 7-Jan-03","Multiple conflicting dates found for spatial-vessel key"
"120385","Specimen/Lot","",3,"Anarchopterus tectus","Anarchopterus tectus","Anarchopterus tectus","","Anarchopterus tectus : Syngnathidae : Syngnathiformes : Actinopterygii : Chordata","","","Syngnathiformes","Syngnathidae","Syngnathinae","","","North Atlantic Ocean","","Bahamian Archipelago","Bahama Islands","","","Bahamas","","","",26.7301716666667,-77.3733416666667,"","","","Albatross","","","","","","","","","Out of 38514.",0,"","","",NA,"",NA,"",NA,"8/20/14 18:19","http://n2t.net/ark:/65665/3178458ce-0310-456e-82a7-0d86c9b8d254","16 Mar 1886 (1886 Mar 16 - 0000 00 00) | 5 Mar 1886 (1886 Mar 05 - 0000 00 00) | 23 Apr 1886 | 10 Mar 1886 (1886 Mar 10 - 0000 00 00) | 5 Mar 1886 | 27 Feb 1886 | 10 Apr 1886 (1886 Apr 10 - 0000 00 00) | 1886 (0000 00 00 - 0000 00 00) | 23 Mar 1886 (1886 Mar 23 - 0000 00 00) | Mar 1886 | 12 Apr 1886 (1886 Apr 12 - 0000 00 00) | 1886 | 23 Mar 1886 | 1886 (1886 00 00 - 0000 00 00)","Multiple conflicting dates found for spatial-vessel key"
"77397","Specimen/Lot","",3,"Catathyridium jenynsii","Catathyridium jenynsii","Catathyridium jenynsii","Achirus jenynsi","Catathyridium jenynsii : Achiridae : Pleuronectiformes : Actinopterygii : Chordata","","","Pleuronectiformes","Achiridae","","","","South Atlantic Ocean","","","","","","Argentina","","","Buenos Ayres",-40.4814944444444,-59.5203444444444,"","","","Albatross","","","","","","","","","",59889,"","","",NA,"",NA,"",NA,"6/24/19 18:40","http://n2t.net/ark:/65665/3c2a35775-ba6e-48d1-bdc5-46af0405f8fc","1887 (1887 00 00 - 0000 00 00) | 8 Feb 1888 (1888 Feb 08 - 0000 00 00)","Multiple conflicting dates found for spatial-vessel key"
"39475","Specimen/Lot","",3,"Gonichthys cocco","Gonichthys cocco","Gonichthys cocco","","Gonichthys cocco : Myctophidae : Myctophiformes : Actinopterygii : Chordata","","","Myctophiformes","Myctophidae","Myctophinae","","","North Atlantic Ocean","","","","","","United States","Maryland","","Northwest Atlantic",38.4167,-72.6667,"","","","Albatross","","","","","0","","","","Drawn",NA,"","","",NA,"",NA,"",NA,"10/18/16 18:37","http://n2t.net/ark:/65665/3c68033a8-6509-4aad-83d0-cd89f6a11a85",NA,"No matching spatial-vessel reference record found"
"38480","Specimen/Lot","",3,"Haemulon flavolineatum","Haemulon flavolineatum","Haemulon flavolineatum","","Haemulon flavolineatum : Haemulidae : Perciformes : Actinopterygii : Chordata","","","Perciformes","Haemulidae","","","","North Atlantic Ocean","","Bahamian Archipelago","Bahama Islands","New Providence Island","","Bahamas","","","Nassau Market",26.7301716666667,-77.3733416666667,"","","","Albatross","","","","","","","","","Ledger states 9 specimens, but only 3 in jar August 2009.",NA,"","","",NA,"",NA,"",NA,"8/25/14 18:58","http://n2t.net/ark:/65665/38a6a8e45-8fd0-4e3d-9aa6-bdf48747a93a","16 Mar 1886 (1886 Mar 16 - 0000 00 00) | 5 Mar 1886 (1886 Mar 05 - 0000 00 00) | 23 Apr 1886 | 10 Mar 1886 (1886 Mar 10 - 0000 00 00) | 5 Mar 1886 | 27 Feb 1886 | 10 Apr 1886 (1886 Apr 10 - 0000 00 00) | 1886 (0000 00 00 - 0000 00 00) | 23 Mar 1886 (1886 Mar 23 - 0000 00 00) | Mar 1886 | 12 Apr 1886 (1886 Apr 12 - 0000 00 00) | 1886 | 23 Mar 1886 | 1886 (1886 00 00 - 0000 00 00)","Multiple conflicting dates found for spatial-vessel key"
"163704","Specimen/Lot","",3,"Haemulon plumierii","Haemulon plumierii","Haemulon plumierii","","Haemulon plumierii : Haemulidae : Perciformes : Actinopterygii : Chordata","","","Perciformes","Haemulidae","","","","North Atlantic Ocean","","","","","","United States","North Carolina","","Off N.C. Coast",35.0482294736842,-75.7520103759398,"","","","Albatross III","","","","","","","","","",202139,"","","",NA,"",NA,"",NA,"8/25/14 18:58","http://n2t.net/ark:/65665/392d8d09a-8cf2-44fc-bbbb-cde944a51f40","Jan 1950 (1950 Jan 00 - 0000 00 00) | Jan 1950 to Feb 1950 (1950 Jan 00 - 1950 Feb 00) | May 1949 (1949 May 00 - 0000 00 00) | Jan 1950 to Feb 1950","Multiple conflicting dates found for spatial-vessel key"
"38462","Specimen/Lot","",3,"Atherina harringtonensis","Hypoatherina harringtonensis","Hypoatherina harringtonensis","","Hypoatherina harringtonensis : Atherinidae : Atheriniformes : Actinopterygii : Chordata","","","Atheriniformes","Atherinidae","Atherininae","","","North Atlantic Ocean","","Bahamian Archipelago","Bahama Islands","Rum Cay","","Bahamas","","","Rum Cay",26.7301716666667,-77.3733416666667,"","","","Albatross","","","","","","","","","",0,"","","",NA,"",NA,"",NA,"8/25/14 15:42","http://n2t.net/ark:/65665/3cb8456a3-b668-45c0-9757-919f0ea1fbc7","16 Mar 1886 (1886 Mar 16 - 0000 00 00) | 5 Mar 1886 (1886 Mar 05 - 0000 00 00) | 23 Apr 1886 | 10 Mar 1886 (1886 Mar 10 - 0000 00 00) | 5 Mar 1886 | 27 Feb 1886 | 10 Apr 1886 (1886 Apr 10 - 0000 00 00) | 1886 (0000 00 00 - 0000 00 00) | 23 Mar 1886 (1886 Mar 23 - 0000 00 00) | Mar 1886 | 12 Apr 1886 (1886 Apr 12 - 0000 00 00) | 1886 | 23 Mar 1886 | 1886 (1886 00 00 - 0000 00 00)","Multiple conflicting dates found for spatial-vessel key"
"54942","Specimen/Lot","",2,"Anchoa cayorum","Anchoa cayorum","Anchoa cayorum","","Anchoa cayorum : Engraulidae : Clupeiformes : Actinopterygii : Chordata","","","Clupeiformes","Engraulidae","","","","North Atlantic Ocean","Chesapeake Bay","","","","North America","United States","Virginia","","East River, Mobjack Bay, Virginia",37.4102,-76.3453,"","","","Fish Hawk","","","United States Fish Commission (USFC)","","","","","","Some of the catalog numbers in this series of entries from the same ledger page were actually collected by the Grampus and not the Fish Hawk.",45430,"","","",NA,"",NA,"",NA,"4/7/16 16:53","http://n2t.net/ark:/65665/30174935c-1dc0-4f06-a07d-584ae97c6fac",NA,"No matching spatial-vessel reference record found"
"54822","Specimen/Lot","",2,"Anchoa mitchilli","Anchoa mitchilli","Anchoa mitchilli","","Anchoa mitchilli : Engraulidae : Clupeiformes : Actinopterygii : Chordata","","","Clupeiformes","Engraulidae","","","","North Atlantic Ocean","","","","","North America","United States","Virginia","Northumberland County","Kings Creek, Cape Charles City, Virginia",37.2806125,-75.9913625,"","","","Fish Hawk","","","","","","","","","",45430,"","","",NA,"",NA,"",NA,"11/20/17 19:14","http://n2t.net/ark:/65665/3283478c2-6766-469d-8d9d-54716c1e0513",NA,"No matching spatial-vessel reference record found"
"54883","Specimen/Lot","",2,"Brevoortia tyrannus","Brevoortia tyrannus","Brevoortia tyrannus","","Brevoortia tyrannus : Clupeidae : Clupeiformes : Actinopterygii : Chordata","","","Clupeiformes","Clupeidae","","","","North Atlantic Ocean","","","","","","United States","","","Chesapeake Bay",37.8233333333333,-76.2619333333333,"","","","Fish Hawk","","","United States Bureau of Fisheries (USBF)","","","","","","",45430,"","","",NA,"",NA,"",NA,"4/7/16 16:50","http://n2t.net/ark:/65665/3c9b2595f-e854-4808-b5e3-b0ef1959a89d","9 Dec 1920 (1920 Dec 09 - 0000 00 00) | 1882 (1882 00 00 - 0000 00 00) | 21-Mar-14 | 26 Jan 1921 (1921 Jan 26 - 0000 00 00) | 7 Jul 1920 (1920 Jul 07 - 0000 00 00) | 28 Jul 1916 (1916 Jul 28 - 0000 00 00) | 23-Oct-15 | 4 Dec 1920 (1920 Dec 04 - 0000 00 00) | 27 Jan 1921 (1921 Jan 27 - 0000 00 00)","Multiple conflicting dates found for spatial-vessel key"
"73138","Specimen/Lot","",2,"Galeus arae","Galeus arae","Galeus arae","","Galeus arae : Scyliorhinidae : Carcharhiniformes : Chondrichthyes : Chordata","","","Carcharhiniformes","Scyliorhinidae","","","","","","","","","","United States","Florida","","Gulf Stream off central Florida",26.8489347048301,-82.4323873881932,"","","","Fish Hawk","","7515","","","293","","","","",53826,"","","",NA,"",NA,"",NA,"8/20/14 16:41","http://n2t.net/ark:/65665/3c9879007-8d0a-4abf-a57b-80f470ad841f","2 May 1915 (May 2, 1915, 19:00-20:00pm) | 1 Jan 1913 (January 1, 1913) | 18 Dec 1902 (1902 Dec 18) | 19-Feb-03 | 1901 (1901 00 00 - 0000 00 00) | 25-Mar-03 | 1889 | 24-Feb-02 | 21 Mar 1889 (March 21 1889) | 13 Feb 1902 (1902 Feb 13) | 30 Mar 1903 (March 30, 1903. 10:45 a.m.) | 9-Jan-03 | 15 Jan 1902 (1902 Jan 15 - 0000 00 00) | 24 Jan 1902 (1902 Jan 24 - 0000 00 00) | 22-Jan-03","Multiple conflicting dates found for spatial-vessel key"
"33358","Specimen/Lot","",2,"Glyptocephalus cynoglossus","Glyptocephalus cynoglossus","Glyptocephalus cynoglossus","","Glyptocephalus cynoglossus : Pleuronectidae : Pleuronectiformes : Actinopterygii : Chordata","","","Pleuronectiformes","Pleuronectidae","Pleuronectinae","","","","","","","","","","","","Off Nantucket",40.3,-70.55,"","","","Fish Hawk","","1158; 1159","","","113","","Unknown:Tank 03","","",0,"","","",NA,"",NA,"",NA,"8/19/14 15:37","http://n2t.net/ark:/65665/345fc304a-6034-49e5-a18c-611cfcfb67b8",NA,"No matching spatial-vessel reference record found"
"54917","Specimen/Lot","",2,"Leucoraja erinaceus","Leucoraja erinacea","Leucoraja erinacea","Raja erinacea","Leucoraja erinacea : Rajidae : Rajiformes : Chondrichthyes : Chordata","","","Rajiformes","Rajidae","","","","North Atlantic Ocean","","","","","","United States","Rhode Island","","Vineyard Sound",41.4703,-70.7024,"","","","Fish Hawk","","1687","","","31","","","","",45409,"","","",NA,"",NA,"",NA,"8/20/14 16:35","http://n2t.net/ark:/65665/36eda7f5f-6d41-4f7d-8bf8-e3db7d1915d6","23 Aug 1892 (1892 00 00 - 0000 00 00) | 1892 (1892 00 00 - 0000 00 00) | 20 Aug 1892 (1892 Aug 20 - 0000 00 00) | 23 Aug 1892 | 30 Aug 1899 | 25 Aug 1892 (1892 Aug 25 - 0000 00 00) | 20 Aug 1892","Multiple conflicting dates found for spatial-vessel key"
"120517","Specimen/Lot","",2,"Lutjanus analis","Lutjanus analis","Lutjanus analis","","Lutjanus analis : Lutjanidae : Perciformes : Actinopterygii : Chordata","","","Perciformes","Lutjanidae","Lutjnaninae","","","North Atlantic Ocean","Gulf of Mexico","Florida Keys","","Key West","","United States","Florida","Monroe County","Key West",24.5505,-81.7696,"United States Bureau of Fisheries","","","Fish Hawk","","","","","","","Unknown:Tank 01","","",0,"","","",NA,"",NA,"",NA,"8/19/14 15:33","http://n2t.net/ark:/65665/3ecd7def4-3cc0-4958-a936-a51c37998f1c","11 Feb 1903 (1903 Feb 11 - 0000 00 00) | 15-Jan-03 | 14-Jan-03 | 11 Jan 1903 to 15 Jan 1903","Multiple conflicting dates found for spatial-vessel key"
"170895","Specimen/Lot","",2,"Malacanthus plumieri","Malacanthus plumieri","Malacanthus plumieri","","Malacanthus plumieri : Malacanthidae : Perciformes : Actinopterygii : Chordata","","","Perciformes","Malacanthidae","","","","North Atlantic Ocean","","","","","","United States","Florida","Miami-Dade County","Florida, off Fowey Rocks",25.5906,-80.0967,"","","Tag No. : 4475; Tag No. : 4476","Fish Hawk","","","","","","","Unknown:Tank 01","","",0,"","","",NA,"",NA,"",NA,"8/9/23 18:32","http://n2t.net/ark:/65665/36d918ca9-f90e-49f2-93fb-ae49532d073b",NA,"No matching spatial-vessel reference record found"
"28803","Specimen/Lot","",2,"Malacoraja senta","Malacoraja senta","Malacoraja senta","","Malacoraja senta : Rajidae : Rajiformes : Chondrichthyes : Chordata","","","Rajiformes","Rajidae","","","","Atlantic Ocean","","","","","","United States","New York","","",39.8917,-71.23,"","","","Fish Hawk","","946","","","441","","","","",0,"","","",NA,"",NA,"",NA,"8/20/14 16:30","http://n2t.net/ark:/65665/3da180200-4a7d-4f64-a4a9-5d4e33330b22",NA,"No matching spatial-vessel reference record found"
"54915","Specimen/Lot","",2,"Scophthalmus aquosus","Scophthalmus aquosus","Scophthalmus aquosus","Lophopsetta maculata","Scophthalmus aquosus : Scophthalmidae : Pleuronectiformes : Actinopterygii : Chordata","","","Pleuronectiformes","Scophthalmidae","","","","North Atlantic Ocean","","","","","","United States","Massachusetts","","Vineyard Sound",41.4703,-70.7024,"","1687; 1692","","Fish Hawk","","","","","","","","","",45409,"","","",NA,"",NA,"",NA,"10/21/20 16:19","http://n2t.net/ark:/65665/3ca2128f2-3870-4fb3-9deb-8703dc4e32cd","23 Aug 1892 (1892 00 00 - 0000 00 00) | 1892 (1892 00 00 - 0000 00 00) | 20 Aug 1892 (1892 Aug 20 - 0000 00 00) | 23 Aug 1892 | 30 Aug 1899 | 25 Aug 1892 (1892 Aug 25 - 0000 00 00) | 20 Aug 1892","Multiple conflicting dates found for spatial-vessel key"
"54926","Specimen/Lot","",2,"Scophthalmus aquosus","Scophthalmus aquosus","Scophthalmus aquosus","Lophopsetta maculata","Scophthalmus aquosus : Scophthalmidae : Pleuronectiformes : Actinopterygii : Chordata","","","Pleuronectiformes","Scophthalmidae","","","","North Atlantic Ocean","","","","","","United States","Massachusetts","","Vineyard Sound",41.4703,-70.7024,"","1687; 1692","","Fish Hawk","","","","","","","","","",45430,"","","",NA,"",NA,"",NA,"10/21/20 17:21","http://n2t.net/ark:/65665/38247c315-76b3-4d7a-a729-8ca0c98dbb45","23 Aug 1892 (1892 00 00 - 0000 00 00) | 1892 (1892 00 00 - 0000 00 00) | 20 Aug 1892 (1892 Aug 20 - 0000 00 00) | 23 Aug 1892 | 30 Aug 1899 | 25 Aug 1892 (1892 Aug 25 - 0000 00 00) | 20 Aug 1892","Multiple conflicting dates found for spatial-vessel key"
"102101","Specimen/Lot","",2,"Anchovia clupeoides","Anchovia clupeoides","Anchovia clupeoides","","Anchovia clupeoides : Engraulidae : Clupeiformes : Actinopterygii : Chordata","","","Clupeiformes","Engraulidae","","","","Atlantic","Caribbean Sea","Greater Antilles","","Jamaica","","Jamaica","","","West Indies, Jamaica",17.6444666666667,-76.3921666666667,"","","","Albatross","","","","","","","","","Out of USNM 38573. Station number unknown. The Ledger book lists a locality of Jamaica, West Indies. No collection date was recorded in the Ledger book. Larger specimen measures 94 mm and the smaller specimen measures 75 mm.",NA,"","","",NA,"",NA,"",NA,"4/7/16 16:53","http://n2t.net/ark:/65665/33e51c04d-40e2-44fd-b5f0-838943d778e9","1 Mar 1884 to 11 Mar 1884 (1884 Mar 01 - 1884 Mar 11) | 1884 (1884 00 00 - 0000 00 00)","Multiple conflicting dates found for spatial-vessel key"
"38471","Specimen/Lot","",2,"Astrapogon puncticulatus","Astrapogon puncticulatus","Astrapogon puncticulatus","Phaeoptyx pigmentaria","Astrapogon puncticulatus : Apogonidae : Perciformes : Actinopterygii : Chordata","","","Perciformes","Apogonidae","Apogoninae","","","North Atlantic Ocean","","Bahamian Archipelago","Bahama Islands","New Providence Island","","Bahamas","","","Nassau",26.7301716666667,-77.3733416666667,"","","","Albatross","","","","","","","Radiograph::2","","1 specimen of Astrapogon stellatus recat. as 395803",NA,"","","",NA,"",NA,"",NA,"12/30/15 19:40","http://n2t.net/ark:/65665/3138e55e7-3d28-4643-b929-aef286ff4865","16 Mar 1886 (1886 Mar 16 - 0000 00 00) | 5 Mar 1886 (1886 Mar 05 - 0000 00 00) | 23 Apr 1886 | 10 Mar 1886 (1886 Mar 10 - 0000 00 00) | 5 Mar 1886 | 27 Feb 1886 | 10 Apr 1886 (1886 Apr 10 - 0000 00 00) | 1886 (0000 00 00 - 0000 00 00) | 23 Mar 1886 (1886 Mar 23 - 0000 00 00) | Mar 1886 | 12 Apr 1886 (1886 Apr 12 - 0000 00 00) | 1886 | 23 Mar 1886 | 1886 (1886 00 00 - 0000 00 00)","Multiple conflicting dates found for spatial-vessel key"
"45615","Specimen/Lot","",2,"Citharichthys arctifrons","Citharichthys arctifrons","Citharichthys arctifrons","","Citharichthys arctifrons : Paralichthyidae : Pleuronectiformes : Actinopterygii : Chordata","","","Pleuronectiformes","Paralichthyidae","","","","Atlantic Ocean","","","","","","","","","Atlantic.",39.5543714285714,-71.7667,"","","","Albatross","","","","","","","","","",0,"","","",NA,"",NA,"",NA,"8/20/14 18:36","http://n2t.net/ark:/65665/3b204ae17-6b7e-4ca8-930a-8b8cd20b372d","1883 to 1886 (1883 00 00 - 1886 00 00) | 25 Oct 1886 (1886 Oct 25 - 0000 00 00) | (0000 Aug 00 - 0000 00 00)","Multiple conflicting dates found for spatial-vessel key"
"38659","Specimen/Lot","",2,"Diapterus rhombeus","Diapterus rhombeus","Diapterus rhombeus","Gerres rhombeus","Diapterus rhombeus : Gerreidae : Perciformes : Actinopterygii : Chordata","","","Perciformes","Gerreidae","","","","North Atlantic Ocean","Caribbean Sea","","","","","","","","West Indies.",17.9064144549763,-67.7093952606635,"United States Fish Commission","","","Albatross","","","","","","","","","Found in multi-lot jar. Specimens were separated into one single lot jar. Only two of the original three specimens were found inside the jar. The Ledger book does not note as to where the other specimen can be found. Station number unknown. The Ledger book listed a locality of the West Indies. No collection date was recorded.",NA,"","","",NA,"",NA,"",NA,"10/18/16 18:54","http://n2t.net/ark:/65665/3025ed455-050f-4113-bf2e-3664eb91c58d",NA,"No matching spatial-vessel reference record found"
"38472","Specimen/Lot","",2,"Gymnothorax moringa","Gymnothorax moringa","Gymnothorax moringa","","Gymnothorax moringa : Muraenidae : Anguilliformes : Actinopterygii : Chordata","","","Anguilliformes","Muraenidae","Muraeninae","","","North Atlantic Ocean","","Bahamian Archipelago","Bahama Islands","New Providence Island","","Bahamas","","","Nassau",26.7301716666667,-77.3733416666667,"","","","Albatross","","","","","","","","","",0,"","","",NA,"",NA,"",NA,"8/25/14 15:31","http://n2t.net/ark:/65665/3fabae90b-971c-4bd7-8e4d-665fefec7c9b","16 Mar 1886 (1886 Mar 16 - 0000 00 00) | 5 Mar 1886 (1886 Mar 05 - 0000 00 00) | 23 Apr 1886 | 10 Mar 1886 (1886 Mar 10 - 0000 00 00) | 5 Mar 1886 | 27 Feb 1886 | 10 Apr 1886 (1886 Apr 10 - 0000 00 00) | 1886 (0000 00 00 - 0000 00 00) | 23 Mar 1886 (1886 Mar 23 - 0000 00 00) | Mar 1886 | 12 Apr 1886 (1886 Apr 12 - 0000 00 00) | 1886 | 23 Mar 1886 | 1886 (1886 00 00 - 0000 00 00)","Multiple conflicting dates found for spatial-vessel key"
"41336","Specimen/Lot","",2,"Halichoeres bivittatus","Halichoeres bivittatus","Halichoeres bivittatus","","Halichoeres bivittatus : Labridae : Perciformes : Actinopterygii : Chordata","","","Perciformes","Labridae","","","","North Atlantic Ocean","Caribbean Sea","Lesser Antilles","Windward Islands","Saint Lucia","","Saint Lucia","","","St. Lucia",13.5444,-62.9,"","","","Albatross","","","","","","","","","Tin Tag 71",NA,"","","",NA,"",NA,"",NA,"3/2/17 17:15","http://n2t.net/ark:/65665/35d37e731-8700-4d8c-8723-32e04ef42488","30 Nov 1887 (1887 Nov 30 - 0000 00 00) | 30 Nov 1887 | 1888 | 28 Jan 1884 | 3 Dec 1887 to 1888 (3 Dec 1887 - 1888) | Nov 1887 | 1887","Multiple conflicting dates found for spatial-vessel key"
"5802","Specimen/Lot","",2,"Hyporhamphus unifasciatus","Hyporhamphus unifasciatus","Hyporhamphus unifasciatus","","Hyporhamphus unifasciatus : Hemiramphidae : Beloniformes : Actinopterygii : Chordata","","","Beloniformes","Hemiramphidae","Hemiramphinae","","","North Atlantic Ocean","Caribbean Sea","Lesser Antilles","","Barbados","","Barbados","","","Barbados, W. Ind.",14.026471875,-62.50758125,"Gill, T. N.","","","Albatross","","","","","","","","","",0,"","","",NA,"",NA,"",NA,"8/25/14 15:21","http://n2t.net/ark:/65665/34cd38ed1-dc5f-4427-8056-08559862afaa","10 Feb 1884 to 18 Feb 1884 | 11 Feb 1884 (1884 Feb 11 - 0000 00 00)","Multiple conflicting dates found for spatial-vessel key"
"41290","Specimen/Lot","",2,"Labrisomus nuchipinnis","Labrisomus nuchipinnis","Labrisomus nuchipinnis","","Labrisomus nuchipinnis : Labrisomidae : Perciformes : Actinopterygii : Chordata","","","Perciformes","Labrisomidae","","","","North Atlantic Ocean","Caribbean Sea","","Windward Islands","Saint Lucia","","Saint Lucia","","","West Indies St. Lucia.",13.5444,-62.9,"","","","Albatross","","70","","","","","","","",0,"","","",NA,"",NA,"",NA,"8/26/14 19:00","http://n2t.net/ark:/65665/3a954fd10-5261-4567-8997-5ac19d91d0d5","30 Nov 1887 (1887 Nov 30 - 0000 00 00) | 30 Nov 1887 | 1888 | 28 Jan 1884 | 3 Dec 1887 to 1888 (3 Dec 1887 - 1888) | Nov 1887 | 1887","Multiple conflicting dates found for spatial-vessel key"
"104936","Specimen/Lot","",2,"Mustelus fasciatus","Mustelus fasciatus","Mustelus fasciatus","","Mustelus fasciatus : Triakidae : Carcharhiniformes : Chondrichthyes : Chordata","","","Carcharhiniformes","Triakidae","","","","South Atlantic Ocean","","","","","","Uruguay","Montevideo Department","","Uruguay: Montevideo",-27.5969848484848,-50.8172636363636,"","","","Albatross","","","","","","","","","",0,"","","",NA,"",NA,"",NA,"8/20/14 16:47","http://n2t.net/ark:/65665/321cca13c-812a-4956-8ab3-8cc8279e5818","4 Jan 1888 to 10 Jan 1888 (1888 Jan 04 - 1888 Jan 10) | 1887 to 1888 | 1888 (1888 00 00 - 0000 00 00) | 10 Jan 1888 (1888 Jan 10 - 0000 00 00)","Multiple conflicting dates found for spatial-vessel key"
"195928","Specimen/Lot","",2,"Diodon hystrix","Diodon hystrix","Diodon hystrix","","Diodon hystrix : Diodontidae : Tetraodontiformes : Actinopterygii : Chordata","","","Tetraodontiformes","Diodontidae","","","","North Pacific Ocean","","","","","","","","","Philippines or Okinawa.",47.09075,-138.1735,"Antberson, J. M.","8110-412-4090","","Grampus","","","","","","","Dry Osteological Specimen::2","","Dried specimen. Stored in Osteo Collection",220588,"","","",NA,"",NA,"",NA,"7/15/18 21:49","http://n2t.net/ark:/65665/3f878a823-d6e9-4282-ad96-57e448c7f6ec",NA,"No matching spatial-vessel reference record found"
"100443","Specimen/Lot","",2,"Gasterosteus aculeatus","Gasterosteus aculeatus","Gasterosteus aculeatus","","Gasterosteus aculeatus : Gasterosteidae : Gasterosteiformes : Actinopterygii : Chordata","","","Gasterosteiformes","Gasterosteidae","","","","","","","","","North America","United States","","","",33.7385240743113,-75.1433128607018,"","","###############################################################################################################################################################################################################################################################","Grampus","","","","","","","","","",134687,"","","",NA,"",NA,"",NA,"10/26/23 20:51","http://n2t.net/ark:/65665/3463f8443-8549-41fb-80db-3b03a49361ee","7 Jul 1892 (1892 Jul 07 - 0000 00 00) | May 1934 (1934 May 00 - 0000 00 00) | 7 Aug 1912 (1912 Aug 07 - 0000 00 00) | 7 May 1915 (1915 May 07 - 0000 00 00) | 9 May 1888 (1888 May 09 - 0000 00 00) | 9 Jul 1892 (1892 Jul 09 - 0000 00 00) | 14 Aug 1912 (1912 Aug 14 - 0000 00 00)","Multiple conflicting dates found for spatial-vessel key"
"50142","Specimen/Lot","",1,"Acanthurus coeruleus","Acanthurus coeruleus","Acanthurus coeruleus","","Acanthurus coeruleus : Acanthuridae : Perciformes : Actinopterygii : Chordata","","","Perciformes","Acanthuridae","","","","North Atlantic Ocean","Caribbean Sea","Greater Antilles","","Puerto Rico","","United States","Puerto Rico","Arroyo","Arroyo.",17.9696,-66.0629,"","","","Fish Hawk","","1956","","","13","","Unknown:Tank 01","","",0,"","","",NA,"",NA,"",NA,"8/19/14 15:31","http://n2t.net/ark:/65665/373f51b24-2b88-4034-b9bf-56b6cf22a267","4 Feb 1899 (1899 Feb 04 - 0000 00 00) | 5 Feb 1899 (1899 Feb 05 - 0000 00 00)","Multiple conflicting dates found for spatial-vessel key"
"63663","Specimen/Lot","",1,"Acanthurus coeruleus","Acanthurus coeruleus","Acanthurus coeruleus","","Acanthurus coeruleus : Acanthuridae : Perciformes : Actinopterygii : Chordata","","","Perciformes","Acanthuridae","","","","North Atlantic Ocean","Caribbean Sea","Greater Antilles","","Puerto Rico","","United States","Puerto Rico","Arroyo","Arroyo P.R.",17.9696,-66.0629,"","","","Fish Hawk","","2155","","","","","Unknown:Tank 01","","",49976,"","","",NA,"",NA,"",NA,"8/19/14 15:32","http://n2t.net/ark:/65665/37b6a9b00-dd5b-4535-9ef7-d02ffafaa9bb","4 Feb 1899 (1899 Feb 04 - 0000 00 00) | 5 Feb 1899 (1899 Feb 05 - 0000 00 00)","Multiple conflicting dates found for spatial-vessel key"
"169939","Specimen/Lot","",1,"Albula vulpes","Albula vulpes","Albula vulpes","","Albula vulpes : Albulidae : Albuliformes : Actinopterygii : Chordata","","","Albuliformes","Albulidae","Albulinae","","","North Atlantic Ocean","Caribbean Sea","Greater Antilles","Puerto Rican Virgin Islands","Culebra Island","","United States","Puerto Rico","","Porto Rico, San Ildefonso, Culebra Island",18.3065,-65.244,"","","","Fish Hawk","","","","","","","Unknown:Tank 01","","",199539,"","","",NA,"",NA,"",NA,"8/19/14 15:33","http://n2t.net/ark:/65665/337b9af0e-b66e-45d6-8352-b8df942252e6",NA,"No matching spatial-vessel reference record found"
"90070","Specimen/Lot","",1,"Alosa pseudoharengus","Alosa pseudoharengus","Alosa pseudoharengus","","Alosa pseudoharengus : Clupeidae : Clupeiformes : Actinopterygii : Chordata","","","Clupeiformes","Clupeidae","","","","North Atlantic Ocean","","","","Holland Island","","United States","Maryland","Dorchester County","Holland Island.",38.245,-76.26,"","","","Fish Hawk","","8522","","","37","","","","",110854,"","","",NA,"",NA,"",NA,"8/20/14 16:44","http://n2t.net/ark:/65665/387625ceb-33e0-4703-9781-f741b7f23d14","22 Mar 1914 (1914 Mar 22 - 0000 00 00; 16:00 - 16:12) | 25 Apr 1916 (1916 Apr 25 - 0000 00 00; 06:50 - 07:25)","Multiple conflicting dates found for spatial-vessel key"
"90071","Specimen/Lot","",1,"Alosa pseudoharengus","Alosa pseudoharengus","Alosa pseudoharengus","","Alosa pseudoharengus : Clupeidae : Clupeiformes : Actinopterygii : Chordata","","","Clupeiformes","Clupeidae","","","","North Atlantic Ocean","","","","","","United States","Maryland","St. Mary's County","Above Piney Point",38.437681097561,-75.9834317073171,"","","","Fish Hawk","","8093","","","24","","","","",110854,"","","",NA,"",NA,"",NA,"8/20/14 16:44","http://n2t.net/ark:/65665/35aa78bca-1861-4669-95ee-17e678caed82","19-Mar-14 | 23-Mar-14 | 28-Mar-21 | 23 Mar 1914 (0000 00 00 - 0000 00 00) | 26-Jan-16 | 26-Jan-21 | 19-Feb-14 | 26 Jan 1921 (0000 00 00 - 0000 00 00) | 27 Jan 1921 (1921 Jan 27 - 0000 00 00) | 21 Mar 1914 (1914 Mar 21 - 0000 00 00; 15:40 - 15:51) | 29-Mar-21 | 8 Dec 1920 (1920 Dec 08 - 0000 00 00; 12:03 - 12:24) | 8 Dec 1920 (0000 00 00 - 0000 00 00) | 26 Jan 1921 (1921 Jan 26 - 0000 00 00) | 30-Mar-21 | 6 Dec 1920 (1920 Dec 06 - 0000 00 00) | 22-Mar-14 | 4 Jul 1920 (1920 Jul 04 - 0000 00 00; 16:00 - 16:47) | 4 Jul 1920 (1920 Jul 04 - 0000 00 00; 18:20 - 18:56) | 22-Feb-14 | 22 Feb 1914 (0000 00 00 - 0000 00 00) | 1916 (1916 00 00 - 0000 00 00) | 3-Mar-14 | 27 Jan 1921 (0000 00 00 - 0000 00 00) | 21 Mar 1914 (1914 Mar 21 - 0000 00 00; 14:25 - 14:47) | 17-Oct-20 | 21-Jan-16 | 24 Apr 1916 (1916 Apr 24 - 0000 00 00)","Multiple conflicting dates found for spatial-vessel key"
"90129","Specimen/Lot","",1,"Alosa pseudoharengus","Alosa pseudoharengus","Alosa pseudoharengus","","Alosa pseudoharengus : Clupeidae : Clupeiformes : Actinopterygii : Chordata","","","Clupeiformes","Clupeidae","","","","North Atlantic Ocean","","","","","","United States","Maryland","","Sharps Island",38.5383,-76.3933,"","","","Fish Hawk","","8031","","","30.63","","","","",110854,"","","",NA,"",NA,"",NA,"8/20/14 16:44","http://n2t.net/ark:/65665/384c48dc8-5875-4d64-b01b-1593ae2fb743",NA,"No matching spatial-vessel reference record found"
"90130","Specimen/Lot","",1,"Alosa pseudoharengus","Alosa pseudoharengus","Alosa pseudoharengus","","Alosa pseudoharengus : Clupeidae : Clupeiformes : Actinopterygii : Chordata","","","Clupeiformes","Clupeidae","","","","North Atlantic Ocean","","","","","","United States","Maryland","Dorchester County","Hoopers Island",38.2791,-76.1957,"","","","Fish Hawk","","8081","","","37.5","","","","",110854,"","","",NA,"",NA,"",NA,"8/20/14 16:44","http://n2t.net/ark:/65665/39bdbddf3-4752-4ee9-bb71-8cdb2f9b13d3",NA,"No matching spatial-vessel reference record found"
"31548","Specimen/Lot","",1,"Amblyraja radiata","Amblyraja radiata","Amblyraja radiata","Raja radiata","Amblyraja radiata : Rajidae : Rajiformes : Chondrichthyes : Chordata","","","Rajiformes","Rajidae","","","","North Atlantic Ocean","","","","","","United States","Massachusetts","Barnstable County","Nauset Beacons, northwest 1/4 north 10 miles",41.5760794871795,-70.5749282051282,"","","","Fish Hawk","","","","","0 to 101","","","","",0,"","","",NA,"",NA,"",NA,"8/20/14 16:30","http://n2t.net/ark:/65665/3ec960460-49f0-4fd4-8360-b36c78c26d58","3 Sep 1892 (1892 Sep 03 - 0000 00 00) | 21 Aug 1899 (1899 Aug 21)","Multiple conflicting dates found for spatial-vessel key"
"31577","Specimen/Lot","",1,"Amblyraja radiata","Amblyraja radiata","Amblyraja radiata","Raja radiata","Amblyraja radiata : Rajidae : Rajiformes : Chondrichthyes : Chordata","","","Rajiformes","Rajidae","","","","North Atlantic Ocean","","","","","","United States","Massachusetts","","Race Point Light House, south 33 degrees east distance 2 miles",41.2528940594059,-69.9866655445545,"United States Fish Commission","","","Fish Hawk","","1085","","","63.1","","","","",0,"","","",NA,"",NA,"",NA,"8/20/14 16:30","http://n2t.net/ark:/65665/3d12bc627-d039-47b2-9c6b-d3f8c86e7227","3 Aug 1882 (0000 00 00 - 0000 00 00) | 20 Aug 1892 (1892 Aug 20 - 0000 00 00; 13:35) | 18 Aug 1882 | 28 Aug 1882 (1882 Aug 28 - 0000 00 00) | 3 Sep 1880 | 3 Aug 1881 (1881 Aug 03 - 0000 00 00; 11:50) | 10 Oct 1892 | 26 Aug 1881 | 2 Sep 1882 (1882 Sep 2) | 2 Aug 1881 (1881 Aug 02 - 0000 00 00; 10:50)","Multiple conflicting dates found for spatial-vessel key"
"170886","Specimen/Lot","",1,"Archosargus probatocephalus","Archosargus probatocephalus","Archosargus probatocephalus","","Archosargus probatocephalus : Sparidae : Perciformes : Actinopterygii : Chordata","","","Perciformes","Sparidae","","","","","","","","","","United States","Florida","","Florida",27.8496875,-83.1265625,"","","","Fish Hawk","","","","","","","Unknown:Tank 02","","",0,"","","",NA,"",NA,"",NA,"8/19/14 15:39","http://n2t.net/ark:/65665/336a79787-aca6-4ce6-a895-22a98226ed68","11 Jan 1913 (1913 Jan 11 - 0000 00 00) | 20 Dec 1912 (1912 Dec 20 - 0000 00 00) | 1913 (1913 00 00 - 0000 00 00)","Multiple conflicting dates found for spatial-vessel key"
"63661","Specimen/Lot","",1,"Bothus lunatus","Bothus lunatus","Bothus lunatus","Platophrys lunatus","Bothus lunatus : Bothidae : Pleuronectiformes : Actinopterygii : Chordata","","","Pleuronectiformes","Bothidae","","","","North Atlantic Ocean","Caribbean Sea","Greater Antilles","","Puerto Rico","","United States","Puerto Rico","","Aquadilla P.R.",18.4281,-67.1561,"","","","Fish Hawk","","1923","","","22","",":Tank 06","","",49976,"","","",NA,"",NA,"",NA,"10/8/20 11:50","http://n2t.net/ark:/65665/3afc07120-06d9-4a02-97cd-ab5d5813136c","18 Jan 1899 | 18 Jul 1899 (1899 Jul 18 - 0000 00 00) | 23 Jan 1899 (1899 Jan 23 - 0000 00 00) | 16 Jan 1899 (1899 Jan 16 - 0000 00 00)","Multiple conflicting dates found for spatial-vessel key"
"90002","Specimen/Lot","",1,"Brevoortia tyrannus","Brevoortia tyrannus","Brevoortia tyrannus","","Brevoortia tyrannus : Clupeidae : Clupeiformes : Actinopterygii : Chordata","","","Clupeiformes","Clupeidae","","","","North Atlantic Ocean","","","","","","United States","Maryland","","Bloody Point",38.8717,-76.395,"","","","Fish Hawk","","8039","","","49","","","","",110854,"","","",NA,"",NA,"",NA,"8/20/14 16:44","http://n2t.net/ark:/65665/3651c0180-3769-4996-abba-2aa6f4e9a510",NA,"No matching spatial-vessel reference record found"
"90009","Specimen/Lot","",1,"Brevoortia tyrannus","Brevoortia tyrannus","Brevoortia tyrannus","","Brevoortia tyrannus : Clupeidae : Clupeiformes : Actinopterygii : Chordata","","","Clupeiformes","Clupeidae","","","","North Atlantic Ocean","","","","","","United States","Virginia","","1.25 miles south southeast Smith Point Light House, Chesapeake Bay",37.0986,-76.1667,"","","","Fish Hawk","","8381","","","46","","","","",110854,"","","",NA,"",NA,"",NA,"8/20/14 16:44","http://n2t.net/ark:/65665/36eaf7678-ae9d-45a7-a208-b07b70772f56",NA,"No matching spatial-vessel reference record found"
"90032","Specimen/Lot","",1,"Brevoortia tyrannus","Brevoortia tyrannus","Brevoortia tyrannus","","Brevoortia tyrannus : Clupeidae : Clupeiformes : Actinopterygii : Chordata","","","Clupeiformes","Clupeidae","","","","North Atlantic Ocean","","","","","","United States","Virginia","","Smith Point Light, Chesapeake Bay",37.8902,-76.2351,"","","","Fish Hawk","","8057","","","51","","","","",110854,"","","",NA,"",NA,"",NA,"8/20/14 16:44","http://n2t.net/ark:/65665/3fa82304c-18ee-4b57-84d9-346ceac8521b",NA,"No matching spatial-vessel reference record found"
"126192","Specimen/Lot","",1,"Bryx dunckeri","Bryx dunckeri","Bryx dunckeri","","Bryx dunckeri : Syngnathidae : Syngnathiformes : Actinopterygii : Chordata","","","Syngnathiformes","Syngnathidae","Syngnathinae","","","North Atlantic Ocean","Caribbean Sea","Greater Antilles","","Puerto Rico","","United States","Puerto Rico","","Porto Rico",18.2217179104478,-66.4424305970149,"","","U.S.B.F. Number : 901","Fish Hawk","","","","","","","","","See also USNM 127135.",163614,"","","",NA,"",NA,"",NA,"8/20/14 19:06","http://n2t.net/ark:/65665/301c15374-0c0c-4d22-a3d3-f90ece759a11","1899 (1899 00 00 - 0000 00 00) | 1898 to 1899 (1898 00 00 - 1899 00 00) | 1898 to 1899 (1898-1899) | 22 Feb 1899 (1899 Feb 22 - 0000 00 00) | 14 Jan 1899 (1899 Jan 14 - 0000 00 00) | 20 Jan 1899 | 25 Jan 1899","Multiple conflicting dates found for spatial-vessel key"
"170873","Specimen/Lot","",1,"Calamus calamus","Calamus calamus","Calamus calamus","","Calamus calamus : Sparidae : Perciformes : Actinopterygii : Chordata","","","Perciformes","Sparidae","","","","North Atlantic Ocean","","","","","","United States","Florida","Miami-Dade County","Florida, Fowey Rocks",25.5905,-80.0969,"","","","Fish Hawk","","","","","","","Unknown:Tank 02","","",0,"","","",NA,"",NA,"",NA,"8/9/23 18:42","http://n2t.net/ark:/65665/3d0d9c19a-7ce9-4fb1-96fb-af80bde36626",NA,"No matching spatial-vessel reference record found"
"26219","Specimen/Lot","",1,"Centroscymnus coelolepis","Centroscymnus coelolepis","Centroscymnus coelolepis","","Centroscymnus coelolepis : Somniosidae : Squaliformes : Chondrichthyes : Chordata","","","Squaliformes","Somniosidae","Somniosinae","","","Atlantic Ocean","","","","","","United States","","","Atlantic_neuport, R.I.",39.8722,-70.9667,"","","","Fish Hawk","","893","","","680","","Illustration::1","","",0,"","","",NA,"",NA,"",NA,"8/20/14 16:30","http://n2t.net/ark:/65665/37aef39b4-863c-42e7-8186-34bf98af59e2",NA,"No matching spatial-vessel reference record found"
"118883","Specimen/Lot","",1,"Cheilopogon heterurus","Cypselurus heterurus","Cypselurus heterurus","","Cypselurus heterurus : Exocoetidae : Beloniformes : Actinopterygii : Chordata","","","Beloniformes","Exocoetidae","","","","North Atlantic Ocean","","","","","","United States","North Carolina","Carteret County","North Carolina (Beaufort), Gulf Stream",34.4662203125,-76.4950765625,"","","","Fish Hawk","","","","","","","","","",159029,"","","",NA,"",NA,"",NA,"8/25/14 15:22","http://n2t.net/ark:/65665/3ab14024b-a6a0-489e-a945-e5e82c607968","7 Apr 1891 (1891 Apr 07 - 0000 00 00) | 12 Aug 1914 (1914 Aug 12) | 12 Aug 1914 (1914 Aug 12 - 0000 00 00) | 1891 (1891 00 00 - 0000 00 00) | 10 Aug 1914 (1914 Aug 10 - 0000 00 00) | 3 Sep 1914 (1914 Sep 03 - 0000 00 00) | (0000 Nov 15 - 0000 00 00) | 11-Aug-14 | 12-Aug-14","Multiple conflicting dates found for spatial-vessel key"
"58502","Specimen/Lot","",1,"Echeneis neucratoides","Echeneis neucratoides","Echeneis neucratoides","","Echeneis neucratoides : Echeneidae : Perciformes : Actinopterygii : Chordata","","","Perciformes","Echeneidae","","","","North Atlantic Ocean","","","","","","United States","Virginia","Northampton County","Cape Charles, Virginia",37.1948,-76.018,"","","","Fish Hawk","","","","","","",":Tank 03","","",45604,"","","",NA,"",NA,"",NA,"8/19/14 15:37","http://n2t.net/ark:/65665/3118c3802-da60-44c2-b29b-7cf5b0a76e58","22-Sep-21 | 10 Jun 1916 (1916 Jun 10 - 0000 00 00)","Multiple conflicting dates found for spatial-vessel key"
"75521","Specimen/Lot","",1,"Echeneis neucratoides","Echeneis neucratoides","Echeneis neucratoides","","Echeneis neucratoides : Echeneidae : Perciformes : Actinopterygii : Chordata","","","Perciformes","Echeneidae","","","","North Atlantic Ocean","Gulf of Mexico","Florida Keys","","Key West","","United States","Florida","Monroe County","Near Key West, Florida",24.5402447674419,-81.7763668604651,"","","","Fish Hawk","","","","","","","Unknown:Tank 01","","",56467,"","","",NA,"",NA,"",NA,"8/19/14 15:32","http://n2t.net/ark:/65665/32c383ccb-36be-4895-a49e-a2dadb517614","12-Jan-03 | 1903","Multiple conflicting dates found for spatial-vessel key"
"50102","Specimen/Lot","",1,"Epinephelus adscensionis","Epinephelus adscensionis","Epinephelus adscensionis","","Epinephelus adscensionis : Serranidae : Perciformes : Actinopterygii : Chordata","","","Perciformes","Serranidae","Epinephelinae","","","North Atlantic Ocean","Caribbean Sea","Greater Antilles","","Puerto Rico","","United States","Puerto Rico","Ponce","Playa De Ponce Puerto Rico.",17.9682,-66.6077,"","","","Fish Hawk","","","","","","","Unknown:Tank 02","","",37759,"","","",NA,"",NA,"",NA,"8/19/14 15:39","http://n2t.net/ark:/65665/34209eed8-09db-459b-ba5e-64ec954fe237","1 Feb 1899 (1899 Feb 01 - 0000 00 00) | 1899","Multiple conflicting dates found for spatial-vessel key"
"50101","Specimen/Lot","",1,"Epinephelus maculatus","Epinephelus maculatus","Epinephelus maculatus","","Epinephelus maculatus : Serranidae : Perciformes : Actinopterygii : Chordata","","","Perciformes","Serranidae","Epinephelinae","","","North Atlantic Ocean","Caribbean Sea","Greater Antilles","","Puerto Rico","","United States","Puerto Rico","","Aguadilla, Puerto Rico.",18.4281,-67.1561,"","","","Fish Hawk","","","","","","","Unknown:Tank 02","","",37759,"","","",NA,"",NA,"",NA,"8/19/14 15:39","http://n2t.net/ark:/65665/317cf75be-4656-4901-b92a-9d6988fe73fe","18 Jan 1899 | 18 Jul 1899 (1899 Jul 18 - 0000 00 00) | 23 Jan 1899 (1899 Jan 23 - 0000 00 00) | 16 Jan 1899 (1899 Jan 16 - 0000 00 00)","Multiple conflicting dates found for spatial-vessel key"
"170879","Specimen/Lot","",1,"Epinephelus morio","Epinephelus morio","Epinephelus morio","","Epinephelus morio : Serranidae : Perciformes : Actinopterygii : Chordata","","","Perciformes","Serranidae","Epinephelinae","","","North Atlantic Ocean","","","","","","United States","Florida","Miami-Dade County","Florida, off Fowey Rocks",25.5906,-80.0967,"","","","Fish Hawk","","","","","","","Unknown:Tank 04","","",0,"","","",NA,"",NA,"",NA,"8/19/14 15:35","http://n2t.net/ark:/65665/3f3a0c8be-4c48-46f6-96ce-d3e6c761d0db",NA,"No matching spatial-vessel reference record found"
"170881","Specimen/Lot","",1,"Diplectrum formosum","Epinephelus striatus","Epinephelus striatus","","Epinephelus striatus : Serranidae : Perciformes : Actinopterygii : Chordata","","","Perciformes","Serranidae","Epinephelinae","","","North Atlantic Ocean","Gulf of Mexico","Florida Keys","","Conch Key","","United States","Florida","Monroe County","Florida, Conch Key",24.8151406504065,-81.8371028455284,"","","","Fish Hawk","","","","","","","Unknown:Tank 01","","",0,"","","",NA,"",NA,"",NA,"8/19/14 15:33","http://n2t.net/ark:/65665/3bfa11f6e-8a49-41e4-91cc-9efe76161ca5","22 Dec 1902 (1902 Dec 22) | 22 Jan 1903 (1903 Jan 22 - 0000 00 00) | 22-Jan-03 | 28 Jan 1903 (1903 Jan 28 - 0000 00 00) | 28 Jan 1903 (1903 Jan 28 - 0000 00 00; 10:20) | 29-Jan-03 | 29 Jan 1903 (1903 Jan 29 - 0000 00 00) | 18 Feb 1903 (1903 Feb 18 - 0000 00 00) | 7-Jan-03","Multiple conflicting dates found for spatial-vessel key"
"170888","Specimen/Lot","",1,"Ginglymostoma cirratum","Ginglymostoma cirratum","Ginglymostoma cirratum","","Ginglymostoma cirratum : Ginglymostomatidae : Orectolobiformes : Chondrichthyes : Chordata","","","Orectolobiformes","Ginglymostomatidae","","","","North Atlantic Ocean","Gulf of Mexico","Florida Keys","","Conch Key","","United States","Florida","Monroe County","Florida, Conch Key",24.8151406504065,-81.8371028455284,"","","Tag No. : 4457","Fish Hawk","","","","","","","Unknown:Tank 01","","",0,"","","",NA,"",NA,"",NA,"8/9/23 17:24","http://n2t.net/ark:/65665/3c0e83d89-a720-4133-a950-061d7566b025","22 Dec 1902 (1902 Dec 22) | 22 Jan 1903 (1903 Jan 22 - 0000 00 00) | 22-Jan-03 | 28 Jan 1903 (1903 Jan 28 - 0000 00 00) | 28 Jan 1903 (1903 Jan 28 - 0000 00 00; 10:20) | 29-Jan-03 | 29 Jan 1903 (1903 Jan 29 - 0000 00 00) | 18 Feb 1903 (1903 Feb 18 - 0000 00 00) | 7-Jan-03","Multiple conflicting dates found for spatial-vessel key"
"31543","Specimen/Lot","",1,"Glyptocephalus cynoglossus","Glyptocephalus cynoglossus","Glyptocephalus cynoglossus","","Glyptocephalus cynoglossus : Pleuronectidae : Pleuronectiformes : Actinopterygii : Chordata","","","Pleuronectiformes","Pleuronectidae","Pleuronectinae","","","North Atlantic Ocean","","","","","","United States","Massachusetts","","Cape Cod Light, west by north 15 miles",41.2528940594059,-69.9866655445545,"","","","Fish Hawk","","1083","","","152.7","","Unknown:Tank 03","","",0,"","","",NA,"",NA,"",NA,"8/19/14 15:38","http://n2t.net/ark:/65665/308862f54-7e67-4fdd-9a3f-cbe7db3c5a2d","3 Aug 1882 (0000 00 00 - 0000 00 00) | 20 Aug 1892 (1892 Aug 20 - 0000 00 00; 13:35) | 18 Aug 1882 | 28 Aug 1882 (1882 Aug 28 - 0000 00 00) | 3 Sep 1880 | 3 Aug 1881 (1881 Aug 03 - 0000 00 00; 11:50) | 10 Oct 1892 | 26 Aug 1881 | 2 Sep 1882 (1882 Sep 2) | 2 Aug 1881 (1881 Aug 02 - 0000 00 00; 10:50)","Multiple conflicting dates found for spatial-vessel key"
"31549","Specimen/Lot","",1,"Glyptocephalus cynoglossus","Glyptocephalus cynoglossus","Glyptocephalus cynoglossus","","Glyptocephalus cynoglossus : Pleuronectidae : Pleuronectiformes : Actinopterygii : Chordata","","","Pleuronectiformes","Pleuronectidae","Pleuronectinae","","","North Atlantic Ocean","","","","","","United States","Massachusetts","","Cape Cod Light, south southwest 7 miles",41.2528940594059,-69.9866655445545,"","","","Fish Hawk","","1087","","","80","","Unknown:Tank 03","","",0,"","","",NA,"",NA,"",NA,"8/19/14 15:38","http://n2t.net/ark:/65665/33bd964fa-cf48-42ed-8f40-1f9450427928","3 Aug 1882 (0000 00 00 - 0000 00 00) | 20 Aug 1892 (1892 Aug 20 - 0000 00 00; 13:35) | 18 Aug 1882 | 28 Aug 1882 (1882 Aug 28 - 0000 00 00) | 3 Sep 1880 | 3 Aug 1881 (1881 Aug 03 - 0000 00 00; 11:50) | 10 Oct 1892 | 26 Aug 1881 | 2 Sep 1882 (1882 Sep 2) | 2 Aug 1881 (1881 Aug 02 - 0000 00 00; 10:50)","Multiple conflicting dates found for spatial-vessel key"
"31615","Specimen/Lot","",1,"Glyptocephalus cynoglossus","Glyptocephalus cynoglossus","Glyptocephalus cynoglossus","","Glyptocephalus cynoglossus : Pleuronectidae : Pleuronectiformes : Actinopterygii : Chordata","","","Pleuronectiformes","Pleuronectidae","Pleuronectinae","","","North Atlantic Ocean","","","","","","","","","",39.97,-69.7,"","","","Fish Hawk","","1092","","","369","","Unknown:Tank 03","","",0,"","","",NA,"",NA,"",NA,"8/19/14 15:38","http://n2t.net/ark:/65665/328b3b8d9-89d2-4c20-b5fc-d120c5060021","11 Aug 1882 (1882 Aug 11 - 0000 00 00; 06:54) | 11 Aug 1881 (1881 Aug 11 - 0000 00 00)","Multiple conflicting dates found for spatial-vessel key"
"31616","Specimen/Lot","",1,"Glyptocephalus cynoglossus","Glyptocephalus cynoglossus","Glyptocephalus cynoglossus","","Glyptocephalus cynoglossus : Pleuronectidae : Pleuronectiformes : Actinopterygii : Chordata","","","Pleuronectiformes","Pleuronectidae","Pleuronectinae","","","","","","","","","","","","",39.88,-69.78,"","","","Fish Hawk","","1096","","","580","","Unknown:Tank 03","","",0,"","","",NA,"",NA,"",NA,"8/19/14 15:38","http://n2t.net/ark:/65665/3dc3c8a06-2225-4bd4-af44-c19d33dded33","11 Aug 1882 (11 Aug 1882; 13:39) | 1882 (1882 00 00 - 0000 00 00)","Multiple conflicting dates found for spatial-vessel key"
"31622","Specimen/Lot","",1,"Glyptocephalus cynoglossus","Glyptocephalus cynoglossus","Glyptocephalus cynoglossus","","Glyptocephalus cynoglossus : Pleuronectidae : Pleuronectiformes : Actinopterygii : Chordata","","","Pleuronectiformes","Pleuronectidae","Pleuronectinae","","","","","","","","","","","","",39.93,-69.75,"","","","Fish Hawk","","1093","","","638","","Unknown:Tank 03","","",0,"","","",NA,"",NA,"",NA,"8/19/14 15:38","http://n2t.net/ark:/65665/37a758696-7c92-47b1-a431-680f19de1fbb","11 Aug 1882 (11 Aug 1882; 08:35) | 1882 (1882 00 00 - 0000 00 00; 08:35)","Multiple conflicting dates found for spatial-vessel key"
"120504","Specimen/Lot","",1,"Haemulon sciurus","Haemulon sciurus","Haemulon sciurus","","Haemulon sciurus : Haemulidae : Perciformes : Actinopterygii : Chordata","","","Perciformes","Haemulidae","","","","North Atlantic Ocean","Gulf of Mexico","Florida Keys","","Key West","","United States","Florida","Monroe County","Key West",24.5505,-81.7696,"United States Bureau of Fisheries","","","Fish Hawk","","","","","","","Unknown:Tank 01","","",0,"","","",NA,"",NA,"",NA,"8/19/14 15:33","http://n2t.net/ark:/65665/3b4cebc6e-2629-4897-a535-853c2dc46d94","11 Feb 1903 (1903 Feb 11 - 0000 00 00) | 15-Jan-03 | 14-Jan-03 | 11 Jan 1903 to 15 Jan 1903","Multiple conflicting dates found for spatial-vessel key"
"73199","Specimen/Lot","",1,"Hypsoblennius hentz","Hypsoblennius hentzi","Hypsoblennius hentzi","","Hypsoblennius hentzi : Blenniidae : Perciformes : Actinopterygii : Chordata","","","Perciformes","Blenniidae","Salariinae","","","North Atlantic Ocean","","","","","","United States","South Carolina","Charleston County","Charleston, South Carolina",32.7548,-79.8671,"","","","Fish Hawk","","","","","","","","","",53826,"","","",NA,"",NA,"",NA,"8/20/14 18:44","http://n2t.net/ark:/65665/3ef1d7238-f2fa-4fe9-87c9-97d8f7962b0f","1891 (1891 00 00 - 0000 00 00) | 11 Jan 1891 (1891 Jan 11 - 0000 00 00)","Multiple conflicting dates found for spatial-vessel key"
"120522","Specimen/Lot","",1,"Lactophrys trigonus","Lactophrys trigonus","Lactophrys trigonus","","Lactophrys trigonus : Ostraciidae : Tetraodontiformes : Actinopterygii : Chordata","","","Tetraodontiformes","Ostraciidae","","","","North Atlantic Ocean","Gulf of Mexico","Florida Keys","","Key West","","United States","Florida","Monroe County","Near Key West, Florida",24.5402447674419,-81.7763668604651,"","","","Fish Hawk","","","","","","",":Tank 01","","",0,"","","",NA,"",NA,"",NA,"8/9/23 17:16","http://n2t.net/ark:/65665/30aa4e490-dbe2-4fbe-a7ef-c914309f9d51","12-Jan-03 | 1903","Multiple conflicting dates found for spatial-vessel key"
"25894","Specimen/Lot","",1,"Leucoraja erinaceus","Leucoraja erinacea","Leucoraja erinacea","Raja erinacea","Leucoraja erinacea : Rajidae : Rajiformes : Chondrichthyes : Chordata","","","Rajiformes","Rajidae","","","","North Atlantic Ocean","","","","Aquidneck Island","","United States","Rhode Island","Newport County","West Bay, Newport",40.0510333333333,-70.3860333333333,"","","","Fish Hawk","","821","","","9","","","","",0,"","","",NA,"",NA,"",NA,"8/20/14 16:30","http://n2t.net/ark:/65665/3e1147bd9-ff65-458e-966f-0d1465d69e1a","4 Sep 1880 | 1880 (1880 00 00 - 0000 00 00) | 27 Aug 1880","Multiple conflicting dates found for spatial-vessel key"
"25912","Specimen/Lot","",1,"Leucoraja erinaceus","Leucoraja erinacea","Leucoraja erinacea","Raja erinacea","Leucoraja erinacea : Rajidae : Rajiformes : Chondrichthyes : Chordata","","","Rajiformes","Rajidae","","","","North Atlantic Ocean","","","","","","United States","Massachusetts","","Off Gay Head, Massachusetts",41.2528940594059,-69.9866655445545,"","","","Fish Hawk","","","","","","","","","",0,"","","",NA,"",NA,"",NA,"8/20/14 16:30","http://n2t.net/ark:/65665/36669fae8-9faf-4e3d-bc76-9191e83906aa","3 Aug 1882 (0000 00 00 - 0000 00 00) | 20 Aug 1892 (1892 Aug 20 - 0000 00 00; 13:35) | 18 Aug 1882 | 28 Aug 1882 (1882 Aug 28 - 0000 00 00) | 3 Sep 1880 | 3 Aug 1881 (1881 Aug 03 - 0000 00 00; 11:50) | 10 Oct 1892 | 26 Aug 1881 | 2 Sep 1882 (1882 Sep 2) | 2 Aug 1881 (1881 Aug 02 - 0000 00 00; 10:50)","Multiple conflicting dates found for spatial-vessel key"
"26011","Specimen/Lot","",1,"Leucoraja erinaceus","Leucoraja erinacea","Leucoraja erinacea","Raja erinacea","Leucoraja erinacea : Rajidae : Rajiformes : Chondrichthyes : Chordata","","","Rajiformes","Rajidae","","","","North Atlantic Ocean","","","","Aquidneck Island","","United States","Rhode Island","Newport County","Vineyard Sound, off Gay Head, Newport, Rhode Island",40.0510333333333,-70.3860333333333,"","","","Fish Hawk","","862","","","31","","","","",0,"","","",NA,"",NA,"",NA,"8/20/14 16:30","http://n2t.net/ark:/65665/3acedda93-8cee-404a-9624-3d0ca92dc39c","4 Sep 1880 | 1880 (1880 00 00 - 0000 00 00) | 27 Aug 1880","Multiple conflicting dates found for spatial-vessel key"
"67603","Specimen/Lot","",1,"Leucoraja erinaceus","Leucoraja erinacea","Leucoraja erinacea","Raja erinacea","Leucoraja erinacea : Rajidae : Rajiformes : Chondrichthyes : Chordata","","","Rajiformes","Rajidae","","","","North Atlantic Ocean","","","","","","United States","Connecticut","Fairfield County","Stratford Oyster District, Long Island Sound, Connecticut",41.1684,-73.0817,"","","","Fish Hawk","","","","","","","","","",52276,"","","",NA,"",NA,"",NA,"8/20/14 16:39","http://n2t.net/ark:/65665/3b4b3d017-e83e-43ab-bac9-2e9846151ea4","1 Oct 1890 (1890 Oct 01 - 0000 00 00) | 22 Sep 1890","Multiple conflicting dates found for spatial-vessel key"
"73176","Specimen/Lot","",1,"Leucoraja erinaceus","Leucoraja erinacea","Leucoraja erinacea","Raja erinacea","Leucoraja erinacea : Rajidae : Rajiformes : Chondrichthyes : Chordata","","","Rajiformes","Rajidae","","","","","","","","","","United States","Florida","","Florida",27.8496875,-83.1265625,"","","","Fish Hawk","","","","","","","","","",53826,"","","",NA,"",NA,"",NA,"8/20/14 16:41","http://n2t.net/ark:/65665/3881aa35f-f059-491a-9ff3-5503ba15aee3","11 Jan 1913 (1913 Jan 11 - 0000 00 00) | 20 Dec 1912 (1912 Dec 20 - 0000 00 00) | 1913 (1913 00 00 - 0000 00 00)","Multiple conflicting dates found for spatial-vessel key"
"28718","Specimen/Lot","",1,"Lophius piscatorius","Lophius piscatorius","Lophius piscatorius","","Lophius piscatorius : Lophiidae : Lophiiformes : Actinopterygii : Chordata","","","Lophiiformes","Lophiidae","","","","","","","","","","","","","N.J.: Off Long Branch",40.2717,-70.6883,"","","","Fish Hawk","","919","","","97","","Unknown:Tank 01","","",0,"","","",NA,"",NA,"",NA,"8/19/14 15:30","http://n2t.net/ark:/65665/3c16b8652-a0b5-445a-9cf9-390ec9d5db8f",NA,"No matching spatial-vessel reference record found"
"410876","Specimen/Lot","",1,"Lutjanus analis","Lutjanus analis","Lutjanus analis","","Lutjanus analis : Lutjanidae : Perciformes : Actinopterygii : Chordata","","","Perciformes","Lutjanidae","Lutjnaninae","","","North Atlantic Ocean","Gulf of Mexico","Florida Keys","","Key West","","United States","Florida","Monroe County","Key West",24.5505,-81.7696,"United States Bureau of Fisheries","","","Fish Hawk","","","","","","","","","",NA,"","","",NA,"",NA,"",NA,"8/25/14 19:15","http://n2t.net/ark:/65665/35bb2b293-0cd5-4b71-9f6a-c31f4d3912ad","11 Feb 1903 (1903 Feb 11 - 0000 00 00) | 15-Jan-03 | 14-Jan-03 | 11 Jan 1903 to 15 Jan 1903","Multiple conflicting dates found for spatial-vessel key"
"170875","Specimen/Lot","",1,"Lutjanus griseus","Lutjanus griseus","Lutjanus griseus","","Lutjanus griseus : Lutjanidae : Perciformes : Actinopterygii : Chordata","","","Perciformes","Lutjanidae","Lutjaninae","","","North Atlantic Ocean","Gulf of Mexico","","","","","United States","Florida","Monroe County","Florida, Long Key",24.8151406504065,-81.8371028455284,"","","","Fish Hawk","","","","","","","Unknown:Tank 08","","",0,"","","",NA,"",NA,"",NA,"8/19/14 15:42","http://n2t.net/ark:/65665/3a0954c8a-b6b9-42da-8288-0a1488e3954a","22 Dec 1902 (1902 Dec 22) | 22 Jan 1903 (1903 Jan 22 - 0000 00 00) | 22-Jan-03 | 28 Jan 1903 (1903 Jan 28 - 0000 00 00) | 28 Jan 1903 (1903 Jan 28 - 0000 00 00; 10:20) | 29-Jan-03 | 29 Jan 1903 (1903 Jan 29 - 0000 00 00) | 18 Feb 1903 (1903 Feb 18 - 0000 00 00) | 7-Jan-03","Multiple conflicting dates found for spatial-vessel key"
"26201","Specimen/Lot","",1,"Malacoraja senta","Malacoraja senta","Malacoraja senta","","Malacoraja senta : Rajidae : Rajiformes : Chondrichthyes : Chordata","","","Rajiformes","Rajidae","","","","North Atlantic Ocean","","","","","","United States","","","Atlantic-Newport, R.I.",39.8833,-70.975,"","","","Fish Hawk","","894","","","668","","","","",0,"","","",NA,"",NA,"",NA,"8/20/14 16:30","http://n2t.net/ark:/65665/3d45a454a-5087-4dd9-88e5-790b55424f2d",NA,"No matching spatial-vessel reference record found"
"28828","Specimen/Lot","",1,"Malacoraja senta","Malacoraja senta","Malacoraja senta","","Malacoraja senta : Rajidae : Rajiformes : Chondrichthyes : Chordata","","","Rajiformes","Rajidae","","","","","","","","","","","","","",40.0167,-71.2417,"","","","Fish Hawk","","944","","","234","","","","",0,"","","",NA,"",NA,"",NA,"8/20/14 16:30","http://n2t.net/ark:/65665/3d645d530-ad93-45e6-a705-904f3f98ef05",NA,"No matching spatial-vessel reference record found"
"28937","Specimen/Lot","",1,"Malacoraja senta","Malacoraja senta","Malacoraja senta","","Malacoraja senta : Rajidae : Rajiformes : Chondrichthyes : Chordata","","","Rajiformes","Rajidae","","","","","","","","","","","","","",39.95,-69.32,"","","","Fish Hawk","","1031","","","466","","","","",0,"","","",NA,"",NA,"",NA,"8/20/14 16:30","http://n2t.net/ark:/65665/36d324168-1119-4bfd-a5ae-b29b8903417e",NA,"No matching spatial-vessel reference record found"
"28946","Specimen/Lot","",1,"Malacoraja senta","Malacoraja senta","Malacoraja senta","","Malacoraja senta : Rajidae : Rajiformes : Chondrichthyes : Chordata","","","Rajiformes","Rajidae","","","","","","","","","","","","","",39.93,-69.4,"","","","Fish Hawk","","1033","","","335","","","","",0,"","","",NA,"",NA,"",NA,"8/20/14 16:30","http://n2t.net/ark:/65665/3d4853a47-96b0-453b-818b-2e3592953d4d",NA,"No matching spatial-vessel reference record found"
"31589","Specimen/Lot","",1,"Malacoraja senta","Malacoraja senta","Malacoraja senta","","Malacoraja senta : Rajidae : Rajiformes : Chondrichthyes : Chordata","","","Rajiformes","Rajidae","","","","North Atlantic Ocean","","","","","","","","","(Open Atlantic Off N.J.)",39.95,-69.78,"United States Fish Commission","","","Fish Hawk","","1094","","","550","","","","",0,"","","",NA,"",NA,"",NA,"8/20/14 16:30","http://n2t.net/ark:/65665/34a8b8cd5-1105-4a17-9e88-edf566927809",NA,"No matching spatial-vessel reference record found"
"31606","Specimen/Lot","",1,"Malacoraja senta","Malacoraja senta","Malacoraja senta","","Malacoraja senta : Rajidae : Rajiformes : Chondrichthyes : Chordata","","","Rajiformes","Rajidae","","","","","","","","","","","","","",39.97,-69.7,"United States Fish Commission","","","Fish Hawk","","1092","","","369","","","","",0,"","","",NA,"",NA,"",NA,"8/20/14 16:30","http://n2t.net/ark:/65665/32ece8963-8cbe-4593-9a12-d329063ed9bd","11 Aug 1882 (1882 Aug 11 - 0000 00 00; 06:54) | 11 Aug 1881 (1881 Aug 11 - 0000 00 00)","Multiple conflicting dates found for spatial-vessel key"
"31844","Specimen/Lot","",1,"Merluccius albidus","Merluccius albidus","Merluccius albidus","","Merluccius albidus : Merlucciidae : Gadiformes : Actinopterygii : Chordata","","","Gadiformes","Merlucciidae","Merlucciinae","","","","","","","","","","","","",39.975,-70.6167,"United States Fish Commission","","","Fish Hawk","","1151","","","229","","Illustration::1; :Tank 03","","",0,"","","",NA,"",NA,"",NA,"8/19/14 15:36","http://n2t.net/ark:/65665/3fee8f7e5-5f5f-44b5-9a92-95c89d277e5d",NA,"No matching spatial-vessel reference record found"
"54913","Specimen/Lot","",1,"Merluccius bilinearis","Merluccius bilinearis","Merluccius bilinearis","","Merluccius bilinearis : Merlucciidae : Gadiformes : Actinopterygii : Chordata","","","Gadiformes","Merlucciidae","Merlucciinae","","","North Atlantic Ocean","","","","","","United States","Massachusetts","Dukes County","Vineyard Sound",41.4703,-70.7024,"","","","Fish Hawk","","1776","","","","","","","",45409,"","","",NA,"",NA,"",NA,"10/20/23 18:55","http://n2t.net/ark:/65665/3ffa6a061-c517-478a-bef1-8c8c3988c992","23 Aug 1892 (1892 00 00 - 0000 00 00) | 1892 (1892 00 00 - 0000 00 00) | 20 Aug 1892 (1892 Aug 20 - 0000 00 00) | 23 Aug 1892 | 30 Aug 1899 | 25 Aug 1892 (1892 Aug 25 - 0000 00 00) | 20 Aug 1892","Multiple conflicting dates found for spatial-vessel key"
"26198","Specimen/Lot","",1,"Nezumia bairdii","Nezumia bairdii","Nezumia bairdii","","Nezumia bairdii : Macrouridae : Gadiformes : Actinopterygii : Chordata","","","Gadiformes","Macrouridae","Macrourinae","","","North Atlantic Ocean","","","","","","United States","","","Atlantic-Newport, R.I.",39.8833,-70.975,"","","","Fish Hawk","","894","","","668","","","","Found in multi-lot jar. Specimen was separated into one single lot jar. The original count was left blank in the Ledger book.",NA,"","","",NA,"",NA,"",NA,"8/29/18 13:39","http://n2t.net/ark:/65665/37c6fe718-1f9a-4c63-8618-bc5b629cbbc9",NA,"No matching spatial-vessel reference record found"
"59106","Specimen/Lot","",1,"Petromyzon marinus","Petromyzon marinus","Petromyzon marinus","","Petromyzon marinus : Petromyzontidae : Petromyzontiformes : Cephalaspidomorphi : Chordata","","","Petromyzontiformes","Petromyzontidae","","","","North Atlantic Ocean","","","","","","United States","South Carolina","Georgetown County","Winyah Bay, South Carolina",33.2721,-79.222,"","","","Fish Hawk","","","","","","","","","",0,"","","",NA,"",NA,"",NA,"8/20/14 16:36","http://n2t.net/ark:/65665/3086b6bb5-802d-4cbf-ba20-278b069086d1","9 Jul 1915 (1915 Jul 09 - 0000 00 00; 22:35 - 23:35) | 1890 (1890 00 00 - 0000 00 00)","Multiple conflicting dates found for spatial-vessel key"
"54899","Specimen/Lot","",1,"Peprilus triacanthus","Poronotus triacanthus","Poronotus triacanthus","","Poronotus triacanthus : Stromateidae : Perciformes : Actinopterygii : Chordata","","","Perciformes","Stromateidae","","","","North Atlantic Ocean","","","","","","United States","Massachusetts","Dukes County","Vineyard Sound",41.4703,-70.7024,"","","","Fish Hawk","","1691","","","","","","","",45430,"","","",NA,"",NA,"",NA,"10/26/20 20:18","http://n2t.net/ark:/65665/334dc8dc0-c3a2-4da0-894d-9ab0e5e065b2","23 Aug 1892 (1892 00 00 - 0000 00 00) | 1892 (1892 00 00 - 0000 00 00) | 20 Aug 1892 (1892 Aug 20 - 0000 00 00) | 23 Aug 1892 | 30 Aug 1899 | 25 Aug 1892 (1892 Aug 25 - 0000 00 00) | 20 Aug 1892","Multiple conflicting dates found for spatial-vessel key"
"54920","Specimen/Lot","",1,"Peprilus triacanthus","Poronotus triacanthus","Poronotus triacanthus","","Poronotus triacanthus : Stromateidae : Perciformes : Actinopterygii : Chordata","","","Perciformes","Stromateidae","","","","North Atlantic Ocean","","","","","","United States","Massachusetts","","Vineyard Sound",41.4703,-70.7024,"","","","Fish Hawk","","1690","","","","","","","",45409,"","","",NA,"",NA,"",NA,"10/26/20 20:18","http://n2t.net/ark:/65665/3e14867ac-ecf7-4697-9add-7679ce7e583a","23 Aug 1892 (1892 00 00 - 0000 00 00) | 1892 (1892 00 00 - 0000 00 00) | 20 Aug 1892 (1892 Aug 20 - 0000 00 00) | 23 Aug 1892 | 30 Aug 1899 | 25 Aug 1892 (1892 Aug 25 - 0000 00 00) | 20 Aug 1892","Multiple conflicting dates found for spatial-vessel key"
"54929","Specimen/Lot","",1,"Peprilus triacanthus","Poronotus triacanthus","Poronotus triacanthus","","Poronotus triacanthus : Stromateidae : Perciformes : Actinopterygii : Chordata","","","Perciformes","Stromateidae","","","","North Atlantic Ocean","","","","","","United States","Massachusetts","","Vineyard sound",41.2528940594059,-69.9866655445545,"","","","Fish Hawk","","1689","","","","","","","",45430,"","","",NA,"",NA,"",NA,"10/26/20 20:18","http://n2t.net/ark:/65665/387e11831-556e-4494-8bca-a9da0eb43289","3 Aug 1882 (0000 00 00 - 0000 00 00) | 20 Aug 1892 (1892 Aug 20 - 0000 00 00; 13:35) | 18 Aug 1882 | 28 Aug 1882 (1882 Aug 28 - 0000 00 00) | 3 Sep 1880 | 3 Aug 1881 (1881 Aug 03 - 0000 00 00; 11:50) | 10 Oct 1892 | 26 Aug 1881 | 2 Sep 1882 (1882 Sep 2) | 2 Aug 1881 (1881 Aug 02 - 0000 00 00; 10:50)","Multiple conflicting dates found for spatial-vessel key"
"54932","Specimen/Lot","",1,"Peprilus triacanthus","Poronotus triacanthus","Poronotus triacanthus","","Poronotus triacanthus : Stromateidae : Perciformes : Actinopterygii : Chordata","","","Perciformes","Stromateidae","","","","North Atlantic Ocean","","","","","","United States","Massachusetts","","Vineyard Sound",41.4703,-70.7024,"","","","Fish Hawk","","1688","","","","","","","",45430,"","","",NA,"",NA,"",NA,"10/26/20 20:18","http://n2t.net/ark:/65665/36d849ea1-3ba7-4474-8d92-77fa381109dc","23 Aug 1892 (1892 00 00 - 0000 00 00) | 1892 (1892 00 00 - 0000 00 00) | 20 Aug 1892 (1892 Aug 20 - 0000 00 00) | 23 Aug 1892 | 30 Aug 1899 | 25 Aug 1892 (1892 Aug 25 - 0000 00 00) | 20 Aug 1892","Multiple conflicting dates found for spatial-vessel key"
"28864","Specimen/Lot","",1,"Amblyraja radiata","Raja radiata","Raja radiata","Amblyraja radiata","Raja radiata : Rajidae : Rajiformes : Chondrichthyes : Chordata","","","Rajiformes","Rajidae","","","","North Atlantic Ocean","","","","","","United States","Massachusetts","","Off Chatham, Cape Cod",41.6,-69.58,"","","","Fish Hawk","","","","","","","Unknown:Tank 03","","",0,"","","",NA,"",NA,"",NA,"8/19/14 15:36","http://n2t.net/ark:/65665/3707fef50-45c8-4a80-834f-abbdbebaca10",NA,"No matching spatial-vessel reference record found"
"31537","Specimen/Lot","",1,"Amblyraja radiata","Raja radiata","Raja radiata","Amblyraja radiata","Raja radiata : Rajidae : Rajiformes : Chondrichthyes : Chordata","","","Rajiformes","Rajidae","","","","North Atlantic Ocean","","","","","","United States","Massachusetts","","Race Point Light House south 20 west distance 2 miles",42.0601,-70.2805,"","","","Fish Hawk","","","","","0 to 63.1","","Unknown:Tank 03","","",0,"","","",NA,"",NA,"",NA,"8/19/14 15:38","http://n2t.net/ark:/65665/32af1fa91-969c-4170-852c-c96e317074eb",NA,"No matching spatial-vessel reference record found"
"170858","Specimen/Lot","",1,"Scomberomorus maculatus","Scomberomorus maculatus","Scomberomorus maculatus","","Scomberomorus maculatus : Scombridae : Perciformes : Actinopterygii : Chordata","","","Perciformes","Scombridae","Scombrinae","","","North Atlantic Ocean","Gulf of Mexico","","","","","United States","Florida","","Florida, lake to eastward of Bahia Honda Way",24.6714,-81.2487,"","","","Fish Hawk","","","","","","","Unknown:Tank 09","","",0,"","","",NA,"",NA,"",NA,"8/19/14 15:43","http://n2t.net/ark:/65665/3271fbeed-9407-48b6-a32c-18fc209240d7",NA,"No matching spatial-vessel reference record found"
"54903","Specimen/Lot","",1,"Scophthalmus aquosus","Scophthalmus aquosus","Scophthalmus aquosus","Lophopsetta maculata","Scophthalmus aquosus : Scophthalmidae : Pleuronectiformes : Actinopterygii : Chordata","","","Pleuronectiformes","Scophthalmidae","","","","North Atlantic Ocean","","","","","","United States","Massachusetts","Dukes County","Vineyard Sound",41.4703,-70.7024,"","","","Fish Hawk","","1691","","","","","","","",45409,"","","",NA,"",NA,"",NA,"10/21/20 15:45","http://n2t.net/ark:/65665/3048d3f6f-24df-4d47-ae40-80d05f1ae30d","23 Aug 1892 (1892 00 00 - 0000 00 00) | 1892 (1892 00 00 - 0000 00 00) | 20 Aug 1892 (1892 Aug 20 - 0000 00 00) | 23 Aug 1892 | 30 Aug 1899 | 25 Aug 1892 (1892 Aug 25 - 0000 00 00) | 20 Aug 1892","Multiple conflicting dates found for spatial-vessel key"
"54909","Specimen/Lot","",1,"Scophthalmus aquosus","Scophthalmus aquosus","Scophthalmus aquosus","Lophopsetta maculata","Scophthalmus aquosus : Scophthalmidae : Pleuronectiformes : Actinopterygii : Chordata","","","Pleuronectiformes","Scophthalmidae","","","","North Atlantic Ocean","","","","","","United States","Massachusetts","Dukes County","Vineyard Sound",41.4703,-70.7024,"","","","Fish Hawk","","1776","","","","","","","",45409,"","","",NA,"",NA,"",NA,"10/21/20 17:24","http://n2t.net/ark:/65665/374774472-e270-406c-8ae2-2bd1c6e2b798","23 Aug 1892 (1892 00 00 - 0000 00 00) | 1892 (1892 00 00 - 0000 00 00) | 20 Aug 1892 (1892 Aug 20 - 0000 00 00) | 23 Aug 1892 | 30 Aug 1899 | 25 Aug 1892 (1892 Aug 25 - 0000 00 00) | 20 Aug 1892","Multiple conflicting dates found for spatial-vessel key"
"29090","Specimen/Lot","",1,"Scyliorhinus retifer","Scyliorhinus retifer","Scyliorhinus retifer","Scyliorhinus retifer retifer","Scyliorhinus retifer : Scyliorhinidae : Carcharhiniformes : Chondrichthyes : Chordata","","","Carcharhiniformes","Scyliorhinidae","","","","","","","","","","","","","",39.93,-69.4,"","","","Fish Hawk","","1033","","","335","","","","",0,"","","",NA,"",NA,"",NA,"8/20/14 16:30","http://n2t.net/ark:/65665/34872bc8e-38e0-4474-b274-630e1bd37eb5",NA,"No matching spatial-vessel reference record found"
"31539","Specimen/Lot","",1,"Sebastes norvegicus","Sebastes marinus","Sebastes marinus","","Sebastes marinus : Sebastidae : Scorpaeniformes : Actinopterygii : Chordata","","","Scorpaeniformes","Sebastidae","Sebastinae","","","North Atlantic Ocean","","","","","","United States","Massachusetts","","Cape Cod Light House, northwest 3/4 west 11 1/2 miles",41.2528940594059,-69.9866655445545,"","","","Fish Hawk","","1082","","","51","","Unknown:Tank 02","","",0,"","","",NA,"",NA,"",NA,"8/19/14 15:39","http://n2t.net/ark:/65665/389089be6-cea7-4f83-b730-410db14bc482","3 Aug 1882 (0000 00 00 - 0000 00 00) | 20 Aug 1892 (1892 Aug 20 - 0000 00 00; 13:35) | 18 Aug 1882 | 28 Aug 1882 (1882 Aug 28 - 0000 00 00) | 3 Sep 1880 | 3 Aug 1881 (1881 Aug 03 - 0000 00 00; 11:50) | 10 Oct 1892 | 26 Aug 1881 | 2 Sep 1882 (1882 Sep 2) | 2 Aug 1881 (1881 Aug 02 - 0000 00 00; 10:50)","Multiple conflicting dates found for spatial-vessel key"
"31714","Specimen/Lot","",1,"Sebastes norvegicus","Sebastes marinus","Sebastes marinus","","Sebastes marinus : Sebastidae : Scorpaeniformes : Actinopterygii : Chordata","","","Scorpaeniformes","Sebastidae","Sebastinae","","","","","","","","","","","","",40.03,-68.83,"United States Fish Commission","","","Fish Hawk","","1122","","","642","","Unknown:Tank 01","","",0,"","","",NA,"",NA,"",NA,"8/19/14 15:30","http://n2t.net/ark:/65665/32f10dc68-dc0e-4420-9162-0ce97138ebcb",NA,"No matching spatial-vessel reference record found"
"157565","Specimen/Lot","",1,"Seriola fasciata","Seriola fasciata","Seriola fasciata","","Seriola fasciata : Carangidae : Perciformes : Actinopterygii : Chordata","","","Perciformes","Carangidae","","","","North Atlantic Ocean","","","","","","","","","Atlantic, Caribbean, or Gulf of Mexico",33.7155431873432,-74.4674725885909,"","","","Fish Hawk","","","","","","","","","",0,"","","",NA,"",NA,"",NA,"7/18/19 16:14","http://n2t.net/ark:/65665/38d1aa485-e3fd-4168-96d6-f55d7797f5c5","9 Sep 1892 (1892 Sep 09 - 0000 00 00; 15:00) | Sep 1892 (1892 Sep 00 - 0000 00 00) | 9 Sep 1892 (1892 Sep 09 - 0000 00 00; 14:05) | 17 Apr 1881 (1881 Apr 17 - 0000 00 00) | 23 Feb 1914 (1914 Feb 23 - 0000 00 00) | 28 Jul 1915 (1915 Jul 28 - 0000 00 00) | 18 Aug 1882 (1882 Aug 18 - 0000 00 00)","Multiple conflicting dates found for spatial-vessel key"
"170856","Specimen/Lot","",1,"Seriola rivoliana","Seriola rivoliana","Seriola rivoliana","","Seriola rivoliana : Carangidae : Perciformes : Actinopterygii : Chordata","","","Perciformes","Carangidae","","","","North Atlantic Ocean","","","","","","United States","Florida","Miami-Dade County","Florida, Fowey Rocks",25.5905,-80.0969,"","","Tag No. : 4434","Fish Hawk","","","","","","","Unknown:Tank 03","","",0,"","","",NA,"",NA,"",NA,"8/19/14 15:37","http://n2t.net/ark:/65665/3506b4097-31a1-4a76-9045-128a8feb645b",NA,"No matching spatial-vessel reference record found"
"50108","Specimen/Lot","",1,"Sphyraena barracuda","Sphyraena barracuda","Sphyraena barracuda","","Sphyraena barracuda : Sphyraenidae : Perciformes : Actinopterygii : Chordata","","","Perciformes","Sphyraenidae","","","","North Atlantic Ocean","Caribbean Sea","Greater Antilles","","Puerto Rico","","United States","Puerto Rico","","Fajardo, Puerto Rico.",18.3367,-65.6334,"","","","Fish Hawk","","","","","","","Unknown:Tank 01","","",37759,"","","",NA,"",NA,"",NA,"8/19/14 15:31","http://n2t.net/ark:/65665/3af88a388-830c-4347-800e-04ff2b0a8d5d","17 Feb 1899 (1899 Feb 17 - 0000 00 00) | 14 Feb 1899 (1899 Feb 14 - 0000 00 00) | 17 Jan 1899","Multiple conflicting dates found for spatial-vessel key"
"73035","Specimen/Lot","",1,"Stegastes leucostictus","Stegastes leucostictus","Stegastes leucostictus","","Stegastes leucostictus : Pomacentridae : Perciformes : Actinopterygii : Chordata","","","Perciformes","Pomacentridae","","","","North Atlantic Ocean","Gulf of Mexico","","","","","United States","Florida","Polk County","Highland, Florida",26.8489347048301,-82.4323873881932,"","","","Fish Hawk","","7253","","","","","","","1 of orig. 2 spec. exch. 03/29/13.",53826,"","","",NA,"",NA,"",NA,"8/25/14 18:08","http://n2t.net/ark:/65665/33f38b863-5567-4e01-acfc-445e96e3832b","2 May 1915 (May 2, 1915, 19:00-20:00pm) | 1 Jan 1913 (January 1, 1913) | 18 Dec 1902 (1902 Dec 18) | 19-Feb-03 | 1901 (1901 00 00 - 0000 00 00) | 25-Mar-03 | 1889 | 24-Feb-02 | 21 Mar 1889 (March 21 1889) | 13 Feb 1902 (1902 Feb 13) | 30 Mar 1903 (March 30, 1903. 10:45 a.m.) | 9-Jan-03 | 15 Jan 1902 (1902 Jan 15 - 0000 00 00) | 24 Jan 1902 (1902 Jan 24 - 0000 00 00) | 22-Jan-03","Multiple conflicting dates found for spatial-vessel key"
"54939","Specimen/Lot","",1,"Strongylura marina","Strongylura marina","Strongylura marina","","Strongylura marina : Belonidae : Beloniformes : Actinopterygii : Chordata","","","Beloniformes","Belonidae","","","","North Atlantic Ocean","Chesapeake Bay","","","","North America","United States","Virginia","","East River, Mobjack Bay, Virginia",37.4102,-76.3453,"","","","Fish Hawk","","","United States Fish Commission (USFC)","","","","","","",45430,"","","",NA,"",NA,"",NA,"8/25/14 15:18","http://n2t.net/ark:/65665/3cf853b48-bcdb-4c34-8778-060e974b75fe",NA,"No matching spatial-vessel reference record found"
"50110","Specimen/Lot","",1,"Strongylura timucu","Strongylura timucu","Strongylura timucu","","Strongylura timucu : Belonidae : Beloniformes : Actinopterygii : Chordata","","","Beloniformes","Belonidae","","","","North Atlantic Ocean","Caribbean Sea","Greater Antilles","","Puerto Rico","","United States","Puerto Rico","","San Juan Market. Puerto Rico.",18.2217179104478,-66.4424305970149,"","","","Fish Hawk","","","","","","","Unknown:Tank 02","","",37759,"","","",NA,"",NA,"",NA,"8/19/14 15:39","http://n2t.net/ark:/65665/34b0897e9-6fde-4b73-bf5c-0696112b3179","1899 (1899 00 00 - 0000 00 00) | 1898 to 1899 (1898 00 00 - 1899 00 00) | 1898 to 1899 (1898-1899) | 22 Feb 1899 (1899 Feb 22 - 0000 00 00) | 14 Jan 1899 (1899 Jan 14 - 0000 00 00) | 20 Jan 1899 | 25 Jan 1899","Multiple conflicting dates found for spatial-vessel key"
"399916","Specimen/Lot","",1,"Syngnathus fuscus","Syngnathus fuscus","Syngnathus fuscus","","Syngnathus fuscus : Syngnathidae : Syngnathiformes : Actinopterygii : Chordata","","","Syngnathiformes","Syngnathidae","Syngnathinae","","","North Atlantic Ocean","","","","","","United States","","","Chesapeake Bay",37.8233333333333,-76.2619333333333,"","","","Fish Hawk","","","United States Bureau of Fisheries (USBF)","","","","","","This lot was labeled USNM 77924, but there was no tag in the vial or jar. It also does not match the entry in the ledger which already has a corresponding jar and specimen WITH a metal USNM tag. For this reason the lot has been given a new number which it is entered as.",59597,"","","",NA,"",NA,"",NA,"8/20/14 19:16","http://n2t.net/ark:/65665/3e7bbc345-21ef-4950-9d7b-84bc449660b1","9 Dec 1920 (1920 Dec 09 - 0000 00 00) | 1882 (1882 00 00 - 0000 00 00) | 21-Mar-14 | 26 Jan 1921 (1921 Jan 26 - 0000 00 00) | 7 Jul 1920 (1920 Jul 07 - 0000 00 00) | 28 Jul 1916 (1916 Jul 28 - 0000 00 00) | 23-Oct-15 | 4 Dec 1920 (1920 Dec 04 - 0000 00 00) | 27 Jan 1921 (1921 Jan 27 - 0000 00 00)","Multiple conflicting dates found for spatial-vessel key"
"50113","Specimen/Lot","",1,"Synodus intermedius","Synodus intermedius","Synodus intermedius Spix & Agassiz","","Synodus intermedius Spix & Agassiz : Synodontidae : Aulopiformes : Actinopterygii : Chordata","","","Aulopiformes","Synodontidae","","","","North Atlantic Ocean","Caribbean Sea","Greater Antilles","Puerto Rican Virgin Islands","Isla de Vieques","","United States","Puerto Rico","Vieques","Puerto Real, Puerto Rico.",18.0759,-67.1889,"","","","Fish Hawk","","","","","","","Unknown:Tank 01","","",37759,"","","",NA,"",NA,"",NA,"8/19/14 15:31","http://n2t.net/ark:/65665/3ec0f1fc0-b730-42e9-b094-f141ab90aa06","27 Jan 1899 | 26 Jan 1899 to 27 Jan 1899 (1899 Jan 26 - 1899 Jan 27) | 29 Jan 1899 | 25 Jan 1899 (1899 Jan 25 - 0000 00 00) | 1899 (1899 00 00 - 0000 00 00)","Multiple conflicting dates found for spatial-vessel key"
"50109","Specimen/Lot","",1,"Tylosurus crocodilus","Tylosurus crocodilus","Tylosurus crocodilus crocodilus","","Tylosurus crocodilus crocodilus : Belonidae : Beloniformes : Actinopterygii : Chordata","","","Beloniformes","Belonidae","","","","North Atlantic Ocean","Caribbean Sea","Greater Antilles","","Puerto Rico","","United States","Puerto Rico","Mayagüez","Mayaguez Puerto Rico.",18.2013,-67.1495,"","","","Fish Hawk","","","","","","","Unknown:Tank 01","","",37759,"","","",NA,"",NA,"",NA,"8/19/14 15:31","http://n2t.net/ark:/65665/37fa2fdba-998b-448f-987e-a2fbad1cb1fc","19 Jan 1899 (1899 Jan 19 - 0000 00 00) | 20 Jan 1899 | 20 Jan 1899 (1899 Jan 20 - 0000 00 00) | Jan 1899 (1899 Jan 00 - 0000 00 00)","Multiple conflicting dates found for spatial-vessel key"
"43360","Specimen/Lot","",1,"Acanthistius patachonicus","Acanthistius patachonicus","Acanthistius patachonicus","","Acanthistius patachonicus : Serranidae : Perciformes : Actinopterygii : Chordata","","","Perciformes","Serranidae","Anthiinae","","","South Atlantic Ocean","","","","","South America","Argentina","","","Cape San Mathias Patagonia (Argentina)",-40.4814944444444,-59.5203444444444,"","","","Albatross","","","","","","","Unknown:Tank 02","","",24039,"","","",NA,"",NA,"",NA,"8/19/14 15:39","http://n2t.net/ark:/65665/32c3f5d40-7ab2-40c5-bb0a-c184619d5a7c","1887 (1887 00 00 - 0000 00 00) | 8 Feb 1888 (1888 Feb 08 - 0000 00 00)","Multiple conflicting dates found for spatial-vessel key"
"41318","Specimen/Lot","",1,"Acanthostracion polygonium","Acanthostracion polygonius","Acanthostracion polygonius","Ostracion tricome","Acanthostracion polygonius : Ostraciidae : Tetraodontiformes : Actinopterygii : Chordata","","","Tetraodontiformes","Ostraciidae","","","","North Atlantic Ocean","Caribbean Sea","Lesser Antilles","Windward Islands","Saint Lucia","","Saint Lucia","","","St. Lucia",13.5444,-62.9,"","","","Albatross","","","","","","",":Tank 01","","",0,"","","",NA,"",NA,"",NA,"3/2/17 17:15","http://n2t.net/ark:/65665/354643f20-2572-4c7b-9f21-7d6acc9ca3ee","30 Nov 1887 (1887 Nov 30 - 0000 00 00) | 30 Nov 1887 | 1888 | 28 Jan 1884 | 3 Dec 1887 to 1888 (3 Dec 1887 - 1888) | Nov 1887 | 1887","Multiple conflicting dates found for spatial-vessel key"
"65405","Specimen/Lot","",1,"Achirus klunzingeri","Achirus klunzingeri","Achirus klunzingeri","","Achirus klunzingeri : Achiridae : Pleuronectiformes : Actinopterygii : Chordata","","","Pleuronectiformes","Achiridae","","","","North Atlantic Ocean","Caribbean Sea","","","","","Panama","","","Panama",9.5333,-79.9083,"","3138","","Albatross","","","","","","","","","Number 3138 is not albatross station number; that station is off california and the catalog book says this one is from panama",51565,"","","",NA,"",NA,"",NA,"8/20/14 18:42","http://n2t.net/ark:/65665/30ee1a2df-0e25-4955-bbed-27601bbb22d5","Mar 1884 to Apr 1884 (1884 Mar 00 - 1884 Apr 00) | 1884 (1884 00 00 - 0000 00 00) | 2 Apr 1884","Multiple conflicting dates found for spatial-vessel key"
"43336","Specimen/Lot","",1,"Aetobatus narinari","Aetobatus narinari","Aetobatus narinari","","Aetobatus narinari : Myliobatidae : Myliobatiformes : Chondrichthyes : Chordata","","","Myliobatiformes","Myliobatidae","Myliobatinae","","","South Atlantic Ocean","","","","","","Brazil","","","Bahia, Brazil.",-9.52977857142857,-38.5597714285714,"United States Fish Commission","","","Albatross","","","","","","","","","",24039,"","","",NA,"",NA,"",NA,"8/20/14 16:33","http://n2t.net/ark:/65665/3d52b7acb-24ae-438b-8df0-eedeb8146e4f",NA,"No matching spatial-vessel reference record found"
"34855","Specimen/Lot","",1,"Alectis ciliaris","Alectis ciliaris","Alectis ciliaris","","Alectis ciliaris : Carangidae : Perciformes : Actinopterygii : Chordata","","","Perciformes","Carangidae","","","","North Atlantic Ocean","Gulf of Mexico","Florida Keys","","Key West","","United States","Florida","Monroe County","Key West",24.5505,-81.7696,"","","","Albatross","","","","","","","","","",14286,"","","",NA,"",NA,"",NA,"8/25/14 15:54","http://n2t.net/ark:/65665/31066d975-a294-4b1f-90fa-685590b7774d","15 Apr 1884 (1884 Apr 15 - 0000 00 00) | 1886 (1886 00 00 - 0000 00 00) | 1884 (1884 00 00 - 0000 00 00) | 28 May 1884 (1884 May 28 - 0000 00 00) | May 1884 (1884 May 00 - 0000 00 00)","Multiple conflicting dates found for spatial-vessel key"
"152089","Specimen/Lot","",1,"Aluterus monoceros","Aluterus monoceros","Aluterus monoceros","","Aluterus monoceros : Monacanthidae : Tetraodontiformes : Actinopterygii : Chordata","","","Tetraodontiformes","Monacanthidae","","","","North Atlantic Ocean","","","","","","United States","North Carolina","","Off N.C. Coast",35.0482294736842,-75.7520103759398,"","","","Albatross III","","","","","","","Unknown:Tank 02","","",187456,"","","",NA,"",NA,"",NA,"8/19/14 15:38","http://n2t.net/ark:/65665/3da4850fe-74d6-46f5-a037-2ebccee0090b","Jan 1950 (1950 Jan 00 - 0000 00 00) | Jan 1950 to Feb 1950 (1950 Jan 00 - 1950 Feb 00) | May 1949 (1949 May 00 - 0000 00 00) | Jan 1950 to Feb 1950","Multiple conflicting dates found for spatial-vessel key"
"33333","Specimen/Lot","",1,"Aluterus schoepfii","Aluterus schoepfii","Aluterus schoepfii","","Aluterus schoepfii : Monacanthidae : Tetraodontiformes : Actinopterygii : Chordata","","","Tetraodontiformes","Monacanthidae","","","","North Atlantic Ocean","","","","","","United States","Virginia","","Chesapeake Bay, off mouth of Great Wicomico River.",37.2089665876777,-75.0037312796209,"","","","Albatross","","","","","","","Unknown:Tank 01","","",0,"","","",NA,"",NA,"",NA,"8/19/14 15:30","http://n2t.net/ark:/65665/3c5e50c49-a025-4f8b-9882-5107bd8dab71",NA,"No matching spatial-vessel reference record found"
"33332","Specimen/Lot","",1,"Aluterus schoepfii","Aluterus schoepfii","Aluterus schoepfii","","Aluterus schoepfii : Monacanthidae : Tetraodontiformes : Actinopterygii : Chordata","","","Tetraodontiformes","Monacanthidae","","","","North Atlantic Ocean","","","","","","United States","Virginia","","Chesapeake Bay, off mouth of Great Wicomico River.",37.2089665876777,-75.0037312796209,"","","","Albatross","","","","","","","Unknown:Tank 01","","",0,"","","",NA,"",NA,"",NA,"8/19/14 15:30","http://n2t.net/ark:/65665/3bb52cb0e-5051-498c-92ab-52ef98393b2e",NA,"No matching spatial-vessel reference record found"
"120384","Specimen/Lot","",1,"Amphelikturus dendriticus","Amphelikturus dendriticus","Amphelikturus dendriticus","Acentronura dendritica","Amphelikturus dendriticus : Syngnathidae : Syngnathiformes : Actinopterygii : Chordata","","","Syngnathiformes","Syngnathidae","Syngnathinae","","","North Atlantic Ocean","","Bahamian Archipelago","Bahama Islands","New Providence Island","","Bahamas","","","Bahama Is. New Providence.",26.7301716666667,-77.3733416666667,"","","","Albatross","","","","","","","","","Out of usnm 38514. Probably collected in 1886.",0,"","","",NA,"",NA,"",NA,"3/5/20 16:28","http://n2t.net/ark:/65665/3d285b9bd-f426-4a5a-9f78-3236945ce9fc","16 Mar 1886 (1886 Mar 16 - 0000 00 00) | 5 Mar 1886 (1886 Mar 05 - 0000 00 00) | 23 Apr 1886 | 10 Mar 1886 (1886 Mar 10 - 0000 00 00) | 5 Mar 1886 | 27 Feb 1886 | 10 Apr 1886 (1886 Apr 10 - 0000 00 00) | 1886 (0000 00 00 - 0000 00 00) | 23 Mar 1886 (1886 Mar 23 - 0000 00 00) | Mar 1886 | 12 Apr 1886 (1886 Apr 12 - 0000 00 00) | 1886 | 23 Mar 1886 | 1886 (1886 00 00 - 0000 00 00)","Multiple conflicting dates found for spatial-vessel key"
"271933","Specimen/Lot","",1,"Anisotremus virginicus","Anisotremus virginicus","Anisotremus virginicus","","Anisotremus virginicus : Haemulidae : Perciformes : Actinopterygii : Chordata","","","Perciformes","Haemulidae","","","","North Atlantic Ocean","Gulf of Mexico","Florida Keys","","Key West","","United States","Florida","Monroe County","Key West",24.5505,-81.7696,"United States Fish Commission","","Other Number : 34875; Bone Ledger Number : 26642","Albatross","","","","","","","Dry Osteological Specimen::1","","Skeleton; no. 34875 and 26642; red'd. u.s.f.c.",0,"","","",NA,"",NA,"",NA,"6/17/18 18:17","http://n2t.net/ark:/65665/36d93e546-c2bc-4803-bf6f-d096203e6582","15 Apr 1884 (1884 Apr 15 - 0000 00 00) | 1886 (1886 00 00 - 0000 00 00) | 1884 (1884 00 00 - 0000 00 00) | 28 May 1884 (1884 May 28 - 0000 00 00) | May 1884 (1884 May 00 - 0000 00 00)","Multiple conflicting dates found for spatial-vessel key"
"32081","Specimen/Lot","",1,"Anisotremus virginicus","Anisotremus virginicus","Anisotremus virginicus","","Anisotremus virginicus : Haemulidae : Perciformes : Actinopterygii : Chordata","","","Perciformes","Haemulidae","","","","Atlantic","Caribbean Sea","Greater Antilles","","Jamaica","","Jamaica","","","Jamaica, West Indies",17.6444666666667,-76.3921666666667,"","","","Albatross","","","","","","","","","Ledger states two specimens, but only one found in jar February 2009.",11760,"","","",NA,"",NA,"",NA,"8/25/14 18:55","http://n2t.net/ark:/65665/3a43d1d86-7234-426d-827d-855cc66e2a36","1 Mar 1884 to 11 Mar 1884 (1884 Mar 01 - 1884 Mar 11) | 1884 (1884 00 00 - 0000 00 00)","Multiple conflicting dates found for spatial-vessel key"
"38443","Specimen/Lot","",1,"Anisotremus virginicus","Anisotremus virginicus","Anisotremus virginicus","","Anisotremus virginicus : Haemulidae : Perciformes : Actinopterygii : Chordata","","","Perciformes","Haemulidae","","","","North Atlantic Ocean","","Bahamian Archipelago","Bahama Islands","New Providence Island","","Bahamas","","","Nassau",26.7301716666667,-77.3733416666667,"","","","Albatross","","","","","","","Unknown:Tank 01","","",0,"","","",NA,"",NA,"",NA,"8/19/14 15:30","http://n2t.net/ark:/65665/370fb072c-3715-460a-ac0f-370da9425987","16 Mar 1886 (1886 Mar 16 - 0000 00 00) | 5 Mar 1886 (1886 Mar 05 - 0000 00 00) | 23 Apr 1886 | 10 Mar 1886 (1886 Mar 10 - 0000 00 00) | 5 Mar 1886 | 27 Feb 1886 | 10 Apr 1886 (1886 Apr 10 - 0000 00 00) | 1886 (0000 00 00 - 0000 00 00) | 23 Mar 1886 (1886 Mar 23 - 0000 00 00) | Mar 1886 | 12 Apr 1886 (1886 Apr 12 - 0000 00 00) | 1886 | 23 Mar 1886 | 1886 (1886 00 00 - 0000 00 00)","Multiple conflicting dates found for spatial-vessel key"
"41739","Specimen/Lot","",1,"Antennarius striatus","Antennarius striatus","Antennarius striatus","Phrynelox scaber","Antennarius striatus : Antennariidae : Lophiiformes : Actinopterygii : Chordata","","","Lophiiformes","Antennariidae","Antennariinae","","","North Atlantic Ocean","Caribbean Sea","Lesser Antilles","Windward Islands","Saint Lucia","","Saint Lucia","","","St. Lucia",13.5444,-62.9,"",""," : 1775;  : 36","Albatross","","","","","","","","","",NA,"","","",NA,"",NA,"",NA,"3/2/17 17:15","http://n2t.net/ark:/65665/3b4e87a94-9c08-4594-8701-ea3be782ac18","30 Nov 1887 (1887 Nov 30 - 0000 00 00) | 30 Nov 1887 | 1888 | 28 Jan 1884 | 3 Dec 1887 to 1888 (3 Dec 1887 - 1888) | Nov 1887 | 1887","Multiple conflicting dates found for spatial-vessel key"
"43297","Specimen/Lot","",1,"Apogon americanus","Apogon americanus","Apogon americanus","","Apogon americanus : Apogonidae : Perciformes : Actinopterygii : Chordata","","","Perciformes","Apogonidae","Apogoninae","","","South Atlantic Ocean","","","","","","Brazil","Bahia","","Bahia, Brazil",-14.766675,-38.23205,"","","","Albatross","","5822","","","","","Radiograph::2","","",24039,"","","",NA,"",NA,"",NA,"12/30/15 19:40","http://n2t.net/ark:/65665/3a67c6793-03d0-4838-9d12-56b44bb395bd","Dec 1887 | 1887 | 1887 (1887 00 00 - 0000 00 00)","Multiple conflicting dates found for spatial-vessel key"
"64046","Specimen/Lot","",1,"Apristurus brunneus","Apristurus brunneus","Apristurus brunneus","","Apristurus brunneus : Scyliorhinidae : Carcharhiniformes : Chondrichthyes : Chordata","","","Carcharhiniformes","Scyliorhinidae","","","","North Atlantic Ocean","","","","","","United States","Georgia","","Gulf of Georgia, Halibut Bank",31.2153037037037,-78.8574666666667,"","","","Albatross","","4198","","","421","","","","",49976,"","","",NA,"",NA,"",NA,"8/20/14 16:38","http://n2t.net/ark:/65665/367a1debe-661e-44f5-b4a9-5ca994eb5ecd",NA,"No matching spatial-vessel reference record found"
"395803","Specimen/Lot","",1,"Astrapogon stellatus","Astrapogon stellatus","Astrapogon stellatus","","Astrapogon stellatus : Apogonidae : Perciformes : Actinopterygii : Chordata","","","Perciformes","Apogonidae","Apogoninae","","","North Atlantic Ocean","","Bahamian Archipelago","Bahama Islands","New Providence Island","","Bahamas","","","Nassau",26.7301716666667,-77.3733416666667,"","","","Albatross","","","","","","","","","removed from USNM 38471; drawn",NA,"","","",NA,"",NA,"",NA,"8/25/14 18:57","http://n2t.net/ark:/65665/347c9b485-9425-4840-9b81-60f10ae5ca71","16 Mar 1886 (1886 Mar 16 - 0000 00 00) | 5 Mar 1886 (1886 Mar 05 - 0000 00 00) | 23 Apr 1886 | 10 Mar 1886 (1886 Mar 10 - 0000 00 00) | 5 Mar 1886 | 27 Feb 1886 | 10 Apr 1886 (1886 Apr 10 - 0000 00 00) | 1886 (0000 00 00 - 0000 00 00) | 23 Mar 1886 (1886 Mar 23 - 0000 00 00) | Mar 1886 | 12 Apr 1886 (1886 Apr 12 - 0000 00 00) | 1886 | 23 Mar 1886 | 1886 (1886 00 00 - 0000 00 00)","Multiple conflicting dates found for spatial-vessel key"
"38459","Specimen/Lot","",1,"Atherinomorus stipes","Atherinomorus stipes","Atherinomorus stipes","","Atherinomorus stipes : Atherinidae : Atheriniformes : Actinopterygii : Chordata","","","Atheriniformes","Atherinidae","Atherininae","","","North Atlantic Ocean","","Bahamian Archipelago","Bahama Islands","Rum Cay","","Bahamas","","","Rum Cay",26.7301716666667,-77.3733416666667,"","","","Albatross","","","","","","","","","",0,"","","",NA,"",NA,"",NA,"8/25/14 15:42","http://n2t.net/ark:/65665/3d34c3e4c-5e11-4e48-99ab-1215b9b45f98","16 Mar 1886 (1886 Mar 16 - 0000 00 00) | 5 Mar 1886 (1886 Mar 05 - 0000 00 00) | 23 Apr 1886 | 10 Mar 1886 (1886 Mar 10 - 0000 00 00) | 5 Mar 1886 | 27 Feb 1886 | 10 Apr 1886 (1886 Apr 10 - 0000 00 00) | 1886 (0000 00 00 - 0000 00 00) | 23 Mar 1886 (1886 Mar 23 - 0000 00 00) | Mar 1886 | 12 Apr 1886 (1886 Apr 12 - 0000 00 00) | 1886 | 23 Mar 1886 | 1886 (1886 00 00 - 0000 00 00)","Multiple conflicting dates found for spatial-vessel key"
"35124","Specimen/Lot","",1,"Aulostomus maculatus","Aulostomus maculatus","Aulostomus maculatus","","Aulostomus maculatus : Aulostomidae : Syngnathiformes : Actinopterygii : Chordata","","","Syngnathiformes","Aulostomidae","","","","Atlantic","Caribbean Sea","Greater Antilles","","Jamaica","","Jamaica","","","West Indies, Jamaica",17.6444666666667,-76.3921666666667,"","","","Albatross","","","","","","","","","",14286,"","","",NA,"",NA,"",NA,"8/20/14 19:26","http://n2t.net/ark:/65665/32eaee5ff-38dd-4855-b363-183b1d5bc2a6","1 Mar 1884 to 11 Mar 1884 (1884 Mar 01 - 1884 Mar 11) | 1884 (1884 00 00 - 0000 00 00)","Multiple conflicting dates found for spatial-vessel key"
"34873","Specimen/Lot","",1,"Aulostomus maculatus","Aulostomus maculatus","Aulostomus maculatus","","Aulostomus maculatus : Aulostomidae : Syngnathiformes : Actinopterygii : Chordata","","","Syngnathiformes","Aulostomidae","","","","North Atlantic Ocean","","Bahamian Archipelago","Bahama Islands","New Providence Island","","Bahamas","","","New Providence",26.7301716666667,-77.3733416666667,"","","Tin Tag : 165","Albatross","","","","","","","","","",14286,"","","",NA,"",NA,"",NA,"8/20/14 19:26","http://n2t.net/ark:/65665/330e45d94-1f96-4951-b1d0-61b7ff48b7c2","16 Mar 1886 (1886 Mar 16 - 0000 00 00) | 5 Mar 1886 (1886 Mar 05 - 0000 00 00) | 23 Apr 1886 | 10 Mar 1886 (1886 Mar 10 - 0000 00 00) | 5 Mar 1886 | 27 Feb 1886 | 10 Apr 1886 (1886 Apr 10 - 0000 00 00) | 1886 (0000 00 00 - 0000 00 00) | 23 Mar 1886 (1886 Mar 23 - 0000 00 00) | Mar 1886 | 12 Apr 1886 (1886 Apr 12 - 0000 00 00) | 1886 | 23 Mar 1886 | 1886 (1886 00 00 - 0000 00 00)","Multiple conflicting dates found for spatial-vessel key"
"34896","Specimen/Lot","",1,"Aulostomus maculatus","Aulostomus maculatus","Aulostomus maculatus","","Aulostomus maculatus : Aulostomidae : Syngnathiformes : Actinopterygii : Chordata","","","Syngnathiformes","Aulostomidae","","","","Atlantic Ocean","","","","","","","","","No Data",39.5543714285714,-71.7667,"United States Fish Commission","","","Albatross","","","","","","","","","",14286,"","","",NA,"",NA,"",NA,"8/20/14 19:26","http://n2t.net/ark:/65665/375b7ad45-279f-4576-9b0a-cc70048da69f","1883 to 1886 (1883 00 00 - 1886 00 00) | 25 Oct 1886 (1886 Oct 25 - 0000 00 00) | (0000 Aug 00 - 0000 00 00)","Multiple conflicting dates found for spatial-vessel key"
"35131","Specimen/Lot","",1,"Bagre marinus","Bagre longispinis","Bagre longispinis","Aelurichthys longispinis","Bagre longispinis : Ariidae : Siluriformes : Actinopterygii : Chordata","","","Siluriformes","Ariidae","","","","Atlantic","Caribbean Sea","","","","","Colombia","Atlantico","","Sabanillo, New Granada (Colombia) (Uncertain)",9.50973333333333,-76.3972333333333,"","","","Albatross","","","","","","","Unknown:Tank 01","","",14286,"","","",NA,"",NA,"",NA,"6/24/16 12:37","http://n2t.net/ark:/65665/3e88afda3-623e-4ea6-becf-10b4f6bacc99","16 Mar 1884 to 22 Mar 1884 (1884 Mar 16 - 1884 Mar 22) | 4 Apr 1884 to 9 Apr 1884 | Mar 1884 (1884 Mar 00 - 0000 00 00) | 16 Mar 1884 to 22 Mar 1884","Multiple conflicting dates found for spatial-vessel key"
"101368","Specimen/Lot","",1,"Bathypterois phenax","Bathypterois phenax","Bathypterois phenax","","Bathypterois phenax : Ipnopidae : Aulopiformes : Actinopterygii : Chordata","","","Aulopiformes","Ipnopidae","","","","Atlantic Ocean","","","","","","","","","Probably Atlantic",39.5543714285714,-71.7667,"","","","Albatross","","","Albatross Expedition","","","","","","The station number for this specimen was lost per jar label.",NA,"","","",NA,"",NA,"",NA,"10/18/16 18:37","http://n2t.net/ark:/65665/3a2660cc3-f7e5-47d9-b43d-e3150a8311e9","1883 to 1886 (1883 00 00 - 1886 00 00) | 25 Oct 1886 (1886 Oct 25 - 0000 00 00) | (0000 Aug 00 - 0000 00 00)","Multiple conflicting dates found for spatial-vessel key"
"41306","Specimen/Lot","",1,"Bothus lunatus","Bothus lunatus","Bothus lunatus","Platophrys lunatus","Bothus lunatus : Bothidae : Pleuronectiformes : Actinopterygii : Chordata","","","Pleuronectiformes","Bothidae","","","","North Atlantic Ocean","Caribbean Sea","Lesser Antilles","Windward Islands","Saint Lucia","","Saint Lucia","","","Port Castries, St. Lucia",13.5444,-62.9,"","","","Albatross","","","","","","","Unknown:Tank 01","","",0,"","","",NA,"",NA,"",NA,"10/8/20 11:18","http://n2t.net/ark:/65665/3f25f2b05-a8ae-480c-aa39-3762b0cc3705","30 Nov 1887 (1887 Nov 30 - 0000 00 00) | 30 Nov 1887 | 1888 | 28 Jan 1884 | 3 Dec 1887 to 1888 (3 Dec 1887 - 1888) | Nov 1887 | 1887","Multiple conflicting dates found for spatial-vessel key"
"148280","Specimen/Lot","",1,"Breviraja spinosa","Breviraja spinosa","Breviraja spinosa Bigelow & Schroeder","","Breviraja spinosa Bigelow & Schroeder : Rajidae : Rajiformes : Chondrichthyes : Chordata","","","Rajiformes","Rajidae","","","","North Atlantic Ocean","","","","","","","","","Atlantic Coast",34.65,-75.9938,"","","","Albatross","","2624; 2730","","","1330","","","","",0,"","","",NA,"",NA,"",NA,"8/20/14 16:51","http://n2t.net/ark:/65665/3680f2e4e-a55c-46de-8560-e67919dcd112","21 Oct 1885 to 25 Oct 1885 (0000 00 00 - 0000 00 00) | Jun 1885","Multiple conflicting dates found for spatial-vessel key"
"400255","Specimen/Lot","",1,"Calamus bajonado","Calamus bajonado","Calamus bajonado","","Calamus bajonado : Sparidae : Perciformes : Actinopterygii : Chordata","","","Perciformes","Sparidae","","","","North Atlantic Ocean","Gulf of Mexico","Florida Keys","","Key West","","United States","Florida","Monroe County","Key West",24.5505,-81.7696,"","","Tin Tag : 368","Albatross","","","","","","","","","There were two specimens found in two separate jars, both had the same catalog number associated with them. The number very likely belonged to the larger of the two specimens as it was still attached while the other did not have the number attached to it. The ledger has the tin tag numbers listed and several pages further along is an entry for the tin tag attached to the smaller of the two fish, but though the locality is Havana and the identification does not match up, so the smaller one has been given a new number and the lot is not split (see relationships tag).",14286,"","","",NA,"",NA,"",NA,"12/21/23 22:09","http://n2t.net/ark:/65665/323fce612-089c-4f4c-8b60-a60eb6ce125e","15 Apr 1884 (1884 Apr 15 - 0000 00 00) | 1886 (1886 00 00 - 0000 00 00) | 1884 (1884 00 00 - 0000 00 00) | 28 May 1884 (1884 May 28 - 0000 00 00) | May 1884 (1884 May 00 - 0000 00 00)","Multiple conflicting dates found for spatial-vessel key"
"34879","Specimen/Lot","Oversize Jar",1,"Calamus bajonado","Calamus bajonado","Calamus bajonado","","Calamus bajonado : Sparidae : Perciformes : Actinopterygii : Chordata","","","Perciformes","Sparidae","","","","North Atlantic Ocean","Gulf of Mexico","Florida Keys","","Key West","","United States","Florida","Monroe County","Key West",24.5505,-81.7696,"","","Tin Tag : 109","Albatross","","","","","","",":Oversize Jar","","There were two specimens found in two separate jars, both had the same catalog number associated with them. The number very likely belonged to the larger of the two specimens as it was still attached while the other did not have the number attached to it. The ledger has the tin tag numbers listed and several pages further along is an entry for the tin tag attached to the smaller of the two fish, but though the locality is Havana and the identification does not match up, so the smaller one has been given a new number and the lot is not split (see relationships tag).",14286,"","","",NA,"",NA,"",NA,"8/19/14 16:53","http://n2t.net/ark:/65665/39869d809-1f13-4f4f-a5ed-e258cbefaa3f","15 Apr 1884 (1884 Apr 15 - 0000 00 00) | 1886 (1886 00 00 - 0000 00 00) | 1884 (1884 00 00 - 0000 00 00) | 28 May 1884 (1884 May 28 - 0000 00 00) | May 1884 (1884 May 00 - 0000 00 00)","Multiple conflicting dates found for spatial-vessel key"
"151913","Specimen/Lot","",1,"Calamus leucosteus","Calamus leucosteus","Calamus leucosteus","","Calamus leucosteus : Sparidae : Perciformes : Actinopterygii : Chordata","","","Perciformes","Sparidae","","","","North Atlantic Ocean","","","","","","United States","North Carolina","","Off North Carolina",35.0482294736842,-75.7520103759398,"","","","Albatross III","Cr. 21","","","","","","Unknown:Tank 02:1","","",187456,"","","",NA,"",NA,"",NA,"8/19/14 15:38","http://n2t.net/ark:/65665/344f7efce-5529-45cd-8426-2563c2c65ea3","Jan 1950 (1950 Jan 00 - 0000 00 00) | Jan 1950 to Feb 1950 (1950 Jan 00 - 1950 Feb 00) | May 1949 (1949 May 00 - 0000 00 00) | Jan 1950 to Feb 1950","Multiple conflicting dates found for spatial-vessel key"
"35133","Specimen/Lot","",1,"Centropomus undecimalis","Centropomus undecimalis","Centropomus undecimalis","","Centropomus undecimalis : Centropomidae : Perciformes : Actinopterygii : Chordata","","","Perciformes","Centropomidae","","","","North Atlantic Ocean","Caribbean Sea","","","","","","","","West Indies.",17.9064144549763,-67.7093952606635,"","","","Albatross","","","","","","","","","",14286,"","","",NA,"",NA,"",NA,"8/25/14 18:32","http://n2t.net/ark:/65665/379fde6b0-1fbb-4aa2-86fd-98ee36df67c7",NA,"No matching spatial-vessel reference record found"
"37137","Specimen/Lot","",1,"Centropomus undecimalis","Centropomus undecimalis","Centropomus undecimalis","","Centropomus undecimalis : Centropomidae : Perciformes : Actinopterygii : Chordata","","","Perciformes","Centropomidae","","","","Atlantic","Caribbean Sea","","","","","Mexico","","","Caribbean Sea: Off Yucatan Cozumel",22.154,-86.9255375,"Bean, T. H.","","","Albatross","","","","","","","Unknown:Tank 01","","",15759,"","","",NA,"",NA,"",NA,"8/19/14 15:30","http://n2t.net/ark:/65665/3b74623c8-9a68-4ba1-95d5-ec01d4f07dbd","29 Jan 1885 | 29 Jan 1885 (1885 Jan 29 - 0000 00 00) | 27 Jan 1885 (0000 00 00 - 0000 00 00) | (0000 Nov 22 - 0000 00 00) | 28 Jan 1885 (1885 Jan 28 - 0000 00 00)","Multiple conflicting dates found for spatial-vessel key"
"158574","Specimen/Lot","",1,"Chilomycterus reticulatus","Chilomycterus reticulatus","Chilomycterus reticulatus","","Chilomycterus reticulatus : Diodontidae : Tetraodontiformes : Actinopterygii : Chordata","","","Tetraodontiformes","Diodontidae","","","","North Atlantic Ocean","","","","","","United States","North Carolina","","Coast of North Carolina",34.3375,-76.8167,"","","","Albatross III","Cr. 39","","","","","",":Tank 01","","",215120,"","","",NA,"",NA,"",NA,"8/19/14 15:33","http://n2t.net/ark:/65665/3119a5a6c-b420-4612-aead-853f0fe1fdbe",NA,"No matching spatial-vessel reference record found"
"41493","Specimen/Lot","",1,"Citharichthys stigmaeus","Citharichthys stigmaeus","Citharichthys stigmaeus","Etropus crossotus","Citharichthys stigmaeus : Paralichthyidae : Pleuronectiformes : Actinopterygii : Chordata","","","Pleuronectiformes","Paralichthyidae","","","","North Atlantic Ocean","Caribbean Sea","","","","","Panama","","","Panama",9.5333,-79.9083,"","T.T. 350","","Albatross","","","","","","","","","",0,"","","",NA,"",NA,"",NA,"10/6/20 11:41","http://n2t.net/ark:/65665/30caf161b-708e-4750-9c68-b48916c4faec","Mar 1884 to Apr 1884 (1884 Mar 00 - 1884 Apr 00) | 1884 (1884 00 00 - 0000 00 00) | 2 Apr 1884","Multiple conflicting dates found for spatial-vessel key"
"83854","Specimen/Lot","",1,"Conodon nobilis","Conodon nobilis","Conodon nobilis","","Conodon nobilis : Haemulidae : Perciformes : Actinopterygii : Chordata","","","Perciformes","Haemulidae","","","","Atlantic","Caribbean Sea","","","","","Panama","Colón Province","Colón District","Aspinwall, Panama",9.5333,-79.9083,"","","","Albatross","","","","","","","","","",NA,"","","",NA,"",NA,"",NA,"8/25/14 18:57","http://n2t.net/ark:/65665/331d55d49-9036-482b-8733-b43b2ab2cc69","Mar 1884 to Apr 1884 (1884 Mar 00 - 1884 Apr 00) | 1884 (1884 00 00 - 0000 00 00) | 2 Apr 1884","Multiple conflicting dates found for spatial-vessel key"
"163714","Specimen/Lot","",1,"Cookeolus japonicus","Cookeolus japonicus","Cookeolus japonicus","Priacanthus cruentatus","Cookeolus japonicus : Priacanthidae : Perciformes : Actinopterygii : Chordata","","","Perciformes","Priacanthidae","","","","North Atlantic Ocean","","","","","","United States","North Carolina","","Off North Carolina",35.0482294736842,-75.7520103759398,"","","","Albatross III","Cr. 19","19","","","","","Unknown:Tank 01","","",202139,"","","",NA,"",NA,"",NA,"9/30/16 12:46","http://n2t.net/ark:/65665/3d8e0db51-82b5-4616-82d3-338d119069cc","Jan 1950 (1950 Jan 00 - 0000 00 00) | Jan 1950 to Feb 1950 (1950 Jan 00 - 1950 Feb 00) | May 1949 (1949 May 00 - 0000 00 00) | Jan 1950 to Feb 1950","Multiple conflicting dates found for spatial-vessel key"
"38060","Specimen/Lot","",1,"Coryphaena hippurus","Coryphaena hippurus","Coryphaena hippurus","","Coryphaena hippurus : Coryphaenidae : Perciformes : Actinopterygii : Chordata","","","Perciformes","Coryphaenidae","","","","North Atlantic Ocean","","","","","","United States","Massachusetts","","Between Nantucket and Cape Charles",41.2528940594059,-69.9866655445545,"","","","Albatross","","","","","","",":Tank 03","","",18691,"","","",NA,"",NA,"",NA,"8/19/14 15:37","http://n2t.net/ark:/65665/3767a6196-1348-4fd0-8172-5a350b3faa40",NA,"No matching spatial-vessel reference record found"
"38061","Specimen/Lot","",1,"Coryphaena hippurus","Coryphaena hippurus","Coryphaena hippurus","","Coryphaena hippurus : Coryphaenidae : Perciformes : Actinopterygii : Chordata","","","Perciformes","Coryphaenidae","","","","North Atlantic Ocean","","","","","","United States","Massachusetts","","Between Nantucket and Cape Charles",41.2528940594059,-69.9866655445545,"","","","Albatross","","","","","","",":Tank 03","","",18691,"","","",NA,"",NA,"",NA,"8/19/14 15:37","http://n2t.net/ark:/65665/30c52b053-fc8b-4c05-a991-3510f08cfe1c",NA,"No matching spatial-vessel reference record found"
"41738","Specimen/Lot","",1,"Dactyloscopus tridigitatus","Dactyloscopus tridigitatus","Dactyloscopus tridigitatus Gill","","Dactyloscopus tridigitatus Gill : Dactyloscopidae : Perciformes : Actinopterygii : Chordata","","","Perciformes","Dactyloscopidae","","","","North Atlantic Ocean","Caribbean Sea","Lesser Antilles","Windward Islands","Saint Lucia","","Saint Lucia","","","St. Lucia",13.5444,-62.9,"","","","Albatross","","","","","","","","","Original no. 1772.",0,"","","",NA,"",NA,"",NA,"3/2/17 17:15","http://n2t.net/ark:/65665/3ce45eb32-a94e-4c0d-8235-319dff6b37c1","30 Nov 1887 (1887 Nov 30 - 0000 00 00) | 30 Nov 1887 | 1888 | 28 Jan 1884 | 3 Dec 1887 to 1888 (3 Dec 1887 - 1888) | Nov 1887 | 1887","Multiple conflicting dates found for spatial-vessel key"
"123628","Specimen/Lot","",1,"Hypanus sabinus","Dasyatis sabina","Dasyatis sabina","","Dasyatis sabina : Dasyatidae : Myliobatiformes : Chondrichthyes : Chordata","","","Myliobatiformes","Dasyatidae","","","","North Atlantic Ocean","Caribbean Sea","","","","","","","","Probably Caribbean Sea",17.9064144549763,-67.7093952606635,"","","","Albatross","","U.S.B.F. 32","","","","","Unknown:Tank 02","","",0,"","","",NA,"",NA,"",NA,"8/19/14 15:38","http://n2t.net/ark:/65665/34547d98b-0e1e-4d21-a179-4d955d1ac709",NA,"No matching spatial-vessel reference record found"
"123627","Specimen/Lot","",1,"Hypanus sabinus","Dasyatis sabina","Dasyatis sabina","","Dasyatis sabina : Dasyatidae : Myliobatiformes : Chondrichthyes : Chordata","","","Myliobatiformes","Dasyatidae","","","","North Atlantic Ocean","Caribbean Sea","","","","","","","","Probably Caribbean Sea",17.9064144549763,-67.7093952606635,"","","","Albatross","","U.S.B.F. 31","","","","","Unknown:Tank 02","","",0,"","","",NA,"",NA,"",NA,"8/19/14 15:38","http://n2t.net/ark:/65665/38913cbca-b895-4db3-b223-15472921363d",NA,"No matching spatial-vessel reference record found"
"41303","Specimen/Lot","",1,"Diapterus auratus","Diapterus auratus","Diapterus auratus","Gerres olisthostoma Goode & Bean","Diapterus auratus : Gerreidae : Perciformes : Actinopterygii : Chordata","","","Perciformes","Gerreidae","","","","North Atlantic Ocean","Caribbean Sea","Lesser Antilles","Windward Islands","Saint Lucia","","Saint Lucia","","","St. Lucia",13.5444,-62.9,"","","Other Number : 697","Albatross","","","","","","","","","Station number unknown. The Ledger book lists a locality of St. Lucia. No collection date was recorded in the Ledger book.",NA,"","","",NA,"",NA,"",NA,"3/2/17 17:15","http://n2t.net/ark:/65665/395b3731e-1c34-49a2-bb7c-d98f7a0c3850","30 Nov 1887 (1887 Nov 30 - 0000 00 00) | 30 Nov 1887 | 1888 | 28 Jan 1884 | 3 Dec 1887 to 1888 (3 Dec 1887 - 1888) | Nov 1887 | 1887","Multiple conflicting dates found for spatial-vessel key"
"41300","Specimen/Lot","",1,"Diapterus rhombeus","Diapterus rhombeus","Diapterus rhombeus","Gerres rhombeus","Diapterus rhombeus : Gerreidae : Perciformes : Actinopterygii : Chordata","","","Perciformes","Gerreidae","","","","North Atlantic Ocean","Caribbean Sea","Lesser Antilles","Windward Islands","Saint Lucia","","Saint Lucia","","","St. Lucia",13.5444,-62.9,"","","Other Number : 939","Albatross","","","","","","","","","Station number unknown. The Ledger book lists a locality of St. Lucia. No collection date was recorded in the Ledger book.",NA,"","","",NA,"",NA,"",NA,"3/2/17 17:15","http://n2t.net/ark:/65665/3a84468b9-5c9b-454a-821b-17e581aba4aa","30 Nov 1887 (1887 Nov 30 - 0000 00 00) | 30 Nov 1887 | 1888 | 28 Jan 1884 | 3 Dec 1887 to 1888 (3 Dec 1887 - 1888) | Nov 1887 | 1887","Multiple conflicting dates found for spatial-vessel key"
"37037","Specimen/Lot","Oh My Collection",1,"Diodon holocanthus","Diodon holocanthus","Diodon holocanthus","","Diodon holocanthus : Diodontidae : Tetraodontiformes : Actinopterygii : Chordata","","","Tetraodontiformes","Diodontidae","","","","North Atlantic Ocean","Caribbean Sea","","","","","","","","West Indies.",17.9064144549763,-67.7093952606635,"","","","Albatross","","","","","","","","","Drawn by Todd; collected probably in 1884. Linen tag reads D41-?.",0,"","","",NA,"",NA,"",NA,"10/28/24 16:41","http://n2t.net/ark:/65665/3ebbd47f9-ef70-4e94-add1-0658c2e3cbbb",NA,"No matching spatial-vessel reference record found"
"41372","Specimen/Lot","",1,"Diodon hystrix","Diodon hystrix","Diodon hystrix","","Diodon hystrix : Diodontidae : Tetraodontiformes : Actinopterygii : Chordata","","","Tetraodontiformes","Diodontidae","","","","North Atlantic Ocean","Caribbean Sea","Lesser Antilles","Windward Islands","Saint Lucia","","Saint Lucia","","","St. Lucia",13.5444,-62.9,"","","","Albatross","","","","","","",":Tank 01","","",0,"","","",NA,"",NA,"",NA,"3/2/17 17:15","http://n2t.net/ark:/65665/3df694773-e6e2-4521-8b31-bf709ad6060b","30 Nov 1887 (1887 Nov 30 - 0000 00 00) | 30 Nov 1887 | 1888 | 28 Jan 1884 | 3 Dec 1887 to 1888 (3 Dec 1887 - 1888) | Nov 1887 | 1887","Multiple conflicting dates found for spatial-vessel key"
"38416","Specimen/Lot","",1,"Echeneis naucrates","Echeneis naucrates","Echeneis naucrates","","Echeneis naucrates : Echeneidae : Perciformes : Actinopterygii : Chordata","","","Perciformes","Echeneidae","","","","North Atlantic Ocean","","Bahamian Archipelago","Bahama Islands","New Providence Island","","Bahamas","","","Nassau",26.7301716666667,-77.3733416666667,"","","","Albatross","","","","","","","Unknown:Tank 01","","",0,"","","",NA,"",NA,"",NA,"8/19/14 15:30","http://n2t.net/ark:/65665/37f264a2e-6b5b-45a4-a0bb-93d8761bf4c4","16 Mar 1886 (1886 Mar 16 - 0000 00 00) | 5 Mar 1886 (1886 Mar 05 - 0000 00 00) | 23 Apr 1886 | 10 Mar 1886 (1886 Mar 10 - 0000 00 00) | 5 Mar 1886 | 27 Feb 1886 | 10 Apr 1886 (1886 Apr 10 - 0000 00 00) | 1886 (0000 00 00 - 0000 00 00) | 23 Mar 1886 (1886 Mar 23 - 0000 00 00) | Mar 1886 | 12 Apr 1886 (1886 Apr 12 - 0000 00 00) | 1886 | 23 Mar 1886 | 1886 (1886 00 00 - 0000 00 00)","Multiple conflicting dates found for spatial-vessel key"
"38417","Specimen/Lot","",1,"Echeneis naucrates","Echeneis naucrates","Echeneis naucrates","","Echeneis naucrates : Echeneidae : Perciformes : Actinopterygii : Chordata","","","Perciformes","Echeneidae","","","","North Atlantic Ocean","","Bahamian Archipelago","Bahama Islands","New Providence Island","","Bahamas","","","Nassau",26.7301716666667,-77.3733416666667,"","","","Albatross","","","","","","","Unknown:Tank 01","","",0,"","","",NA,"",NA,"",NA,"8/19/14 15:30","http://n2t.net/ark:/65665/31814e6d0-e793-417f-862a-a419e8191431","16 Mar 1886 (1886 Mar 16 - 0000 00 00) | 5 Mar 1886 (1886 Mar 05 - 0000 00 00) | 23 Apr 1886 | 10 Mar 1886 (1886 Mar 10 - 0000 00 00) | 5 Mar 1886 | 27 Feb 1886 | 10 Apr 1886 (1886 Apr 10 - 0000 00 00) | 1886 (0000 00 00 - 0000 00 00) | 23 Mar 1886 (1886 Mar 23 - 0000 00 00) | Mar 1886 | 12 Apr 1886 (1886 Apr 12 - 0000 00 00) | 1886 | 23 Mar 1886 | 1886 (1886 00 00 - 0000 00 00)","Multiple conflicting dates found for spatial-vessel key"
"34925","Specimen/Lot","",1,"Epinephelus guttatus","Epinephelus guttatus","Epinephelus guttatus","","Epinephelus guttatus : Serranidae : Perciformes : Actinopterygii : Chordata","","","Perciformes","Serranidae","Epinephelinae","","","Atlantic","Caribbean Sea","Lesser Antilles","Leeward Islands","Saint Thomas","","Virgin Islands (U.S.)","Saint Thomas","","St. Thomas W.I.",18.5,-63.5167,"","","","Albatross","","","","","","",":Tank 04","","",0,"","","",NA,"",NA,"",NA,"8/19/14 15:35","http://n2t.net/ark:/65665/3f7387de6-df1a-4e60-8b18-e5918c1c5870","17 Jan 1884 to 24 Jan 1884 (1884 Jan 17 - 1884 Jan 24) | 17 Jan 1884 to 24 Jan 1884 | 27 Nov 1887 | 17 Jul 1884 to 24 Jul 1884 (1884 Jul 17 - 1884 Jul 24) | 24 Jan 1884 (1884 Jan 24 - 0000 00 00)","Multiple conflicting dates found for spatial-vessel key"
"34954","Specimen/Lot","",1,"Epinephelus guttatus","Epinephelus guttatus","Epinephelus guttatus","","Epinephelus guttatus : Serranidae : Perciformes : Actinopterygii : Chordata","","","Perciformes","Serranidae","Epinephelinae","","","Atlantic","Caribbean Sea","Lesser Antilles","Leeward Islands","Saint Thomas","","Virgin Islands (U.S.)","Saint Thomas","","St. Thomas W.I.",18.5,-63.5167,"","","","Albatross","","","","","","","Unknown:Tank 04","","",14286,"","","",NA,"",NA,"",NA,"8/19/14 15:35","http://n2t.net/ark:/65665/349bfcde5-7927-4f03-b4cc-7326c5ffcb4d","17 Jan 1884 to 24 Jan 1884 (1884 Jan 17 - 1884 Jan 24) | 17 Jan 1884 to 24 Jan 1884 | 27 Nov 1887 | 17 Jul 1884 to 24 Jul 1884 (1884 Jul 17 - 1884 Jul 24) | 24 Jan 1884 (1884 Jan 24 - 0000 00 00)","Multiple conflicting dates found for spatial-vessel key"
"37310","Specimen/Lot","",1,"Epinephelus morio","Epinephelus morio","Epinephelus morio","","Epinephelus morio : Serranidae : Perciformes : Actinopterygii : Chordata","","","Perciformes","Serranidae","Epinephelinae","","","Atlantic","Gulf of Mexico","","","","","Mexico","","","Campeachy Bank, Gulf of Mexico",22.154,-86.9255375,"","","","Albatross","","","","","","","Unknown:Tank 08","","",0,"","","",NA,"",NA,"",NA,"8/19/14 15:43","http://n2t.net/ark:/65665/3b6668bdb-6e62-4439-ad1b-cd92a0418ef4","29 Jan 1885 | 29 Jan 1885 (1885 Jan 29 - 0000 00 00) | 27 Jan 1885 (0000 00 00 - 0000 00 00) | (0000 Nov 22 - 0000 00 00) | 28 Jan 1885 (1885 Jan 28 - 0000 00 00)","Multiple conflicting dates found for spatial-vessel key"
"37309","Specimen/Lot","",1,"Epinephelus morio","Epinephelus morio","Epinephelus morio","","Epinephelus morio : Serranidae : Perciformes : Actinopterygii : Chordata","","","Perciformes","Serranidae","Epinephelinae","","","Atlantic","Gulf of Mexico","","","","","","","","Snapper Bank, Gulf of Mexico",27.0993527567568,-83.8910947027027,"","","","Albatross","","","","","","","Unknown:Tank 08","","",0,"","","",NA,"",NA,"",NA,"8/19/14 15:43","http://n2t.net/ark:/65665/3508ee25e-0331-43b6-b421-2d6aafd918a7",NA,"No matching spatial-vessel reference record found"
"34880","Specimen/Lot","",1,"Epinephelus morio","Epinephelus morio","Epinephelus morio","","Epinephelus morio : Serranidae : Perciformes : Actinopterygii : Chordata","","","Perciformes","Serranidae","Epinephelinae","","","North Atlantic Ocean","Gulf of Mexico","Florida Keys","","Key West","","United States","Florida","Monroe County","Key West",24.5505,-81.7696,"","","","Albatross","","","","","","","Unknown:Tank 04","","",14286,"","","",NA,"",NA,"",NA,"8/19/14 15:35","http://n2t.net/ark:/65665/33cdd6b60-b742-4e84-bc8e-1f7db965592f","15 Apr 1884 (1884 Apr 15 - 0000 00 00) | 1886 (1886 00 00 - 0000 00 00) | 1884 (1884 00 00 - 0000 00 00) | 28 May 1884 (1884 May 28 - 0000 00 00) | May 1884 (1884 May 00 - 0000 00 00)","Multiple conflicting dates found for spatial-vessel key"
"35125","Specimen/Lot","",1,"Diplectrum formosum","Epinephelus striatus","Epinephelus striatus","","Epinephelus striatus : Serranidae : Perciformes : Actinopterygii : Chordata","","","Perciformes","Serranidae","Epinephelinae","","","Atlantic","Caribbean Sea","Lesser Antilles","Leeward Islands","Saint Thomas","","Virgin Islands (U.S.)","Saint Thomas","","St. Thomas W.I.",18.5,-63.5167,"","","","Albatross","","","","","","","Unknown:Tank 04","","",0,"","","",NA,"",NA,"",NA,"8/19/14 15:35","http://n2t.net/ark:/65665/306b10c12-9ac3-4f06-ac70-6ed700925c2c","17 Jan 1884 to 24 Jan 1884 (1884 Jan 17 - 1884 Jan 24) | 17 Jan 1884 to 24 Jan 1884 | 27 Nov 1887 | 17 Jul 1884 to 24 Jul 1884 (1884 Jul 17 - 1884 Jul 24) | 24 Jan 1884 (1884 Jan 24 - 0000 00 00)","Multiple conflicting dates found for spatial-vessel key"
"35116","Specimen/Lot","",1,"Diplectrum formosum","Epinephelus striatus","Epinephelus striatus","","Epinephelus striatus : Serranidae : Perciformes : Actinopterygii : Chordata","","","Perciformes","Serranidae","Epinephelinae","","","Atlantic","Caribbean Sea","Lesser Antilles","Leeward Islands","Saint Thomas","","Virgin Islands (U.S.)","Saint Thomas","","St. Thomas W.I.",18.5,-63.5167,"","","","Albatross","","","","","","","Unknown:Tank 04","","",14286,"","","",NA,"",NA,"",NA,"8/19/14 15:35","http://n2t.net/ark:/65665/3b6847613-9889-4e70-88af-4a9e625cb3c0","17 Jan 1884 to 24 Jan 1884 (1884 Jan 17 - 1884 Jan 24) | 17 Jan 1884 to 24 Jan 1884 | 27 Nov 1887 | 17 Jul 1884 to 24 Jul 1884 (1884 Jul 17 - 1884 Jul 24) | 24 Jan 1884 (1884 Jan 24 - 0000 00 00)","Multiple conflicting dates found for spatial-vessel key"
"101591","Specimen/Lot","",1,"Exocoetus obtusirostris","Exocoetus obtusirostris","Exocoetus obtusirostris","","Exocoetus obtusirostris : Exocoetidae : Beloniformes : Actinopterygii : Chordata","","","Beloniformes","Exocoetidae","","","","North Atlantic Ocean","Caribbean Sea","","","","","","","","West Indies.",17.9064144549763,-67.7093952606635,"","","","Albatross","","","","","","","","","",0,"","","",NA,"",NA,"",NA,"5/1/19 18:50","http://n2t.net/ark:/65665/3cd18316d-85bd-4123-adf7-3adc2f2596b1",NA,"No matching spatial-vessel reference record found"
"123617","Specimen/Lot","",1,"Fenestraja sinusmexicanus","Fenestraja sinusmexicanus","Fenestraja sinusmexicanus","Breviraja sinusmexicanus","Fenestraja sinusmexicanus : Rajidae : Rajiformes : Chondrichthyes : Chordata","","","Rajiformes","Rajidae","","","","North Atlantic Ocean","Caribbean Sea","Greater Antilles","","Cuba","","Cuba","","","Cuba: Off Havana",23.2026272727273,-82.6964545454545,"","","","Albatross","","","","","","","","","",NA,"","","",NA,"",NA,"",NA,"8/20/14 16:49","http://n2t.net/ark:/65665/3b2009541-67df-41e6-8206-d117bae33a79","1884 (1884 00 00 - 0000 00 00) | 21 Jan 1885 (1885 Jan 21 - 0000 00 00)","Multiple conflicting dates found for spatial-vessel key"
"38473","Specimen/Lot","",1,"Gymnothorax funebris","Gymnothorax funebris","Gymnothorax funebris","","Gymnothorax funebris : Muraenidae : Anguilliformes : Actinopterygii : Chordata","","","Anguilliformes","Muraenidae","Muraeninae","","","North Atlantic Ocean","","Bahamian Archipelago","Bahama Islands","New Providence Island","","Bahamas","","","Nassau",26.7301716666667,-77.3733416666667,"","","","Albatross","","","","","","","Radiograph::1","","Det. e. b. bohlke, 1986",0,"","","",NA,"",NA,"",NA,"1/4/16 20:49","http://n2t.net/ark:/65665/3ba7fd3e6-93ae-409d-879f-01f3d097dc34","16 Mar 1886 (1886 Mar 16 - 0000 00 00) | 5 Mar 1886 (1886 Mar 05 - 0000 00 00) | 23 Apr 1886 | 10 Mar 1886 (1886 Mar 10 - 0000 00 00) | 5 Mar 1886 | 27 Feb 1886 | 10 Apr 1886 (1886 Apr 10 - 0000 00 00) | 1886 (0000 00 00 - 0000 00 00) | 23 Mar 1886 (1886 Mar 23 - 0000 00 00) | Mar 1886 | 12 Apr 1886 (1886 Apr 12 - 0000 00 00) | 1886 | 23 Mar 1886 | 1886 (1886 00 00 - 0000 00 00)","Multiple conflicting dates found for spatial-vessel key"
"41294","Specimen/Lot","",1,"Gymnothorax funebris","Gymnothorax funebris","Gymnothorax funebris","","Gymnothorax funebris : Muraenidae : Anguilliformes : Actinopterygii : Chordata","","","Anguilliformes","Muraenidae","Muraeninae","","","North Atlantic Ocean","Caribbean Sea","Lesser Antilles","Windward Islands","Saint Lucia","","Saint Lucia","","","St. Lucia",13.5444,-62.9,"","","","Albatross","","","","","","","","","Tt-452",0,"","","",NA,"",NA,"",NA,"3/2/17 17:15","http://n2t.net/ark:/65665/3bb2297fa-3338-4b89-a5ec-fcf8142650dd","30 Nov 1887 (1887 Nov 30 - 0000 00 00) | 30 Nov 1887 | 1888 | 28 Jan 1884 | 3 Dec 1887 to 1888 (3 Dec 1887 - 1888) | Nov 1887 | 1887","Multiple conflicting dates found for spatial-vessel key"
"41325","Specimen/Lot","",1,"Haemulon aurolineatum","Haemulon aurolineatum","Haemulon aurolineatum","","Haemulon aurolineatum : Haemulidae : Perciformes : Actinopterygii : Chordata","","","Perciformes","Haemulidae","","","","North Atlantic Ocean","Caribbean Sea","Lesser Antilles","Windward Islands","Saint Lucia","","Saint Lucia","","","West Indies St. Lucia.",13.5444,-62.9,"","","Tin Tag : 10","Albatross","","","Albatross Expedition, 1883-1900","","","","","","This record was thoroughly checked to see if further locality information could be found, but without success. If the tin tag information were correct than that places the specimen in a different locality. If this was indeed collected from St. Lucia than it is highly likely that it was collected in the fall of 1887.",NA,"","","",NA,"",NA,"",NA,"8/25/14 18:58","http://n2t.net/ark:/65665/3b2256ef1-39b8-44a7-8d28-6ff56f9999af","30 Nov 1887 (1887 Nov 30 - 0000 00 00) | 30 Nov 1887 | 1888 | 28 Jan 1884 | 3 Dec 1887 to 1888 (3 Dec 1887 - 1888) | Nov 1887 | 1887","Multiple conflicting dates found for spatial-vessel key"
"38481","Specimen/Lot","",1,"Haemulon flavolineatum","Haemulon flavolineatum","Haemulon flavolineatum","","Haemulon flavolineatum : Haemulidae : Perciformes : Actinopterygii : Chordata","","","Perciformes","Haemulidae","","","","North Atlantic Ocean","","Bahamian Archipelago","Bahama Islands","New Providence Island","","Bahamas","","","Nassau Market",26.7301716666667,-77.3733416666667,"","","","Albatross","","","","","","","","","Ledger states 2 specimens, but only one in jar August 2009.",NA,"","","",NA,"",NA,"",NA,"8/25/14 18:58","http://n2t.net/ark:/65665/3ce9c5d4d-50de-4e1b-97ab-428ae40151d6","16 Mar 1886 (1886 Mar 16 - 0000 00 00) | 5 Mar 1886 (1886 Mar 05 - 0000 00 00) | 23 Apr 1886 | 10 Mar 1886 (1886 Mar 10 - 0000 00 00) | 5 Mar 1886 | 27 Feb 1886 | 10 Apr 1886 (1886 Apr 10 - 0000 00 00) | 1886 (0000 00 00 - 0000 00 00) | 23 Mar 1886 (1886 Mar 23 - 0000 00 00) | Mar 1886 | 12 Apr 1886 (1886 Apr 12 - 0000 00 00) | 1886 | 23 Mar 1886 | 1886 (1886 00 00 - 0000 00 00)","Multiple conflicting dates found for spatial-vessel key"
"41309","Specimen/Lot","",1,"Haemulon parra","Haemulon parra","Haemulon parra","","Haemulon parra : Haemulidae : Perciformes : Actinopterygii : Chordata","","","Perciformes","Haemulidae","","","","North Atlantic Ocean","Caribbean Sea","Lesser Antilles","Windward Islands","Saint Lucia","","Saint Lucia","","","St. Lucia",13.5444,-62.9,"","","Tin Tag : 935","Albatross","","","","","","","","","",NA,"","","",NA,"",NA,"",NA,"3/2/17 17:15","http://n2t.net/ark:/65665/3f756aec6-cd47-42af-b4a3-529f4a03c3c4","30 Nov 1887 (1887 Nov 30 - 0000 00 00) | 30 Nov 1887 | 1888 | 28 Jan 1884 | 3 Dec 1887 to 1888 (3 Dec 1887 - 1888) | Nov 1887 | 1887","Multiple conflicting dates found for spatial-vessel key"
"38475","Specimen/Lot","",1,"Haemulon plumierii","Haemulon plumierii","Haemulon plumierii","","Haemulon plumierii : Haemulidae : Perciformes : Actinopterygii : Chordata","","","Perciformes","Haemulidae","","","","North Atlantic Ocean","","Bahamian Archipelago","Bahama Islands","New Providence Island","","Bahamas","","","Nassau Market",26.7301716666667,-77.3733416666667,"","","","Albatross","","","","","","","","","Ledger states 3 specimens, but only one found in jar January 2010.",NA,"","","",NA,"",NA,"",NA,"8/25/14 18:58","http://n2t.net/ark:/65665/369740dde-6616-4187-88ee-d62513fa93a0","16 Mar 1886 (1886 Mar 16 - 0000 00 00) | 5 Mar 1886 (1886 Mar 05 - 0000 00 00) | 23 Apr 1886 | 10 Mar 1886 (1886 Mar 10 - 0000 00 00) | 5 Mar 1886 | 27 Feb 1886 | 10 Apr 1886 (1886 Apr 10 - 0000 00 00) | 1886 (0000 00 00 - 0000 00 00) | 23 Mar 1886 (1886 Mar 23 - 0000 00 00) | Mar 1886 | 12 Apr 1886 (1886 Apr 12 - 0000 00 00) | 1886 | 23 Mar 1886 | 1886 (1886 00 00 - 0000 00 00)","Multiple conflicting dates found for spatial-vessel key"
"41312","Specimen/Lot","",1,"Halichoeres cyanocephalus","Halichoeres cyanocephalus","Halichoeres cyanocephalus","","Halichoeres cyanocephalus : Labridae : Perciformes : Actinopterygii : Chordata","","","Perciformes","Labridae","","","","North Atlantic Ocean","Caribbean Sea","Lesser Antilles","Windward Islands","Saint Lucia","","Saint Lucia","","","Port Castries, St. Lucia",13.5444,-62.9,"","","","Albatross","","","","","","","","","Original No. 73",NA,"","","",NA,"",NA,"",NA,"3/2/17 17:12","http://n2t.net/ark:/65665/333da1816-e5be-4a83-93e5-0951023b1d17","30 Nov 1887 (1887 Nov 30 - 0000 00 00) | 30 Nov 1887 | 1888 | 28 Jan 1884 | 3 Dec 1887 to 1888 (3 Dec 1887 - 1888) | Nov 1887 | 1887","Multiple conflicting dates found for spatial-vessel key"
"38400","Specimen/Lot","",1,"Halichoeres radiatus","Halichoeres radiatus","Halichoeres radiatus","","Halichoeres radiatus : Labridae : Perciformes : Actinopterygii : Chordata","","","Perciformes","Labridae","","","","North Atlantic Ocean","","Bahamian Archipelago","Bahama Islands","New Providence Island","","Bahamas","","","Nassau Market",26.7301716666667,-77.3733416666667,"","","","Albatross","","","","","","","Unknown:Tank 01","","",0,"","","",NA,"",NA,"",NA,"8/19/14 15:30","http://n2t.net/ark:/65665/38b6b5b6e-f9d2-4129-82d9-bb89baaec121","16 Mar 1886 (1886 Mar 16 - 0000 00 00) | 5 Mar 1886 (1886 Mar 05 - 0000 00 00) | 23 Apr 1886 | 10 Mar 1886 (1886 Mar 10 - 0000 00 00) | 5 Mar 1886 | 27 Feb 1886 | 10 Apr 1886 (1886 Apr 10 - 0000 00 00) | 1886 (0000 00 00 - 0000 00 00) | 23 Mar 1886 (1886 Mar 23 - 0000 00 00) | Mar 1886 | 12 Apr 1886 (1886 Apr 12 - 0000 00 00) | 1886 | 23 Mar 1886 | 1886 (1886 00 00 - 0000 00 00)","Multiple conflicting dates found for spatial-vessel key"
"394962","Specimen/Lot","",1,"Halichoeres radiatus","Halichoeres radiatus","Halichoeres radiatus","","Halichoeres radiatus : Labridae : Perciformes : Actinopterygii : Chordata","","","Perciformes","Labridae","","","","North Atlantic Ocean","","Bahamian Archipelago","Bahama Islands","New Providence Island","","Bahamas","","","Nassau Market",26.7301716666667,-77.3733416666667,"","","","Albatross","","","","","","","","","",0,"","","",NA,"",NA,"",NA,"8/26/14 19:46","http://n2t.net/ark:/65665/36a8cfb36-bf39-4146-acbe-de17bdef9d89","16 Mar 1886 (1886 Mar 16 - 0000 00 00) | 5 Mar 1886 (1886 Mar 05 - 0000 00 00) | 23 Apr 1886 | 10 Mar 1886 (1886 Mar 10 - 0000 00 00) | 5 Mar 1886 | 27 Feb 1886 | 10 Apr 1886 (1886 Apr 10 - 0000 00 00) | 1886 (0000 00 00 - 0000 00 00) | 23 Mar 1886 (1886 Mar 23 - 0000 00 00) | Mar 1886 | 12 Apr 1886 (1886 Apr 12 - 0000 00 00) | 1886 | 23 Mar 1886 | 1886 (1886 00 00 - 0000 00 00)","Multiple conflicting dates found for spatial-vessel key"
"41316","Specimen/Lot","",1,"Harengula clupeola","Harengula clupeola","Harengula clupeola","","Harengula clupeola : Clupeidae : Clupeiformes : Actinopterygii : Chordata","","","Clupeiformes","Clupeidae","","","","North Atlantic Ocean","Caribbean Sea","","Windward Islands","Saint Lucia","","Saint Lucia","","","Port Castries, St. Lucia",13.5444,-62.9,"","48","","Albatross","","","","","","","","","",0,"","","",NA,"",NA,"",NA,"6/29/18 14:35","http://n2t.net/ark:/65665/3510129af-868f-4361-a4d6-f60bec46d75d","30 Nov 1887 (1887 Nov 30 - 0000 00 00) | 30 Nov 1887 | 1888 | 28 Jan 1884 | 3 Dec 1887 to 1888 (3 Dec 1887 - 1888) | Nov 1887 | 1887","Multiple conflicting dates found for spatial-vessel key"
"34859","Specimen/Lot","",1,"Hemiramphus brasiliensis","Hemiramphus brasiliensis","Hemiramphus brasiliensis","","Hemiramphus brasiliensis : Hemiramphidae : Beloniformes : Actinopterygii : Chordata","","","Beloniformes","Hemiramphidae","Hemiramphinae","","","North Atlantic Ocean","Caribbean Sea","","","","","","","","W. I.: Old Providence.",17.9064144549763,-67.7093952606635,"","","","Albatross","","","","","","","","","Original no. 107.",14286,"","","",NA,"",NA,"",NA,"5/1/19 18:50","http://n2t.net/ark:/65665/3428c210b-598b-4dfa-a11a-2dd54d712e5e",NA,"No matching spatial-vessel reference record found"
"34853","Specimen/Lot","",1,"Hemiramphus brasiliensis","Hemiramphus brasiliensis","Hemiramphus brasiliensis","","Hemiramphus brasiliensis : Hemiramphidae : Beloniformes : Actinopterygii : Chordata","","","Beloniformes","Hemiramphidae","Hemiramphinae","","","North Atlantic Ocean","Gulf of Mexico","Florida Keys","","Key West","","United States","Florida","Monroe County","Key West",24.5505,-81.7696,"United States Fish Commission","","","Albatross","","","","","","","","","Ledger has Acc #14286.",14286,"","","",NA,"",NA,"",NA,"8/25/14 16:07","http://n2t.net/ark:/65665/390439216-d9ac-4d4e-bc02-46e5c15c7b8e","15 Apr 1884 (1884 Apr 15 - 0000 00 00) | 1886 (1886 00 00 - 0000 00 00) | 1884 (1884 00 00 - 0000 00 00) | 28 May 1884 (1884 May 28 - 0000 00 00) | May 1884 (1884 May 00 - 0000 00 00)","Multiple conflicting dates found for spatial-vessel key"
"135397","Specimen/Lot","",1,"Hirundichthys rondeletii","Hirundichthys rondeletii","Hirundichthys rondeletii","","Hirundichthys rondeletii : Exocoetidae : Beloniformes : Actinopterygii : Chordata","","","Beloniformes","Exocoetidae","","","","North Atlantic Ocean","","Bahamian Archipelago","Bahama Islands","","","Bahamas","","","Bahamas.",26.7301716666667,-77.3733416666667,"","","","Albatross","","","","","","","","","",0,"","","",NA,"",NA,"",NA,"5/1/19 18:50","http://n2t.net/ark:/65665/3dfb5a8e8-2d00-48fa-877d-71b315914877","16 Mar 1886 (1886 Mar 16 - 0000 00 00) | 5 Mar 1886 (1886 Mar 05 - 0000 00 00) | 23 Apr 1886 | 10 Mar 1886 (1886 Mar 10 - 0000 00 00) | 5 Mar 1886 | 27 Feb 1886 | 10 Apr 1886 (1886 Apr 10 - 0000 00 00) | 1886 (0000 00 00 - 0000 00 00) | 23 Mar 1886 (1886 Mar 23 - 0000 00 00) | Mar 1886 | 12 Apr 1886 (1886 Apr 12 - 0000 00 00) | 1886 | 23 Mar 1886 | 1886 (1886 00 00 - 0000 00 00)","Multiple conflicting dates found for spatial-vessel key"
"38413","Specimen/Lot","",1,"Holacanthus ciliaris","Holacanthus ciliaris","Holacanthus ciliaris","","Holacanthus ciliaris : Pomacanthidae : Perciformes : Actinopterygii : Chordata","","","Perciformes","Pomacanthidae","","","","North Atlantic Ocean","","Bahamian Archipelago","Bahama Islands","New Providence Island","","Bahamas","","","Nassau",26.7301716666667,-77.3733416666667,"","","","Albatross","","","","","","","Unknown:Tank 01","","",0,"","","",NA,"",NA,"",NA,"8/19/14 15:30","http://n2t.net/ark:/65665/35f973c53-82bc-4238-8e6e-251fb7b55da9","16 Mar 1886 (1886 Mar 16 - 0000 00 00) | 5 Mar 1886 (1886 Mar 05 - 0000 00 00) | 23 Apr 1886 | 10 Mar 1886 (1886 Mar 10 - 0000 00 00) | 5 Mar 1886 | 27 Feb 1886 | 10 Apr 1886 (1886 Apr 10 - 0000 00 00) | 1886 (0000 00 00 - 0000 00 00) | 23 Mar 1886 (1886 Mar 23 - 0000 00 00) | Mar 1886 | 12 Apr 1886 (1886 Apr 12 - 0000 00 00) | 1886 | 23 Mar 1886 | 1886 (1886 00 00 - 0000 00 00)","Multiple conflicting dates found for spatial-vessel key"
"41304","Specimen/Lot","",1,"Holocentrus adscensionis","Holocentrus adscensionis","Holocentrus adscensionis","","Holocentrus adscensionis : Holocentridae : Beryciformes : Actinopterygii : Chordata","","","Beryciformes","Holocentridae","Holocentrinae","","","North Atlantic Ocean","Caribbean Sea","Lesser Antilles","Windward Islands","Saint Lucia","","Saint Lucia","","","St. Lucia",13.5444,-62.9,"","","","Albatross","","","","","","","","","",NA,"","","",NA,"",NA,"",NA,"8/25/14 15:54","http://n2t.net/ark:/65665/3f800f188-24d2-4c92-9a3d-8877ee96d323","30 Nov 1887 (1887 Nov 30 - 0000 00 00) | 30 Nov 1887 | 1888 | 28 Jan 1884 | 3 Dec 1887 to 1888 (3 Dec 1887 - 1888) | Nov 1887 | 1887","Multiple conflicting dates found for spatial-vessel key"
"38463","Specimen/Lot","",1,"Atherina harringtonensis","Hypoatherina harringtonensis","Hypoatherina harringtonensis","","Hypoatherina harringtonensis : Atherinidae : Atheriniformes : Actinopterygii : Chordata","","","Atheriniformes","Atherinidae","Atherininae","","","North Atlantic Ocean","","Bahamian Archipelago","Bahama Islands","Cat Island","","Bahamas","","","Cat Island.",26.7301716666667,-77.3733416666667,"","","","Albatross","","","","","","","","","",0,"","","",NA,"",NA,"",NA,"8/25/14 15:42","http://n2t.net/ark:/65665/31765a479-b56c-4f65-a229-042612de2012","16 Mar 1886 (1886 Mar 16 - 0000 00 00) | 5 Mar 1886 (1886 Mar 05 - 0000 00 00) | 23 Apr 1886 | 10 Mar 1886 (1886 Mar 10 - 0000 00 00) | 5 Mar 1886 | 27 Feb 1886 | 10 Apr 1886 (1886 Apr 10 - 0000 00 00) | 1886 (0000 00 00 - 0000 00 00) | 23 Mar 1886 (1886 Mar 23 - 0000 00 00) | Mar 1886 | 12 Apr 1886 (1886 Apr 12 - 0000 00 00) | 1886 | 23 Mar 1886 | 1886 (1886 00 00 - 0000 00 00)","Multiple conflicting dates found for spatial-vessel key"
"41202","Specimen/Lot","",1,"Hyporhamphus unifasciatus","Hyporhamphus unifasciatus","Hyporhamphus unifasciatus","","Hyporhamphus unifasciatus : Hemiramphidae : Beloniformes : Actinopterygii : Chordata","","","Beloniformes","Hemiramphidae","Hemiramphinae","","","North Atlantic Ocean","Caribbean Sea","","","","","Panama","Canal Zone","","C. Z. Panama.",9.5333,-79.9083,"","","","Albatross","","487","","","","","","","",0,"","","",NA,"",NA,"",NA,"5/1/19 18:50","http://n2t.net/ark:/65665/35a1e7943-06a8-4292-90d2-389fc87cfef3","Mar 1884 to Apr 1884 (1884 Mar 00 - 1884 Apr 00) | 1884 (1884 00 00 - 0000 00 00) | 2 Apr 1884","Multiple conflicting dates found for spatial-vessel key"
"37793","Specimen/Lot","",1,"Labrisomus nuchipinnis","Labrisomus nuchipinnis","Labrisomus nuchipinnis","","Labrisomus nuchipinnis : Labrisomidae : Perciformes : Actinopterygii : Chordata","","","Perciformes","Labrisomidae","","","","North Atlantic Ocean","Gulf of Mexico","","","","","Mexico","Veracruz","","Vera Cruz, Mexico.",22.154,-86.9255375,"","","","Albatross","","53","","","","","","","",16268,"","","",NA,"",NA,"",NA,"8/26/14 19:00","http://n2t.net/ark:/65665/313e914b6-02ad-4523-a509-baff441ce8dd","29 Jan 1885 | 29 Jan 1885 (1885 Jan 29 - 0000 00 00) | 27 Jan 1885 (0000 00 00 - 0000 00 00) | (0000 Nov 22 - 0000 00 00) | 28 Jan 1885 (1885 Jan 28 - 0000 00 00)","Multiple conflicting dates found for spatial-vessel key"
"34876","Specimen/Lot","",1,"Lachnolaimus maximus","Lachnolaimus maximus","Lachnolaimus maximus","","Lachnolaimus maximus : Labridae : Perciformes : Actinopterygii : Chordata","","","Perciformes","Labridae","","","","North Atlantic Ocean","Gulf of Mexico","Florida Keys","","","","United States","Florida","Monroe County","Key West Florida.",24.5342,-81.8576,"","","","Albatross","","136","","","","","Unknown:Tank 04","","",14286,"","","",NA,"",NA,"",NA,"8/19/14 15:35","http://n2t.net/ark:/65665/3b1cdc5e2-b7a5-4571-847b-120e5ae36dac",NA,"No matching spatial-vessel reference record found"
"34870","Specimen/Lot","",1,"Lactophrys trigonus","Lactophrys trigonus","Lactophrys trigonus","","Lactophrys trigonus : Ostraciidae : Tetraodontiformes : Actinopterygii : Chordata","","","Tetraodontiformes","Ostraciidae","","","","Atlantic","","Bahamian Archipelago","Bahama Islands","New Providence Island","","Bahamas","","","New Providence",26.7301716666667,-77.3733416666667,"","","","Albatross","","","","","","",":Tank 01","","",14286,"","","",NA,"",NA,"",NA,"8/19/14 15:30","http://n2t.net/ark:/65665/38b179ef1-8d2b-45d5-8fe6-54c370eb8a43","16 Mar 1886 (1886 Mar 16 - 0000 00 00) | 5 Mar 1886 (1886 Mar 05 - 0000 00 00) | 23 Apr 1886 | 10 Mar 1886 (1886 Mar 10 - 0000 00 00) | 5 Mar 1886 | 27 Feb 1886 | 10 Apr 1886 (1886 Apr 10 - 0000 00 00) | 1886 (0000 00 00 - 0000 00 00) | 23 Mar 1886 (1886 Mar 23 - 0000 00 00) | Mar 1886 | 12 Apr 1886 (1886 Apr 12 - 0000 00 00) | 1886 | 23 Mar 1886 | 1886 (1886 00 00 - 0000 00 00)","Multiple conflicting dates found for spatial-vessel key"
"34869","Specimen/Lot","",1,"Lactophrys trigonus","Lactophrys trigonus","Lactophrys trigonus","","Lactophrys trigonus : Ostraciidae : Tetraodontiformes : Actinopterygii : Chordata","","","Tetraodontiformes","Ostraciidae","","","","Atlantic","","Bahamian Archipelago","Bahama Islands","New Providence Island","","Bahamas","","","New Providence",26.7301716666667,-77.3733416666667,"","","","Albatross","","","","","","",":Tank 01","","",14286,"","","",NA,"",NA,"",NA,"8/19/14 15:30","http://n2t.net/ark:/65665/3c8535e24-7fb7-4bd4-b841-a4fa14f96d65","16 Mar 1886 (1886 Mar 16 - 0000 00 00) | 5 Mar 1886 (1886 Mar 05 - 0000 00 00) | 23 Apr 1886 | 10 Mar 1886 (1886 Mar 10 - 0000 00 00) | 5 Mar 1886 | 27 Feb 1886 | 10 Apr 1886 (1886 Apr 10 - 0000 00 00) | 1886 (0000 00 00 - 0000 00 00) | 23 Mar 1886 (1886 Mar 23 - 0000 00 00) | Mar 1886 | 12 Apr 1886 (1886 Apr 12 - 0000 00 00) | 1886 | 23 Mar 1886 | 1886 (1886 00 00 - 0000 00 00)","Multiple conflicting dates found for spatial-vessel key"
"34857","Specimen/Lot","",1,"Lactophrys trigonus","Lactophrys trigonus","Lactophrys trigonus","","Lactophrys trigonus : Ostraciidae : Tetraodontiformes : Actinopterygii : Chordata","","","Tetraodontiformes","Ostraciidae","","","","Atlantic","","Bahamian Archipelago","Bahama Islands","New Providence Island","","Bahamas","","","New Providence",26.7301716666667,-77.3733416666667,"","","","Albatross","","","","","","",":Tank 01","","",14286,"","","",NA,"",NA,"",NA,"8/19/14 15:30","http://n2t.net/ark:/65665/3cf3458e9-2753-4234-a310-44308521fc2d","16 Mar 1886 (1886 Mar 16 - 0000 00 00) | 5 Mar 1886 (1886 Mar 05 - 0000 00 00) | 23 Apr 1886 | 10 Mar 1886 (1886 Mar 10 - 0000 00 00) | 5 Mar 1886 | 27 Feb 1886 | 10 Apr 1886 (1886 Apr 10 - 0000 00 00) | 1886 (0000 00 00 - 0000 00 00) | 23 Mar 1886 (1886 Mar 23 - 0000 00 00) | Mar 1886 | 12 Apr 1886 (1886 Apr 12 - 0000 00 00) | 1886 | 23 Mar 1886 | 1886 (1886 00 00 - 0000 00 00)","Multiple conflicting dates found for spatial-vessel key"
"34871","Specimen/Lot","",1,"Lactophrys trigonus","Lactophrys trigonus","Lactophrys trigonus","","Lactophrys trigonus : Ostraciidae : Tetraodontiformes : Actinopterygii : Chordata","","","Tetraodontiformes","Ostraciidae","","","","Atlantic","","Bahamian Archipelago","Bahama Islands","New Providence Island","","Bahamas","","","New Providence",26.7301716666667,-77.3733416666667,"","","Tin Tag : 161","Albatross","","","","","","",":Tank 01","","",14286,"","","",NA,"",NA,"",NA,"8/19/14 15:33","http://n2t.net/ark:/65665/3472935c6-f7dc-4b04-8216-3e3f8c76b5b2","16 Mar 1886 (1886 Mar 16 - 0000 00 00) | 5 Mar 1886 (1886 Mar 05 - 0000 00 00) | 23 Apr 1886 | 10 Mar 1886 (1886 Mar 10 - 0000 00 00) | 5 Mar 1886 | 27 Feb 1886 | 10 Apr 1886 (1886 Apr 10 - 0000 00 00) | 1886 (0000 00 00 - 0000 00 00) | 23 Mar 1886 (1886 Mar 23 - 0000 00 00) | Mar 1886 | 12 Apr 1886 (1886 Apr 12 - 0000 00 00) | 1886 | 23 Mar 1886 | 1886 (1886 00 00 - 0000 00 00)","Multiple conflicting dates found for spatial-vessel key"
"34868","Specimen/Lot","",1,"Lactophrys trigonus","Lactophrys trigonus","Lactophrys trigonus","","Lactophrys trigonus : Ostraciidae : Tetraodontiformes : Actinopterygii : Chordata","","","Tetraodontiformes","Ostraciidae","","","","Atlantic","","Bahamian Archipelago","Bahama Islands","New Providence Island","","Bahamas","","","New Providence",26.7301716666667,-77.3733416666667,"","","","Albatross","","","","","","",":Tank 01","","",14286,"","","",NA,"",NA,"",NA,"8/19/14 15:30","http://n2t.net/ark:/65665/3e2ef18da-0550-4a5c-9992-392a371d4b8c","16 Mar 1886 (1886 Mar 16 - 0000 00 00) | 5 Mar 1886 (1886 Mar 05 - 0000 00 00) | 23 Apr 1886 | 10 Mar 1886 (1886 Mar 10 - 0000 00 00) | 5 Mar 1886 | 27 Feb 1886 | 10 Apr 1886 (1886 Apr 10 - 0000 00 00) | 1886 (0000 00 00 - 0000 00 00) | 23 Mar 1886 (1886 Mar 23 - 0000 00 00) | Mar 1886 | 12 Apr 1886 (1886 Apr 12 - 0000 00 00) | 1886 | 23 Mar 1886 | 1886 (1886 00 00 - 0000 00 00)","Multiple conflicting dates found for spatial-vessel key"
"41319","Specimen/Lot","",1,"Lactophrys triqueter","Lactophrys triqueter","Lactophrys triqueter","","Lactophrys triqueter : Ostraciidae : Tetraodontiformes : Actinopterygii : Chordata","","","Tetraodontiformes","Ostraciidae","","","","North Atlantic Ocean","Caribbean Sea","Lesser Antilles","Windward Islands","Saint Lucia","","Saint Lucia","","","St. Lucia",13.5444,-62.9,"","","Original Number : 76","Albatross","","","","","","","","","",NA,"","","",NA,"",NA,"",NA,"3/2/17 17:15","http://n2t.net/ark:/65665/3749423b3-9ca9-4086-824a-dfbe1073c116","30 Nov 1887 (1887 Nov 30 - 0000 00 00) | 30 Nov 1887 | 1888 | 28 Jan 1884 | 3 Dec 1887 to 1888 (3 Dec 1887 - 1888) | Nov 1887 | 1887","Multiple conflicting dates found for spatial-vessel key"
"158572","Specimen/Lot","",1,"Lagocephalus laevigatus","Lagocephalus laevigatus","Lagocephalus laevigatus","Sphoeroides","Lagocephalus laevigatus : Tetraodontidae : Tetraodontiformes : Actinopterygii : Chordata","","","Tetraodontiformes","Tetraodontidae","Tetraodontinae","","","North Atlantic Ocean","","","","","","United States","North Carolina","","Coast of North Carolina",34.3375,-76.8167,"","","","Albatross III","Cr. 39","","","","","",":Tank 01","","",0,"","","",NA,"",NA,"",NA,"8/19/14 15:33","http://n2t.net/ark:/65665/362dc86e9-fefa-41db-9a13-532c990f18f4",NA,"No matching spatial-vessel reference record found"
"38662","Specimen/Lot","",1,"Lutjanus apodus","Lutjanus apodus","Lutjanus apodus","","Lutjanus apodus : Lutjanidae : Perciformes : Actinopterygii : Chordata","","","Perciformes","Lutjanidae","Lutjnaninae","","","North Atlantic Ocean","Caribbean Sea","","","","","","","","West Indies.",17.9064144549763,-67.7093952606635,"","","","Albatross","","","","","","","","","",0,"","","",NA,"",NA,"",NA,"7/30/15 14:15","http://n2t.net/ark:/65665/3c7d0e890-78a8-4a99-91ce-dba989560885",NA,"No matching spatial-vessel reference record found"
"41326","Specimen/Lot","",1,"Lutjanus buccanella","Lutjanus buccanella","Lutjanus buccanella","","Lutjanus buccanella : Lutjanidae : Perciformes : Actinopterygii : Chordata","","","Perciformes","Lutjanidae","Lutjaninae","","","North Atlantic Ocean","Caribbean Sea","Lesser Antilles","Windward Islands","Saint Lucia","","Saint Lucia","","","St. Lucia",13.5444,-62.9,"","","Original Number : 63","Albatross","","","","","","","","","",0,"","","",NA,"",NA,"",NA,"3/2/17 17:15","http://n2t.net/ark:/65665/32bde0546-3196-4755-9508-c153ffd8dcf6","30 Nov 1887 (1887 Nov 30 - 0000 00 00) | 30 Nov 1887 | 1888 | 28 Jan 1884 | 3 Dec 1887 to 1888 (3 Dec 1887 - 1888) | Nov 1887 | 1887","Multiple conflicting dates found for spatial-vessel key"
"37129","Specimen/Lot","",1,"Lutjanus griseus","Lutjanus griseus","Lutjanus griseus","","Lutjanus griseus : Lutjanidae : Perciformes : Actinopterygii : Chordata","","","Perciformes","Lutjanidae","Lutjaninae","","","Atlantic","Caribbean Sea","","","","","Mexico","","","Caribbean Sea: Off Yucatan Cozumel",22.154,-86.9255375,"Bean, T. H.","","","Albatross","","","","","","","Unknown:Tank 10","","",15759,"","","",NA,"",NA,"",NA,"8/19/14 15:42","http://n2t.net/ark:/65665/343f1ffe1-6354-4b06-a28f-eb6cda1f412f","29 Jan 1885 | 29 Jan 1885 (1885 Jan 29 - 0000 00 00) | 27 Jan 1885 (0000 00 00 - 0000 00 00) | (0000 Nov 22 - 0000 00 00) | 28 Jan 1885 (1885 Jan 28 - 0000 00 00)","Multiple conflicting dates found for spatial-vessel key"
"41301","Specimen/Lot","",1,"Lutjanus jocu","Lutjanus jocu","Lutjanus jocu","","Lutjanus jocu : Lutjanidae : Perciformes : Actinopterygii : Chordata","","","Perciformes","Lutjanidae","Lutjaninae","","","North Atlantic Ocean","Caribbean Sea","Lesser Antilles","Windward Islands","Saint Lucia","","Saint Lucia","","","West Indies St. Lucia.",13.5444,-62.9,"","","Original Number : 931","Albatross","","","Albatross Expedition, 1883-1900","","","","","","",0,"","","",NA,"",NA,"",NA,"7/30/15 14:14","http://n2t.net/ark:/65665/30fc08165-b519-45ff-88f4-d8fb2ab436c4","30 Nov 1887 (1887 Nov 30 - 0000 00 00) | 30 Nov 1887 | 1888 | 28 Jan 1884 | 3 Dec 1887 to 1888 (3 Dec 1887 - 1888) | Nov 1887 | 1887","Multiple conflicting dates found for spatial-vessel key"
"41327","Specimen/Lot","",1,"Lutjanus synagris","Lutjanus synagris","Lutjanus synagris","","Lutjanus synagris : Lutjanidae : Perciformes : Actinopterygii : Chordata","","","Perciformes","Lutjanidae","Lutjaninae","","","North Atlantic Ocean","Caribbean Sea","Lesser Antilles","Windward Islands","Saint Lucia","","Saint Lucia","","","West Indies St. Lucia.",13.5444,-62.9,"","","Original Number : 4","Albatross","","","Albatross Expedition, 1883-1900","","","","","","",0,"","","",NA,"",NA,"",NA,"7/31/15 17:13","http://n2t.net/ark:/65665/31a23c76d-a53f-48ea-8948-40662bbe3418","30 Nov 1887 (1887 Nov 30 - 0000 00 00) | 30 Nov 1887 | 1888 | 28 Jan 1884 | 3 Dec 1887 to 1888 (3 Dec 1887 - 1888) | Nov 1887 | 1887","Multiple conflicting dates found for spatial-vessel key"
"38438","Specimen/Lot","",1,"Lutjanus synagris","Lutjanus synagris","Lutjanus synagris","","Lutjanus synagris : Lutjanidae : Perciformes : Actinopterygii : Chordata","","","Perciformes","Lutjanidae","Lutjaninae","","","North Atlantic Ocean","","Bahamian Archipelago","Bahama Islands","Abaco","","Bahamas","","","Abaco, W. I., By Electric Light",28.58,-73.55,"","","","Albatross","","","","","","","","","",0,"","","",NA,"",NA,"",NA,"7/31/15 17:13","http://n2t.net/ark:/65665/3938097d1-ed12-4024-8a74-8b4719be99e8","10 Apr 1886 (1886 Apr 10 - 0000 00 00) | 26 Mar 1886 (1886 Mar 26 - 0000 00 00)","Multiple conflicting dates found for spatial-vessel key"
"41474","Specimen/Lot","",1,"Menticirrhus nasus","Menticirrhus nasus","Menticirrhus nasus","","Menticirrhus nasus : Sciaenidae : Perciformes : Actinopterygii : Chordata","","","Perciformes","Sciaenidae","","","","North Atlantic Ocean","Caribbean Sea","","","","","Panama","","","Panama",9.5333,-79.9083,"","","Original Number : 486","Albatross","","","","","","","Dry Osteological Specimen::1","","Fluid specimens not confirmed to be in the collection at the time of cataloging Dec 2014. Otoliths are stored in the Osteo Collection. Fluid specimen found on November 5, 2015.",NA,"","","",NA,"",NA,"",NA,"6/25/18 21:16","http://n2t.net/ark:/65665/3c918a4d0-6f0a-46a0-aaf0-0ea1f0577484","Mar 1884 to Apr 1884 (1884 Mar 00 - 1884 Apr 00) | 1884 (1884 00 00 - 0000 00 00) | 2 Apr 1884","Multiple conflicting dates found for spatial-vessel key"
"34900","Specimen/Lot","",1,"Micropogonias undulatus","Micropogon undulatus","Micropogon undulatus","","Micropogon undulatus : Sciaenidae : Perciformes : Actinopterygii : Chordata","","","Perciformes","Sciaenidae","","","","Atlantic","Caribbean Sea","Greater Antilles","","Jamaica","","Jamaica","","","Jamaica. W.I.",17.6444666666667,-76.3921666666667,"","","","Albatross","","","","","","","Unknown:Tank 01","","",14286,"","","",NA,"",NA,"",NA,"8/19/14 15:30","http://n2t.net/ark:/65665/3deae5926-7084-4675-a1d5-2efd5e574528","1 Mar 1884 to 11 Mar 1884 (1884 Mar 01 - 1884 Mar 11) | 1884 (1884 00 00 - 0000 00 00)","Multiple conflicting dates found for spatial-vessel key"
"41310","Specimen/Lot","",1,"Micropogonias furnieri","Micropogonias furnieri","Micropogonias furnieri","Micropogon furnieri","Micropogonias furnieri : Sciaenidae : Perciformes : Actinopterygii : Chordata","","","Perciformes","Sciaenidae","","","","North Atlantic Ocean","Caribbean Sea","Lesser Antilles","Windward Islands","Saint Lucia","","Saint Lucia","","","St. Lucia",13.5444,-62.9,"","","Other Number : 78","Albatross","","","","","","","","","Station number unknown. The Ledger book lists a locality of St. Lucia. No collection date was recorded in the Ledger book.",NA,"","","",NA,"",NA,"",NA,"3/2/17 17:15","http://n2t.net/ark:/65665/39f5dc260-d0c4-4588-ae2a-61d9277a0f00","30 Nov 1887 (1887 Nov 30 - 0000 00 00) | 30 Nov 1887 | 1888 | 28 Jan 1884 | 3 Dec 1887 to 1888 (3 Dec 1887 - 1888) | Nov 1887 | 1887","Multiple conflicting dates found for spatial-vessel key"
"34862","Specimen/Lot","",1,"Mugil curema","Mugil gaimardianus","Mugil gaimardianus","","Mugil gaimardianus : Mugilidae : Perciformes : Actinopterygii : Chordata","","","Perciformes","Mugilidae","","","","Atlantic","","Bahamian Archipelago","Bahama Islands","New Providence Island","","Bahamas","","","New Providence.",26.7301716666667,-77.3733416666667,"","119","","Albatross","","","","","","","","","",14286,"","","",NA,"",NA,"",NA,"8/25/14 14:29","http://n2t.net/ark:/65665/3fa4a167b-6c1f-4f62-80de-bb25db60e127","16 Mar 1886 (1886 Mar 16 - 0000 00 00) | 5 Mar 1886 (1886 Mar 05 - 0000 00 00) | 23 Apr 1886 | 10 Mar 1886 (1886 Mar 10 - 0000 00 00) | 5 Mar 1886 | 27 Feb 1886 | 10 Apr 1886 (1886 Apr 10 - 0000 00 00) | 1886 (0000 00 00 - 0000 00 00) | 23 Mar 1886 (1886 Mar 23 - 0000 00 00) | Mar 1886 | 12 Apr 1886 (1886 Apr 12 - 0000 00 00) | 1886 | 23 Mar 1886 | 1886 (1886 00 00 - 0000 00 00)","Multiple conflicting dates found for spatial-vessel key"
"33461","Specimen/Lot","",1,"Mustelus canis","Mustelus canis","Mustelus canis","","Mustelus canis : Triakidae : Carcharhiniformes : Chondrichthyes : Chordata","","","Carcharhiniformes","Triakidae","","","","North Atlantic Ocean","","","","","","United States","Massachusetts","","New Bedford Harbor",41.5855,-70.9045,"","","","Albatross","","","","","","","","","",0,"","","",NA,"",NA,"",NA,"8/20/14 16:30","http://n2t.net/ark:/65665/309f830bd-c1a3-46ed-9c5a-300256c4633d",NA,"No matching spatial-vessel reference record found"
"38713","Specimen/Lot","",1,"Mycteroperca bonaci","Mycteroperca bonaci","Mycteroperca bonaci","","Mycteroperca bonaci : Serranidae : Perciformes : Actinopterygii : Chordata","","","Perciformes","Serranidae","Epinephelinae","","","North Atlantic Ocean","Gulf of Mexico","Florida Keys","","Key West","","United States","Florida","Monroe County","Key West",24.5505,-81.7696,"","","","Albatross","","","","","","","Unknown:Tank 04","","",0,"","","",NA,"",NA,"",NA,"8/19/14 15:35","http://n2t.net/ark:/65665/353f44212-cc87-4d96-9a4f-66f3bf32afff","15 Apr 1884 (1884 Apr 15 - 0000 00 00) | 1886 (1886 00 00 - 0000 00 00) | 1884 (1884 00 00 - 0000 00 00) | 28 May 1884 (1884 May 28 - 0000 00 00) | May 1884 (1884 May 00 - 0000 00 00)","Multiple conflicting dates found for spatial-vessel key"
"38708","Specimen/Lot","",1,"Mycteroperca phenax","Mycteroperca phenax","Mycteroperca phenax","","Mycteroperca phenax : Serranidae : Perciformes : Actinopterygii : Chordata","","","Perciformes","Serranidae","Epinephelinae","","","North Atlantic Ocean","Gulf of Mexico","Florida Keys","","Key West","","United States","Florida","Monroe County","Key West",24.5505,-81.7696,"","","","Albatross","","","","","","","Unknown:Tank 04","","",0,"","","",NA,"",NA,"",NA,"8/19/14 15:35","http://n2t.net/ark:/65665/34747a549-4702-4f3a-b6b4-8ee2085e44fc","15 Apr 1884 (1884 Apr 15 - 0000 00 00) | 1886 (1886 00 00 - 0000 00 00) | 1884 (1884 00 00 - 0000 00 00) | 28 May 1884 (1884 May 28 - 0000 00 00) | May 1884 (1884 May 00 - 0000 00 00)","Multiple conflicting dates found for spatial-vessel key"
"34956","Specimen/Lot","",1,"Mycteroperca venenosa","Mycteroperca venenosa","Mycteroperca venenosa","","Mycteroperca venenosa : Serranidae : Perciformes : Actinopterygii : Chordata","","","Perciformes","Serranidae","Epinephelinae","","","Atlantic","Caribbean Sea","Lesser Antilles","Leeward Islands","Saint Thomas","","Virgin Islands (U.S.)","St. Thomas","","St. Thomas W.I",18.5,-63.5167,"","","","Albatross","","","","","","","Unknown:Tank 04","","",14286,"","","",NA,"",NA,"",NA,"8/19/14 15:35","http://n2t.net/ark:/65665/303d8b083-9ec2-4100-a2d9-9f64e9597f00","17 Jan 1884 to 24 Jan 1884 (1884 Jan 17 - 1884 Jan 24) | 17 Jan 1884 to 24 Jan 1884 | 27 Nov 1887 | 17 Jul 1884 to 24 Jul 1884 (1884 Jul 17 - 1884 Jul 24) | 24 Jan 1884 (1884 Jan 24 - 0000 00 00)","Multiple conflicting dates found for spatial-vessel key"
"37125","Specimen/Lot","",1,"Narcine brasiliensis","Narcine brasiliensis","Narcine brasiliensis","","Narcine brasiliensis : Narcinidae : Torpediniformes : Chondrichthyes : Chordata","","","Torpediniformes","Narcinidae","Narcininae","","","Atlantic","Caribbean Sea","","","","","Mexico","","","Caribbean Sea: Off Yucatan Cozumel",22.154,-86.9255375,"Bean, T. H.","","","Albatross","","","","","","","","","",15759,"","","",NA,"",NA,"",NA,"8/20/14 16:31","http://n2t.net/ark:/65665/37ae8ef81-cd97-4693-9a3f-f56d1dbd0d2d","29 Jan 1885 | 29 Jan 1885 (1885 Jan 29 - 0000 00 00) | 27 Jan 1885 (0000 00 00 - 0000 00 00) | (0000 Nov 22 - 0000 00 00) | 28 Jan 1885 (1885 Jan 28 - 0000 00 00)","Multiple conflicting dates found for spatial-vessel key"
"41279","Specimen/Lot","",1,"Narcine brasiliensis","Narcine brasiliensis","Narcine brasiliensis","","Narcine brasiliensis : Narcinidae : Torpediniformes : Chondrichthyes : Chordata","","","Torpediniformes","Narcinidae","Narcininae","","","North Atlantic Ocean","Caribbean Sea","Lesser Antilles","Windward Islands","Saint Lucia","","Saint Lucia","","","West Indies St. Lucia.",13.5444,-62.9,"","","","Albatross","","","Albatross Expedition, 1883-1900","","","","","","",0,"","","",NA,"",NA,"",NA,"8/20/14 16:33","http://n2t.net/ark:/65665/352415948-083d-4128-baf2-c6b9f7f84eb5","30 Nov 1887 (1887 Nov 30 - 0000 00 00) | 30 Nov 1887 | 1888 | 28 Jan 1884 | 3 Dec 1887 to 1888 (3 Dec 1887 - 1888) | Nov 1887 | 1887","Multiple conflicting dates found for spatial-vessel key"
"38497","Specimen/Lot","",1,"Negaprion brevirostris","Negaprion brevirostris","Negaprion brevirostris","","Negaprion brevirostris : Carcharhinidae : Carcharhiniformes : Chondrichthyes : Chordata","","","Carcharhiniformes","Carcharhinidae","","","","North Atlantic Ocean","","Bahamian Archipelago","Bahama Islands","San Salvador Island","","Bahamas","","","Watling's,",26.7301716666667,-77.3733416666667,"","","","Albatross","","","","","","","Illustration::1; Unknown:Tank 13","","",0,"","","",NA,"",NA,"",NA,"8/10/15 19:41","http://n2t.net/ark:/65665/3f02d2f2f-2d27-49f4-a988-af94380fc53f","16 Mar 1886 (1886 Mar 16 - 0000 00 00) | 5 Mar 1886 (1886 Mar 05 - 0000 00 00) | 23 Apr 1886 | 10 Mar 1886 (1886 Mar 10 - 0000 00 00) | 5 Mar 1886 | 27 Feb 1886 | 10 Apr 1886 (1886 Apr 10 - 0000 00 00) | 1886 (0000 00 00 - 0000 00 00) | 23 Mar 1886 (1886 Mar 23 - 0000 00 00) | Mar 1886 | 12 Apr 1886 (1886 Apr 12 - 0000 00 00) | 1886 | 23 Mar 1886 | 1886 (1886 00 00 - 0000 00 00)","Multiple conflicting dates found for spatial-vessel key"
"127285","Specimen/Lot","",1,"Hypanus sabinus","Dasyatis sabina","Dasyatis sabina","","Dasyatis sabina : Dasyatidae : Myliobatiformes : Chondrichthyes : Chordata","","","Myliobatiformes","Dasyatidae","","","","North Atlantic Ocean","Gulf of Mexico","","Chandeleur Islands","","","United States","Louisiana","St. Bernard Parish","Inside Bight of Chandeleur Islands off Louisiana coast",29.8491,-88.8375,"Welsh, W. W.","","","Grampus","","10454","","","0 to 6.4","","Unknown:Tank 01","","",161570,"","","",NA,"",NA,"",NA,"9/18/23 19:14","http://n2t.net/ark:/65665/3d3d94f9c-c142-4aae-8419-b85641b3681f",NA,"No matching spatial-vessel reference record found"
"127283","Specimen/Lot","",1,"Hypanus say","Dasyatis say","Dasyatis say","","Dasyatis say : Dasyatidae : Myliobatiformes : Chondrichthyes : Chordata","","","Myliobatiformes","Dasyatidae","","","","North Atlantic Ocean","Gulf of Mexico","","Chandeleur Islands","","","United States","Louisiana","St. Bernard Parish","Inside Bight of Chandeleur Islands off Louisiana coast",29.8491,-88.8375,"Welsh, W. W.","","","Grampus","","10454","","","0 to 6.4","","Unknown:Tank 01","","",161570,"","","",NA,"",NA,"",NA,"8/19/14 15:33","http://n2t.net/ark:/65665/32e4267ce-b2b7-4ea5-8a16-c586b310d56b",NA,"No matching spatial-vessel reference record found"
"54970","Specimen/Lot","",1,"Fundulus heteroclitus","Fundulus heteroclitus","Fundulus heteroclitus","","Fundulus heteroclitus : Fundulidae : Cyprinodontiformes : Actinopterygii : Chordata","","","Cyprinodontiformes","Fundulidae","","","","","","","","","North America","United States","Virginia","Mathews County","East River, Virginia",37.4102,-76.3453,"","6","","Grampus","","","","","","","","","2",0,"","","",NA,"",NA,"",NA,"8/25/14 14:32","http://n2t.net/ark:/65665/35a401ddb-6404-4344-b1a1-75c3a6573701",NA,"No matching spatial-vessel reference record found"
"61395","Specimen/Lot","",1,"Gasterosteus wheatlandi","Gasterosteus wheatlandi","Gasterosteus wheatlandi","Gasterosteus gladiunculus","Gasterosteus wheatlandi : Gasterosteidae : Gasterosteiformes : Actinopterygii : Chordata","","","Gasterosteiformes","Gasterosteidae","","","","North Atlantic Ocean","","","","","","","","","[station data only]",33.7155431873432,-74.4674725885909,"","","","Grampus","","266","","","","","","","1",48171,"","","",NA,"",NA,"",NA,"1/4/21 20:00","http://n2t.net/ark:/65665/302329f9b-beeb-4a45-b3de-c62baca1c095","1 Feb 1914 to 24 Jan 1917 (1914 Feb 01 - 1917 Jan 24) | 10 Jun 1892 (1892 Jun 10 - 0000 00 00) | 31-May-15 | 21 Jul 1913 (1913 Jul 21 - 0000 00 00) | 2 Aug 1916 (1916 Aug 02 - 0000 00 00) | 30 Jul 1900 (1900 Jul 30 - 0000 00 00) | 1892 (0000 00 00 - 0000 00 00)","Multiple conflicting dates found for spatial-vessel key"
"110958","Specimen/Lot","",1,"Beringraja binoculata","Raja binoculata","Raja binoculata","","Raja binoculata : Rajidae : Rajiformes : Chondrichthyes : Chordata","","","Rajiformes","Rajidae","","","","North Pacific Ocean","","","","","","United States","California","Monterey County","Monterey, California",36.604,-121.886,"Jordan, D. S.","","Original Number : 27008","Grampus","","10348","","","","","Dry Osteological Specimen::1; Specimen Notes::1","","4 rows of teeth; original number 27008",0,"","","",NA,"",NA,"",NA,"2/21/18 16:18","http://n2t.net/ark:/65665/388ede141-10ed-48ff-aff6-f8fd6d406906",NA,"No matching spatial-vessel reference record found"
