"Populations.by.species","Catalog.Number...USNM","Specimen.Count","Date.Collected","Vessel","Centroid.Latitude","Centroid.Longitude","Spatial.distance"
"Population 1 of Acanthurus bahianus","73821",24,"18 Jan 1899","Fish Hawk",18.4281,-67.1561,0
"Population 1 of Acanthurus bahianus","50196",5,"18 Jan 1899","Fish Hawk",18.4281,-67.1561,0
"Population 1 of Acanthurus bahianus","63064",2,"18 Jan 1899","Fish Hawk",18.4281,-67.1561,0
"Population 1 of Acanthurus bahianus","50141",1,"18 Jan 1899","Fish Hawk",18.4281,-67.1561,0
"Population 1 of Acanthurus chirurgus","73826",12,"1 Feb 1899 (1899 Feb 01 - 0000 00 00)","Fish Hawk",18.0088,-66.6196,62.68
"Population 1 of Acanthurus chirurgus","50214",4,"28 Jan 1899","Fish Hawk",17.9621,-66.9124,62.68
"Population 1 of Acanthurus chirurgus","73823",3,"26 Jan 1899","Fish Hawk",18.0259,-67.1693,62.68
"Population 1 of Acanthurus chirurgus","63063",1,"27 Jan 1899","Fish Hawk",18.0759,-67.1889,62.68
"Population 1 of Acanthurus chirurgus","63065",1,"26 Jan 1899","Fish Hawk",18.0259,-67.1693,62.68
"Population 1 of Acanthurus chirurgus","63662",1,"1899","Fish Hawk",17.9682,-66.6077,62.68
"Population 1 of Ahlia egmontis","91408",24,"25 Nov 1919 (1919 Nov 25 - 0000 00 00)","Albatross",24.3833,-83.2833,0
"Population 1 of Alosa aestivalis","90135",100,"19-Jan-14","Fish Hawk",37.835,-76.1694,129.89
"Population 1 of Alosa aestivalis","90142",100,"19-Jan-14","Fish Hawk",37.835,-76.1694,129.89
"Population 1 of Alosa aestivalis","90202",100,"12 Mar 1916 (1916 Mar 12 - 0000 00 00; 08:10 - 10:30)","Fish Hawk",38.8394,-76.3983,129.89
"Population 1 of Alosa aestivalis","90192",100,"12 Mar 1916 (1916 Mar 12 - 0000 00 00; 06:40 - 07:00)","Fish Hawk",38.9217,-76.39,129.89
"Population 1 of Alosa aestivalis","90203",84,"21-Mar-14","Fish Hawk",38.7897,-76.4325,129.89
"Population 1 of Alosa aestivalis","90223",81,"12-Mar-16","Fish Hawk",38.465,-76.3986,129.89
"Population 2 of Alosa aestivalis","67721",50,"4 May 1894","Fish Hawk",42.6065,-69.3530666666667,21.94
"Population 1 of Alosa aestivalis","90214",50,"19-Mar-14","Fish Hawk",38.437681097561,-75.9834317073171,129.89
"Population 1 of Alosa aestivalis","90143",50,"18 Feb 1914 (1914 Feb 18 - 0000 00 00; 15:42 - 16:00)","Fish Hawk",38.3396941176471,-76.2849235294118,129.89
"Population 1 of Alosa aestivalis","90217",50,"23-Mar-14","Fish Hawk",38.437681097561,-75.9834317073171,129.89
"Population 1 of Alosa aestivalis","90221",50,"18 Feb 1914 (1914 Feb 18 - 0000 00 00; 15:42 - 16:00)","Fish Hawk",38.3396941176471,-76.2849235294118,129.89
"Population 3 of Alosa aestivalis","90201",50,"6 Mar 1916 (1916 Mar 06 - 0000 00 00; 12:25 - 13:55)","Fish Hawk",37.01,-76.2222,51.95
"Population 1 of Alosa aestivalis","90218",50,"19-Jan-14","Fish Hawk",37.835,-76.1694,129.89
"Population 1 of Alosa aestivalis","90155",43,"22-Mar-14","Fish Hawk",38.3946259259259,-76.2566111111111,129.89
"Population 1 of Alosa aestivalis","90200",40,"19 Jan 1916 (1916 Jan 19 - 0000 00 00; 16:21 - 17:30)","Fish Hawk",38.125,-76.2333,129.89
"Population 1 of Alosa aestivalis","90204",34,"20-Jan-14","Fish Hawk",38.37,-76.3383,129.89
"Population 1 of Alosa aestivalis","90216",30,"23 Mar 1914 (0000 00 00 - 0000 00 00)","Fish Hawk",38.437681097561,-75.9834317073171,129.89
"Population 1 of Alosa aestivalis","90222",25,"20 Jan 1916 (1916 Jan 20 - 0000 00 00; 10:48 - 12:15)","Fish Hawk",38.3333,-76.3067,129.89
"Population 1 of Alosa aestivalis","90163",25,"19-Feb-14","Fish Hawk",38.3946259259259,-76.2566111111111,129.89
"Population 1 of Alosa aestivalis","90161",25,"20 Jan 1914 (0000 00 00 - 0000 00 00)","Fish Hawk",38.3767,-76.3867,129.89
"Population 1 of Alosa aestivalis","90134",25,"19 Feb 1914 (0000 00 00 - 0000 00 00)","Fish Hawk",38.2142,-76.0506,129.89
"Population 1 of Alosa aestivalis","155973",25,"9-Mar-16","Fish Hawk",37.86,-76.1625,129.89
"Population 1 of Alosa aestivalis","90144",24,"12-Mar-16","Fish Hawk",38.8394,-76.3983,129.89
"Population 4 of Alosa aestivalis","90151",22,"21-Mar-14","Fish Hawk",39.3873,-76.174,0
"Population 1 of Alosa aestivalis","90190",22,"19-Feb-14","Fish Hawk",38.3946259259259,-76.2566111111111,129.89
"Population 5 of Alosa aestivalis","90212",21,"18-Feb-14","Fish Hawk",33.7385240743113,-75.1433128607018,0
"Population 1 of Alosa aestivalis","90149",20,"19-Feb-14","Fish Hawk",38.437681097561,-75.9834317073171,129.89
"Population 1 of Alosa aestivalis","90152",14,"21 Mar 1914 (1914 Mar 21 - 0000 00 00; 15:40 - 15:51)","Fish Hawk",38.437681097561,-75.9834317073171,129.89
"Population 1 of Alosa aestivalis","30393",13,"1882 (1882 00 00 - 0000 00 00)","Fish Hawk",38.8988,-76.4357,129.89
"Population 3 of Alosa aestivalis","90141",13,"23 Jan 1921 (1921 Jan 23 - 0000 00 00; 08:20 - 09:26)","Fish Hawk",37.2451,-76.0412,51.95
"Population 1 of Alosa aestivalis","90182",13,"10 Mar 1916 (1916 Mar 10 - 0000 00 00; 07:30 - 09:00)","Fish Hawk",38.0217,-76.365,129.89
"Population 1 of Alosa aestivalis","90206",11,"20 Jan 1914 (1914 Jan 20 - 0000 00 00)","Fish Hawk",38.245,-76.2583,129.89
"Population 3 of Alosa aestivalis","90166",11,"21-Feb-14","Fish Hawk",37.4518,-76.1549,51.95
"Population 1 of Alosa aestivalis","90147",10,"22 Mar 1914 (1914 Mar 22 - 0000 00 00; 16:00 - 16:12)","Fish Hawk",38.245,-76.26,129.89
"Population 1 of Alosa aestivalis","30349",10,"11 Mar 1882 (1882 Mar 11 - 0000 00 00; 11:22)","Fish Hawk",38.9425666666667,-76.4494,129.89
"Population 5 of Alosa aestivalis","90215",9,"21-Mar-14","Fish Hawk",33.7385240743113,-75.1433128607018,0
"Population 1 of Alosa aestivalis","30362",9,"11 Mar 1882 (1882 Mar 11 - 0000 00 00)","Fish Hawk",38.9425666666667,-76.4494,129.89
"Population 3 of Alosa aestivalis","90213",9,"21-Feb-14","Fish Hawk",37.0949,-75.9225,51.95
"Population 1 of Alosa aestivalis","90207",9,"18-Feb-14","Fish Hawk",38.4083,-76.3417,129.89
"Population 1 of Alosa aestivalis","90153",7,"17-Feb-14","Fish Hawk",38.8717,-76.3944,129.89
"Population 3 of Alosa aestivalis","90136",7,"22 Jan 1921 (1921 Jan 22 - 0000 00 00; 11:02 - 11:54)","Fish Hawk",37.0056,-76.2289,51.95
"Population 1 of Alosa aestivalis","90150",7,"21 Mar 1914 (0000 00 00 - 0000 00 00)","Fish Hawk",38.6186,-76.3639,129.89
"Population 1 of Alosa aestivalis","90194",6,"11 Mar 1916 (1916 Mar 11 - 0000 00 00; 17:18)","Fish Hawk",38.3361,-76.2983,129.89
"Population 5 of Alosa aestivalis","90211",5,"21 Feb 1914 (1914 Feb 21 - 0000 00 00)","Fish Hawk",33.7385240743113,-75.1433128607018,0
"Population 1 of Alosa aestivalis","30387",5,"28 Feb 1882 (1882 Feb 28 - 0000 00 00; 12:30)","Fish Hawk",38.3396941176471,-76.2849235294118,129.89
"Population 1 of Alosa aestivalis","90146",4,"22-Mar-14","Fish Hawk",38.437681097561,-75.9834317073171,129.89
"Population 1 of Alosa aestivalis","90219",4,"18 Feb 1914 (1914 Feb 18 - 0000 00 00; 15:42 - 16:00)","Fish Hawk",38.3396941176471,-76.2849235294118,129.89
"Population 1 of Alosa aestivalis","129762",3,"26 Jan 1921 (1921 Jan 26 - 0000 00 00)","Fish Hawk",38.437681097561,-75.9834317073171,129.89
"Population 1 of Alosa aestivalis","90210",3,"20 Jan 1914 (1914 Jan 20 - 0000 00 00)","Fish Hawk",38.3383,-76.3,129.89
"Population 3 of Alosa aestivalis","90205",3,"7-Mar-16","Fish Hawk",37.2508,-76.0794,51.95
"Population 3 of Alosa aestivalis","90209",3,"6-Jan-14","Fish Hawk",37.2433,-76.0967,51.95
"Population 3 of Alosa aestivalis","90139",3,"22-Jan-21","Fish Hawk",36.9865,-76.1999,51.95
"Population 1 of Alosa aestivalis","90148",3,"19-Feb-14","Fish Hawk",38.3946259259259,-76.2566111111111,129.89
"Population 1 of Alosa aestivalis","90185",2,"26 Jan 1921 (1921 Jan 26 - 0000 00 00; 13:28 - 14:22)","Fish Hawk",38.3358,-76.2703,129.89
"Population 1 of Alosa aestivalis","90186",2,"10 Mar 1916 (1916 Mar 10 - 0000 00 00; 11:37 - 13:06)","Fish Hawk",38.1167,-76.2233,129.89
"Population 1 of Alosa aestivalis","90160",2,"21-Jan-14","Fish Hawk",38.6083,-76.42,129.89
"Population 1 of Alosa aestivalis","90170",2,"22-Feb-14","Fish Hawk",38.437681097561,-75.9834317073171,129.89
"Population 1 of Alosa aestivalis","90191",2,"18-Jan-14","Fish Hawk",37.9341,-76.0251,129.89
"Population 2 of Alosa aestivalis","329861",2,"20 Apr 1994 (1994 Apr 20 - 0000 00 00; 01:55 - 02:55)","Albatross IV",42.6533,-69.6133,21.94
"Population 3 of Alosa aestivalis","90138",1,"16 Jan 1916 (1916 Jan 16 - 0000 00 00)","Fish Hawk",37.0097,-76.2542,51.95
"Population 5 of Alosa aestivalis","90167",1,"24-Mar-14","Fish Hawk",33.7385240743113,-75.1433128607018,0
"Population 3 of Alosa aestivalis","90168",1,"15 Jan 1914 (0000 00 00 - 0000 00 00)","Fish Hawk",36.9917,-76.24,51.95
"Population 1 of Alosa aestivalis","90183",1,"20 Jan 1916 (1916 Jan 20 - 0000 00 00; 07:45 - 09:55)","Fish Hawk",38.2444,-76.2617,129.89
"Population 1 of Alosa aestivalis","91385",1,"19-Jan-14","Fish Hawk",37.9,-76.16,129.89
"Population 1 of Alosa aestivalis","90220",1,"20-Jan-14","Fish Hawk",38.22,-76.24,129.89
"Population 5 of Alosa aestivalis","90189",1,"23 Feb 1914 (1914 Feb 23 - 0000 00 00)","Fish Hawk",33.7385240743113,-75.1433128607018,0
"Population 1 of Alosa aestivalis","90184",1,"27 Jan 1916 (1916 Jan 27 - 0000 00 00; 07:36 - 08:25)","Fish Hawk",38.6717,-76.4183,129.89
"Population 5 of Alosa aestivalis","90164",1,"23 Mar 1914 (0000 00 00 - 0000 00 00)","Fish Hawk",33.7385240743113,-75.1433128607018,0
"Population 1 of Alosa aestivalis","90169",1,"22 Feb 1914 (0000 00 00 - 0000 00 00)","Fish Hawk",38.437681097561,-75.9834317073171,129.89
"Population 1 of Alosa aestivalis","90193",1,"9-Mar-16","Fish Hawk",37.86,-76.1625,129.89
"Population 5 of Alosa aestivalis","90208",1,"22-Mar-14","Fish Hawk",33.7385240743113,-75.1433128607018,0
"Population 1 of Alosa aestivalis","90145",1,"19 Jan 1916 (1916 Jan 19 - 0000 00 00; 06:58 - 09:04)","Fish Hawk",37.8689,-76.17,129.89
"Population 1 of Alosa aestivalis","90156",1,"21 Mar 1914 (March 21, 1914)","Fish Hawk",38.6977,-76.3446,129.89
"Population 1 of Alosa aestivalis","90158",1,"18-Mar-14","Fish Hawk",38.9754,-76.4847,129.89
"Population 5 of Alosa aestivalis","90159",1,"23 Feb 1914 (1914 Feb 23 - 0000 00 00; 11:40 - 11:51)","Fish Hawk",33.7385240743113,-75.1433128607018,0
"Population 1 of Alosa aestivalis","90162",1,"3-Mar-14","Fish Hawk",38.437681097561,-75.9834317073171,129.89
"Population 5 of Alosa aestivalis","90157",1,"23-Mar-14","Fish Hawk",33.7385240743113,-75.1433128607018,0
"Population 1 of Alosa pseudoharengus","129792",100,"22-Aug-15","Grampus",43.6559,-70.1131,0
"Population 2 of Alosa pseudoharengus","129796",100,"21-Jul-15","Grampus",43.8703,-69.6472,0
"Population 3 of Alosa pseudoharengus","90051",74,"12 Mar 1916 (1916 Mar 12 - 0000 00 00; 06:40 - 07:00)","Fish Hawk",38.9217,-76.39,130.12
"Population 3 of Alosa pseudoharengus","90044",68,"19-Jan-14","Fish Hawk",37.835,-76.1694,130.12
"Population 3 of Alosa pseudoharengus","90052",54,"12 Mar 1916 (1916 Mar 12 - 0000 00 00; 06:40 - 07:00)","Fish Hawk",38.9217,-76.39,130.12
"Population 3 of Alosa pseudoharengus","90046",49,"10 Mar 1916 (1916 Mar 10 - 0000 00 00; 15:30 - 16:30)","Fish Hawk",38.2514,-76.2567,130.12
"Population 3 of Alosa pseudoharengus","90078",39,"21-Mar-14","Fish Hawk",38.7897,-76.4325,130.12
"Population 3 of Alosa pseudoharengus","90054",37,"","Fish Hawk",38.2791,-76.1957,130.12
"Population 3 of Alosa pseudoharengus","90056",37,"","Fish Hawk",38.437681097561,-75.9834317073171,130.12
"Population 4 of Alosa pseudoharengus","90119",36,"21-Mar-14","Fish Hawk",33.7385240743113,-75.1433128607018,0
"Population 5 of Alosa pseudoharengus","90092",31,"","Fish Hawk",33.7155431873432,-74.4674725885909,0
"Population 3 of Alosa pseudoharengus","90058",28,"23 Mar 1914 (0000 00 00 - 0000 00 00)","Fish Hawk",38.437681097561,-75.9834317073171,130.12
"Population 3 of Alosa pseudoharengus","90076",28,"20 Jan 1914 (0000 00 00 - 0000 00 00)","Fish Hawk",38.3767,-76.3867,130.12
"Population 3 of Alosa pseudoharengus","90077",27,"26 Jan 1921 (1921 Jan 26 - 0000 00 00)","Fish Hawk",38.8482,-76.3761,130.12
"Population 5 of Alosa pseudoharengus","90093",27,"","Fish Hawk",33.7155431873432,-74.4674725885909,0
"Population 3 of Alosa pseudoharengus","90057",26,"21 Mar 1914 (0000 00 00 - 0000 00 00)","Fish Hawk",38.6186,-76.3639,130.12
"Population 3 of Alosa pseudoharengus","90074",25,"19-Jan-14","Fish Hawk",37.835,-76.1694,130.12
"Population 3 of Alosa pseudoharengus","90125",25,"19 Jan 1916 (1916 Jan 19 - 0000 00 00; 06:58 - 09:04)","Fish Hawk",37.8689,-76.17,130.12
"Population 6 of Alosa pseudoharengus","67882",25,"24 Mar 1894","Fish Hawk",37.2089665876777,-75.0037312796209,0
"Population 3 of Alosa pseudoharengus","90124",25,"12 Mar 1916 (1916 Mar 12 - 0000 00 00; 06:40 - 07:00)","Fish Hawk",38.9217,-76.39,130.12
"Population 1 of Alosa pseudoharengus","129793",25,"22-Aug-15","Grampus",43.6559,-70.1131,0
"Population 3 of Alosa pseudoharengus","90068",23,"","Fish Hawk",38.9772,-76.4864,130.12
"Population 3 of Alosa pseudoharengus","90075",23,"","Fish Hawk",38.8394,-76.3983,130.12
"Population 3 of Alosa pseudoharengus","90112",23,"20 Jan 1916 (1916 Jan 20 - 0000 00 00; 10:48 - 12:15)","Fish Hawk",38.3333,-76.3067,130.12
"Population 3 of Alosa pseudoharengus","90115",20,"12-Mar-16","Fish Hawk",38.465,-76.3986,130.12
"Population 3 of Alosa pseudoharengus","90121",20,"19 Feb 1914 (0000 00 00 - 0000 00 00)","Fish Hawk",38.2142,-76.0506,130.12
"Population 3 of Alosa pseudoharengus","90065",19,"19 Jan 1916 (1916 Jan 19 - 0000 00 00; 16:21 - 17:30)","Fish Hawk",38.125,-76.2333,130.12
"Population 3 of Alosa pseudoharengus","90043",18,"26 Jan 1921 (1921 Jan 26 - 0000 00 00; 13:28 - 14:22)","Fish Hawk",38.3358,-76.2703,130.12
"Population 3 of Alosa pseudoharengus","90045",18,"","Fish Hawk",38.437681097561,-75.9834317073171,130.12
"Population 3 of Alosa pseudoharengus","90122",18,"","Fish Hawk",38.128,-76.29,130.12
"Population 3 of Alosa pseudoharengus","90049",17,"","Fish Hawk",38.437681097561,-75.9834317073171,130.12
"Population 3 of Alosa pseudoharengus","90116",17,"","Fish Hawk",38.437681097561,-75.9834317073171,130.12
"Population 3 of Alosa pseudoharengus","90053",16,"18-Feb-14","Fish Hawk",38.4083,-76.3417,130.12
"Population 3 of Alosa pseudoharengus","90061",16,"21 Mar 1914 (March 21, 1914)","Fish Hawk",38.6977,-76.3446,130.12
"Population 7 of Alosa pseudoharengus","90098",15,"22-Jan-21","Fish Hawk",36.9865,-76.1999,45.51
"Population 7 of Alosa pseudoharengus","90114",15,"6 Mar 1916 (1916 Mar 06 - 0000 00 00; 12:25 - 13:55)","Fish Hawk",37.01,-76.2222,45.51
"Population 3 of Alosa pseudoharengus","90079",14,"","Fish Hawk",38.245,-76.2583,130.12
"Population 3 of Alosa pseudoharengus","90066",13,"","Fish Hawk",38.3667,-76.3383,130.12
"Population 3 of Alosa pseudoharengus","90117",12,"","Fish Hawk",38.3667,-76.3217,130.12
"Population 3 of Alosa pseudoharengus","90080",10,"20 Jan 1914 (1914 Jan 20 - 0000 00 00)","Fish Hawk",38.3383,-76.3,130.12
"Population 3 of Alosa pseudoharengus","129778",10,"26 Jan 1921 (1921 Jan 26 - 0000 00 00)","Fish Hawk",38.8482,-76.3761,130.12
"Population 7 of Alosa pseudoharengus","90081",9,"7-Mar-16","Fish Hawk",37.2508,-76.0794,45.51
"Population 3 of Alosa pseudoharengus","90073",8,"","Fish Hawk",38.2791,-76.1957,130.12
"Population 3 of Alosa pseudoharengus","90105",8,"","Fish Hawk",37.8902,-76.2351,130.12
"Population 7 of Alosa pseudoharengus","90108",8,"23 Jan 1921 (1921 Jan 23 - 0000 00 00; 08:20 - 09:26)","Fish Hawk",37.2451,-76.0412,45.51
"Population 3 of Alosa pseudoharengus","90055",7,"22 Mar 1914 (1914 Mar 22 - 0000 00 00; 16:00 - 16:12)","Fish Hawk",38.245,-76.26,130.12
"Population 3 of Alosa pseudoharengus","90060",7,"","Fish Hawk",38.2791,-76.1957,130.12
"Population 3 of Alosa pseudoharengus","90059",6,"","Fish Hawk",38.2791,-76.1957,130.12
"Population 3 of Alosa pseudoharengus","129795",6,"26 Jan 1921 (1921 Jan 26 - 0000 00 00)","Fish Hawk",38.437681097561,-75.9834317073171,130.12
"Population 7 of Alosa pseudoharengus","90440",6,"22 Jan 1921 (1921 Jan 22 - 0000 00 00; 11:02 - 11:54)","Fish Hawk",37.0056,-76.2289,45.51
"Population 3 of Alosa pseudoharengus","90110",5,"","Fish Hawk",38.6678,-76.4217,130.12
"Population 3 of Alosa pseudoharengus","90539",5,"23-Mar-14","Fish Hawk",38.437681097561,-75.9834317073171,130.12
"Population 5 of Alosa pseudoharengus","90090",4,"","Fish Hawk",33.7155431873432,-74.4674725885909,0
"Population 3 of Alosa pseudoharengus","90109",4,"27 Jan 1916 (1916 Jan 27 - 0000 00 00; 07:36 - 08:25)","Fish Hawk",38.6717,-76.4183,130.12
"Population 3 of Alosa pseudoharengus","90131",4,"17-Feb-14","Fish Hawk",38.8717,-76.3944,130.12
"Population 7 of Alosa pseudoharengus","90089",3,"","Fish Hawk",37.0097,-76.2544,45.51
"Population 3 of Alosa pseudoharengus","90106",3,"","Fish Hawk",38.3639,-76.2644,130.12
"Population 3 of Alosa pseudoharengus","90113",3,"26 Jan 1921 (1921 Jan 26 - 0000 00 00; 13:28 - 14:22)","Fish Hawk",38.3358,-76.2703,130.12
"Population 3 of Alosa pseudoharengus","90123",3,"24-May-16","Fish Hawk",38.34,-76.3039,130.12
"Population 5 of Alosa pseudoharengus","90438",3,"23 Feb 1914 (1914 Feb 23 - 0000 00 00)","Fish Hawk",33.7155431873432,-74.4674725885909,0
"Population 3 of Alosa pseudoharengus","90088",2,"22 Feb 1914 (0000 00 00 - 0000 00 00)","Fish Hawk",38.437681097561,-75.9834317073171,130.12
"Population 7 of Alosa pseudoharengus","90107",2,"22-Jan-21","Fish Hawk",36.9865,-76.1999,45.51
"Population 3 of Alosa pseudoharengus","90111",2,"20 Jan 1916 (1916 Jan 20 - 0000 00 00; 07:45 - 09:55)","Fish Hawk",38.2444,-76.2617,130.12
"Population 3 of Alosa pseudoharengus","342313",2,"28 Feb 1882 (1882 Feb 28 - 0000 00 00; 12:30)","Fish Hawk",38.3396941176471,-76.2849235294118,130.12
"Population 3 of Alosa pseudoharengus","90067",1,"10 Mar 1916 (1916 Mar 10 - 0000 00 00; 07:30 - 09:00)","Fish Hawk",38.0217,-76.365,130.12
"Population 3 of Alosa pseudoharengus","90070",1,"","Fish Hawk",38.245,-76.26,130.12
"Population 3 of Alosa pseudoharengus","90071",1,"","Fish Hawk",38.437681097561,-75.9834317073171,130.12
"Population 3 of Alosa pseudoharengus","90085",1,"21 Mar 1914 (0000 00 00 - 0000 00 00)","Fish Hawk",38.6186,-76.3639,130.12
"Population 3 of Alosa pseudoharengus","90091",1,"27 Jan 1921 (0000 00 00 - 0000 00 00)","Fish Hawk",38.437681097561,-75.9834317073171,130.12
"Population 4 of Alosa pseudoharengus","90094",1,"23 Mar 1914 (0000 00 00 - 0000 00 00)","Fish Hawk",33.7385240743113,-75.1433128607018,0
"Population 7 of Alosa pseudoharengus","90104",1,"15 Jan 1914 (0000 00 00 - 0000 00 00)","Fish Hawk",36.9917,-76.24,45.51
"Population 3 of Alosa pseudoharengus","90129",1,"","Fish Hawk",38.5383,-76.3933,130.12
"Population 3 of Alosa pseudoharengus","90130",1,"","Fish Hawk",38.2791,-76.1957,130.12
"Population 4 of Alosa pseudoharengus","90439",1,"23 Feb 1914 (1914 Feb 23 - 0000 00 00)","Fish Hawk",33.7385240743113,-75.1433128607018,0
"Population 4 of Alosa pseudoharengus","90437",1,"27 Jan 1921 (1921 Jan 27 - 0000 00 00)","Fish Hawk",33.7385240743113,-75.1433128607018,0
"Population 3 of Alosa pseudoharengus","129786",1,"10 Dec 1915 (1915 Dec 10 - 0000 00 00)","Fish Hawk",38.9425666666667,-76.4494,130.12
"Population 3 of Alosa pseudoharengus","90524",1,"9 Dec 1920 (1920 Dec 09 - 0000 00 00)","Fish Hawk",37.8233333333333,-76.2619333333333,130.12
"Population 3 of Alosa pseudoharengus","90540",1,"21 Mar 1914 (1914 Mar 21 - 0000 00 00; 15:40 - 15:51)","Fish Hawk",38.437681097561,-75.9834317073171,130.12
"Population 3 of Alosa pseudoharengus","90536",1,"28-Apr-14","Fish Hawk",38.3309,-76.2605,130.12
"Population 3 of Alosa pseudoharengus","90538",1,"17 Feb 1914 (1914 Feb 17 - 0000 00 00; 16:35 - 16:50)","Fish Hawk",38.625,-76.42,130.12
"Population 3 of Alosa pseudoharengus","90435",1,"10 Mar 1916 (1916 Mar 10 - 0000 00 00; 11:37 - 13:06)","Fish Hawk",38.1167,-76.2233,130.12
"Population 3 of Alosa pseudoharengus","91384",1,"19-Jan-14","Fish Hawk",37.9,-76.16,130.12
"Population 4 of Alosa pseudoharengus","90047",1,"18-Feb-14","Fish Hawk",33.7385240743113,-75.1433128607018,0
"Population 7 of Alosa pseudoharengus","90436",1,"22 Jan 1921 (1921 Jan 22 - 0000 00 00; 11:02 - 11:54)","Fish Hawk",37.0056,-76.2289,45.51
"Population 6 of Alosa pseudoharengus","69723",1,"31 Mar 1894","Fish Hawk",37.2089665876777,-75.0037312796209,0
"Population 7 of Alosa pseudoharengus","30397",1,"1882","Fish Hawk",37.205852631579,-75.9560815789474,45.51
"Population 3 of Alosa pseudoharengus","30348",1,"1882 (1882 00 00 - 0000 00 00)","Fish Hawk",37.8233333333333,-76.2619333333333,130.12
"Population 4 of Alosa pseudoharengus","90537",1,"15-Jan-14","Fish Hawk",33.7385240743113,-75.1433128607018,0
"Population 7 of Alosa pseudoharengus","39069",1,"8 Apr 1887","Albatross",36.9536,-76.3593,45.51
"Population 1 of Alosa sapidissima","69740",8,"31 Mar 1894","Fish Hawk",37.2089665876777,-75.0037312796209,0
"Population 1 of Alosa sapidissima","129747",8,"6-Mar-16","Fish Hawk",37.2089665876777,-75.0037312796209,0
"Population 1 of Alosa sapidissima","69738",6,"16 Mar 1894","Fish Hawk",37.2089665876777,-75.0037312796209,0
"Population 1 of Alosa sapidissima","67689",5,"24 Mar 1894","Fish Hawk",37.2089665876777,-75.0037312796209,0
"Population 1 of Alosa sapidissima","69739",4,"31 Mar 1894","Fish Hawk",37.2089665876777,-75.0037312796209,0
"Population 1 of Ammodytes dubius","67636",85,"9 Jun 1896 (1896 Jun 09 - 0000 00 00)","Grampus",42.03,-70.0939,0
"Population 2 of Ammodytes dubius","302233",25,"22 Sep 1988 (1988 Sep 22 - 0000 00 00)","Albatross IV",38.8,-74.142,0
"Population 3 of Ammodytes dubius","302238",24,"18 Sep 1988 (1988 Sep 18 - 0000 00 00)","Albatross IV",36.775,-75.383,35.07
"Population 4 of Ammodytes dubius","302239",22,"13 Sep 1988 (1988 Sep 13 - 0000 00 00)","Albatross IV",38.792,-73.233,0
"Population 5 of Ammodytes dubius","302235",20,"23 Sep 1988 (1988 Sep 23 - 0000 00 00)","Albatross IV",39.392,-73.708,21.58
"Population 5 of Ammodytes dubius","302232",19,"23 Sep 1988 (1988 Sep 23 - 0000 00 00)","Albatross IV",39.408,-73.458,21.58
"Population 3 of Ammodytes dubius","302359",15,"18 Sep 1988 (1988 Sep 18 - 0000 00 00)","Albatross IV",36.82,-75.3,35.07
"Population 1 of Ammodytes dubius","126459",5,"9 Jun 1896 (1896 Jun 09 - 0000 00 00)","Grampus",42.03,-70.0939,0
"Population 3 of Ammodytes dubius","302236",2,"18 Sep 1988 (1988 Sep 18 - 0000 00 00)","Albatross IV",37.083,-75.3,35.07
"Population 1 of Anchoa cayorum","83804",51,"17 Mar 1885 (1885 Mar 17 - 0000 00 00)","Albatross",27.6883,-82.5725,0
"Population 2 of Anchoa cayorum","54963",41,"Jul 1892 (1892 Jul 00 - 0000 00 00)","Grampus",36.9536,-76.3593,8.71
"Population 2 of Anchoa cayorum","54968",35,"28 Jun 1892 (1892 Jun 28 - 0000 00 00)","Grampus",37.0149,-76.2984,8.71
"Population 3 of Anchoa cayorum","37053",24,"24 Jan 1885 (1885 Jan 24 - 0000 00 00)","Albatross",21.85815,-87.0043727272727,33.92
"Population 3 of Anchoa cayorum","37105",23,"27 Jan 1885 (0000 00 00 - 0000 00 00)","Albatross",22.154,-86.9255375,33.92
"Population 2 of Anchoa cayorum","54979",10,"7 Jul 1892 (1892 Jul 07 - 0000 00 00)","Grampus",37.0096,-76.318,8.71
"Population 2 of Anchoa cayorum","69727",10,"29 Jun 1892 (1892 Jun 29 - 0000 00 00)","Grampus",36.9579,-76.2941,8.71
"Population 1 of Anchoa colonensis","134058",100,"1 Mar 1884 to 11 Mar 1884 (1884 Mar 01 - 1884 Mar 11)","Albatross",17.6444666666667,-76.3921666666667,0
"Population 1 of Anchoa colonensis","131288",56,"1 Mar 1884 to 11 Mar 1884 (1884 Mar 01 - 1884 Mar 11)","Albatross",17.6444666666667,-76.3921666666667,0
"Population 2 of Anchoa colonensis","83803",53,"16 Mar 1884 to 22 Mar 1884 (1884 Mar 16 - 1884 Mar 22)","Albatross",9.50973333333333,-76.3972333333333,0
"Population 2 of Anchoa colonensis","123223",1,"16 Mar 1884 to 22 Mar 1884 (1884 Mar 16 - 1884 Mar 22)","Albatross",9.50973333333333,-76.3972333333333,0
"Population 1 of Anchoa hepsetus","105340",30,"18-Aug-14","Fish Hawk",34.5957,-77.2323,0
"Population 1 of Anchoa lyolepis","127626",12,"10 Feb 1899 (1899 Feb 10 - 0000 00 00)","Fish Hawk",18.3101,-65.3014,1.31
"Population 1 of Anchoa lyolepis","127624",10,"","Fish Hawk",18.3061075,-65.2896975,1.31
"Population 1 of Anchoa lyolepis","50221",5,"10 Feb 1899 (1899 Feb 10 - 0000 00 00)","Fish Hawk",18.3101,-65.3014,1.31
"Population 1 of Anchoa mitchilli","127518",50,"9 Jul 1915 (1915 Jul 09 - 0000 00 00; 22:35 - 23:35)","Fish Hawk",33.2721,-79.222,0
"Population 2 of Anchoa mitchilli","90508",39,"28-Mar-21","Fish Hawk",38.437681097561,-75.9834317073171,37.23
"Population 3 of Anchoa mitchilli","395381",30,"9 Dec 1920 (1920 Dec 09 - 0000 00 00)","Fish Hawk",37.8233333333333,-76.2619333333333,93.32
"Population 3 of Anchoa mitchilli","30343",25,"6 Mar 1882","Fish Hawk",37.2435,-76.0209,93.32
"Population 3 of Anchoa mitchilli","90238",25,"16 Jan 1916 (1916 Jan 16 - 0000 00 00)","Fish Hawk",37.0097,-76.2542,93.32
"Population 4 of Anchoa mitchilli","127747",22,"15 Feb 1917 (1917 Feb 15 - 0000 00 00)","Grampus",29.7493,-93.3414,0
"Population 2 of Anchoa mitchilli","90264",15,"28-Apr-14","Fish Hawk",38.3946259259259,-76.2566111111111,37.23
"Population 3 of Anchoa mitchilli","54969",15,"6 Jul 1892 (1892 Jul 06 - 0000 00 00)","Grampus",37.273,-76.0214,93.32
"Population 2 of Anchoa mitchilli","90509",12,"29-Mar-21","Fish Hawk",38.437681097561,-75.9834317073171,37.23
"Population 2 of Anchoa mitchilli","30386",12,"28 Feb 1882 (1882 Feb 28 - 0000 00 00; 12:30)","Fish Hawk",38.3396941176471,-76.2849235294118,37.23
"Population 3 of Anchoa mitchilli","90510",12,"22 Jan 1921 (1921 Jan 22 - 0000 00 00; 11:02 - 11:54)","Fish Hawk",37.0056,-76.2289,93.32
"Population 2 of Anchoa mitchilli","30383",12,"28 Feb 1882","Fish Hawk",38.3215,-76.2578,37.23
"Population 3 of Anchoa mitchilli","127710",11,"28 Jun 1892 (1892 Jun 28 - 0000 00 00)","Grampus",37.0121,-76.2979,93.32
"Population 3 of Anchoa mitchilli","30398",10,"1882","Fish Hawk",37.205852631579,-75.9560815789474,93.32
"Population 2 of Anchoa mitchilli","90255",8,"25-Aug-20","Fish Hawk",38.25235,-76.33835,37.23
"Population 2 of Anchoa mitchilli","90493",5,"28-Mar-21","Fish Hawk",38.437681097561,-75.9834317073171,37.23
"Population 2 of Anchoa mitchilli","90251",5,"28-Mar-21","Fish Hawk",38.437681097561,-75.9834317073171,37.23
"Population 2 of Anchoa mitchilli","90250",5,"30-Mar-21","Fish Hawk",38.437681097561,-75.9834317073171,37.23
"Population 2 of Anchoa mitchilli","90342",4,"27 Jan 1921 (1921 Jan 27 - 0000 00 00)","Fish Hawk",38.437681097561,-75.9834317073171,37.23
"Population 3 of Anchoa mitchilli","90639",3,"4 Dec 1920 (1920 Dec 04 - 0000 00 00; 17:38 - 18:24)","Fish Hawk",36.9865,-76.1999,93.32
"Population 3 of Anchoa mitchilli","90341",2,"24-Jan-21","Fish Hawk",37.71338,-76.12016,93.32
"Population 3 of Anchoa mitchilli","90495",2,"2-Dec-15","Fish Hawk",37.0111,-76.2486,93.32
"Population 3 of Anchoa mitchilli","54822",2,"","Fish Hawk",37.2806125,-75.9913625,93.32
"Population 2 of Anchoa mitchilli","90492",1,"28-Mar-21","Fish Hawk",38.437681097561,-75.9834317073171,37.23
"Population 3 of Anchoa mitchilli","90491",1,"22-Jan-21","Fish Hawk",36.9865,-76.1999,93.32
"Population 2 of Anchoa mitchilli","30389",1,"28 Feb 1882","Fish Hawk",38.3215,-76.2578,37.23
"Population 2 of Anchoa mitchilli","90268",1,"17-Oct-20","Fish Hawk",38.437681097561,-75.9834317073171,37.23
"Population 3 of Anchoa mitchilli","127705",1,"27 Jul 1916 (1916 Jul 27 - 0000 00 00; 09:33 - 10:25)","Fish Hawk",37.5519,-76.0428,93.32
"Population 1 of Ancylopsetta dilecta","151953",30,"29 Jan 1950 (1950 Jan 29 - 0000 00 00)","Albatross III",32.95,-77.9,34.03
"Population 1 of Ancylopsetta dilecta","151875",3,"27 May 1949 (1949 May 27 - 0000 00 00)","Albatross III",33.067,-77.592,34.03
"Population 1 of Ancylopsetta dilecta","151957",2,"30 Jan 1950 (1950 Jan 30 - 0000 00 00)","Albatross III",33.0833,-77.7417,34.03
"Population 1 of Ancylopsetta dilecta","151889",2,"27 May 1949 (1949 May 27 - 0000 00 00)","Albatross III",33.054,-77.613,34.03
"Population 1 of Ancylopsetta dilecta","45597",1,"5 Jan 1885","Albatross",32.9167,-77.9,34.03
"Population 1 of Ancylopsetta dilecta","45595",1,"5 Jan 1885","Albatross",32.8833,-77.8833,34.03
"Population 1 of Ancylopsetta dilecta","45596",1,"5 Jan 1885","Albatross",32.9,-77.8917,34.03
"Population 1 of Apogon pseudomaculatus","39151",13,"18 Mar 1885","Albatross",26.5583,-83.2583,30
"Population 1 of Apogon pseudomaculatus","131579",6,"19 Mar 1885","Albatross",26.3083,-83.1458,30
"Population 1 of Apogon pseudomaculatus","101567",3,"18 Mar 1885","Albatross",26.5583,-83.2583,30
"Population 1 of Atherina harringtonensis","37094",34,"29 Jan 1885 (1885 Jan 29 - 0000 00 00)","Albatross",21.85815,-87.0043727272727,0
"Population 1 of Atherina harringtonensis","37095",32,"29 Jan 1885 (1885 Jan 29 - 0000 00 00)","Albatross",21.85815,-87.0043727272727,0
"Population 2 of Atherina harringtonensis","92615",28,"","Albatross",9.5333,-79.9083,0
"Population 1 of Atherina harringtonensis","37097",12,"29 Jan 1885 (1885 Jan 29 - 0000 00 00)","Albatross",21.85815,-87.0043727272727,0
"Population 1 of Atherinomorus stipes","38457",150,"5 Mar 1886 (1886 Mar 05 - 0000 00 00)","Albatross",26.7301716666667,-77.3733416666667,0
"Population 2 of Atherinomorus stipes","73827",128,"30 Jan 1899","Fish Hawk",18.0088,-66.6196,0
"Population 3 of Atherinomorus stipes","38700",105,"14 Jan 1885 (1885 Jan 14 - 0000 00 00)","Albatross",24.5634,-81.7845,3.71
"Population 4 of Atherinomorus stipes","73829",86,"11 Feb 1899 (1899 Feb 11 - 0000 00 00)","Fish Hawk",18.3101,-65.3014,0
"Population 1 of Atherinomorus stipes","38456",75,"5 Mar 1886 (1886 Mar 05 - 0000 00 00)","Albatross",26.7301716666667,-77.3733416666667,0
"Population 5 of Atherinomorus stipes","37098",50,"29 Jan 1885 (1885 Jan 29 - 0000 00 00)","Albatross",22.154,-86.9255375,33.92
"Population 5 of Atherinomorus stipes","37099",50,"24 Jan 1885 (1885 Jan 24 - 0000 00 00)","Albatross",21.85815,-87.0043727272727,33.92
"Population 1 of Atherinomorus stipes","38458",43,"5 Mar 1886 (1886 Mar 05 - 0000 00 00)","Albatross",26.7301716666667,-77.3733416666667,0
"Population 5 of Atherinomorus stipes","37096",29,"29 Jan 1885 (1885 Jan 29 - 0000 00 00)","Albatross",21.85815,-87.0043727272727,33.92
"Population 6 of Atherinomorus stipes","38649",27,"17 Jan 1884 to 24 Jan 1884 (1884 Jan 17 - 1884 Jan 24)","Albatross",18.5,-63.5167,0
"Population 4 of Atherinomorus stipes","50121",8,"8 Feb 1899 (1899 Feb 08 - 0000 00 00)","Fish Hawk",18.3101,-65.3014,0
"Population 3 of Atherinomorus stipes","91413",7,"28 Nov 1919 (1919 Nov 28 - 0000 00 00)","Albatross",24.5665,-81.748,3.71
"Population 1 of Atherinomorus stipes","38460",5,"10 Mar 1886 (1886 Mar 10 - 0000 00 00)","Albatross",26.7301716666667,-77.3733416666667,0
"Population 5 of Atherinomorus stipes","37112",5,"29 Jan 1885 (1885 Jan 29 - 0000 00 00)","Albatross",21.85815,-87.0043727272727,33.92
"Population 4 of Atherinomorus stipes","63051",4,"11 Feb 1899 (1899 Feb 11 - 0000 00 00)","Fish Hawk",18.3101,-65.3014,0
"Population 4 of Atherinomorus stipes","123371",2,"11 Feb 1899 (1899 Feb 11 - 0000 00 00)","Fish Hawk",18.3101,-65.3014,0
"Population 1 of Atherinomorus stipes","38459",1,"","Albatross",26.7301716666667,-77.3733416666667,0
"Population 5 of Atherinomorus stipes","37059",1,"24 Jan 1885 (1885 Jan 24 - 0000 00 00)","Albatross",21.85815,-87.0043727272727,33.92
"Population 1 of Brevoortia patronus","134126",20,"27 Feb 1917 (1917 Feb 27 - 0000 00 00)","Grampus",29.0569428571429,-94.6774857142857,0
"Population 2 of Brevoortia patronus","124398",17,"9-Mar-17","Grampus",28.618980952381,-90.8782095238095,0
"Population 2 of Brevoortia patronus","134128",15,"9-Mar-17","Grampus",28.618980952381,-90.8782095238095,0
"Population 1 of Brevoortia tyrannus","134156",50,"22 Jan 1921 (1921 Jan 22 - 0000 00 00; 11:02 - 11:54)","Fish Hawk",37.0056,-76.2289,240
"Population 2 of Brevoortia tyrannus","124397",50,"22-Jan-21","Fish Hawk",33.7385240743113,-75.1433128607018,0
"Population 1 of Brevoortia tyrannus","67821",50,"16 Jul 1892 (1892 Jul 16 - 0000 00 00)","Grampus",37.4097,-76.346,240
"Population 1 of Brevoortia tyrannus","58810",50,"","Grampus",37.3616428571429,-76.3174428571429,240
"Population 1 of Brevoortia tyrannus","89998",37,"","Fish Hawk",37.8233333333333,-76.2619333333333,240
"Population 1 of Brevoortia tyrannus","134151",29,"26-Jan-16","Fish Hawk",38.437681097561,-75.9834317073171,240
"Population 1 of Brevoortia tyrannus","90022",28,"26 Jan 1921 (1921 Jan 26 - 0000 00 00; 13:28 - 14:22)","Fish Hawk",38.3358,-76.2703,240
"Population 3 of Brevoortia tyrannus","70147",25,"10 Aug 1892 (1892 Aug 10 - 0000 00 00)","Fish Hawk",41.5347,-70.6393,29.79
"Population 4 of Brevoortia tyrannus","59812",25,"1894","Fish Hawk",37.2089665876777,-75.0037312796209,0
"Population 1 of Brevoortia tyrannus","90029",20,"26 Jan 1921 (0000 00 00 - 0000 00 00)","Fish Hawk",38.437681097561,-75.9834317073171,240
"Population 4 of Brevoortia tyrannus","54885",19,"21 Apr 1893","Fish Hawk",37.2089665876777,-75.0037312796209,0
"Population 1 of Brevoortia tyrannus","69708",19,"19 Jul 1892 (1892 Jul 19 - 0000 00 00)","Grampus",37.2807,-75.9906,240
"Population 1 of Brevoortia tyrannus","90015",16,"19-Jan-14","Fish Hawk",37.835,-76.1694,240
"Population 1 of Brevoortia tyrannus","90024",16,"27 Jan 1921 (1921 Jan 27 - 0000 00 00)","Fish Hawk",38.437681097561,-75.9834317073171,240
"Population 3 of Brevoortia tyrannus","54879",15,"","Fish Hawk",41.5760794871795,-70.5749282051282,29.79
"Population 1 of Brevoortia tyrannus","90018",13,"19-Jan-14","Fish Hawk",37.835,-76.1694,240
"Population 4 of Brevoortia tyrannus","59814",13,"1893","Fish Hawk",37.2089665876777,-75.0037312796209,0
"Population 1 of Brevoortia tyrannus","90020",12,"27 Jan 1916 (1916 Jan 27 - 0000 00 00; 07:36 - 08:25)","Fish Hawk",38.6717,-76.4183,240
"Population 3 of Brevoortia tyrannus","54880",12,"","Fish Hawk",41.5760794871795,-70.5749282051282,29.79
"Population 3 of Brevoortia tyrannus","54882",12,"29 Aug 1892 (1892 Aug 29 - 0000 00 00)","Fish Hawk",41.751,-70.7091,29.79
"Population 1 of Brevoortia tyrannus","90021",11,"","Fish Hawk",38.9194,-76.385,240
"Population 1 of Brevoortia tyrannus","90026",11,"8 Dec 1920 (0000 00 00 - 0000 00 00)","Fish Hawk",38.437681097561,-75.9834317073171,240
"Population 3 of Brevoortia tyrannus","54878",11,"","Fish Hawk",41.6551,-70.9169,29.79
"Population 1 of Brevoortia tyrannus","58812",11,"","Grampus",37.8233333333333,-76.2619333333333,240
"Population 1 of Brevoortia tyrannus","58813",11,"","Grampus",37.3616428571429,-76.3174428571429,240
"Population 3 of Brevoortia tyrannus","54876",10,"2 Sep 1899 (1899 Sep 02 - 0000 00 00)","Fish Hawk",41.5405,-70.6584,29.79
"Population 1 of Brevoortia tyrannus","89999",9,"19 Jan 1916 (1916 Jan 19 - 0000 00 00; 16:21 - 17:30)","Fish Hawk",38.125,-76.2333,240
"Population 3 of Brevoortia tyrannus","54877",9,"","Fish Hawk",41.6551,-70.9169,29.79
"Population 1 of Brevoortia tyrannus","90011",7,"8 Dec 1920 (0000 00 00 - 0000 00 00)","Fish Hawk",39.1574285714286,-76.3985571428571,240
"Population 1 of Brevoortia tyrannus","90016",7,"","Fish Hawk",38.128,-76.29,240
"Population 1 of Brevoortia tyrannus","67883",7,"30 Apr 1895","Fish Hawk",37.71338,-76.12016,240
"Population 4 of Brevoortia tyrannus","54884",7,"","Fish Hawk",37.2089665876777,-75.0037312796209,0
"Population 1 of Brevoortia tyrannus","134145",7,"20 Jan 1916 (1916 Jan 20 - 0000 00 00; 10:48 - 12:15)","Fish Hawk",38.3333,-76.3067,240
"Population 1 of Brevoortia tyrannus","90039",7,"18-Feb-14","Fish Hawk",38.3396941176471,-76.2849235294118,240
"Population 1 of Brevoortia tyrannus","90038",6,"23-Apr-16","Fish Hawk",37.8606,-76.1622,240
"Population 1 of Brevoortia tyrannus","90014",5,"","Fish Hawk",38.437681097561,-75.9834317073171,240
"Population 1 of Brevoortia tyrannus","90035",5,"28-Mar-21","Fish Hawk",38.437681097561,-75.9834317073171,240
"Population 1 of Brevoortia tyrannus","90000",4,"","Fish Hawk",38.7817,-76.42,240
"Population 1 of Brevoortia tyrannus","90008",4,"","Fish Hawk",38.4617,-76.3833,240
"Population 1 of Brevoortia tyrannus","90019",4,"","Fish Hawk",38.437681097561,-75.9834317073171,240
"Population 2 of Brevoortia tyrannus","90004",4,"27-Mar-21","Albatross",33.7385240743113,-75.1433128607018,0
"Population 1 of Brevoortia tyrannus","90005",3,"20 Jan 1916 (1916 Jan 20 - 0000 00 00; 07:45 - 09:55)","Fish Hawk",38.2444,-76.2617,240
"Population 1 of Brevoortia tyrannus","90017",3,"","Fish Hawk",38.3639,-76.2644,240
"Population 1 of Brevoortia tyrannus","90033",3,"8 Dec 1920 (1920 Dec 08 - 0000 00 00; 12:03 - 12:24)","Fish Hawk",38.437681097561,-75.9834317073171,240
"Population 1 of Brevoortia tyrannus","90040",3,"","Fish Hawk",38.437681097561,-75.9834317073171,240
"Population 1 of Brevoortia tyrannus","403969",3,"29-Apr-14","Fish Hawk",37.5916333333333,-76.2104666666667,240
"Population 1 of Brevoortia tyrannus","67637",3,"27 Jun 1892","Grampus",37.0149,-76.2984,240
"Population 1 of Brevoortia tyrannus","30347",2,"11 Mar 1882 (1882 Mar 11 - 0000 00 00; 11:22)","Fish Hawk",38.9425666666667,-76.4494,240
"Population 1 of Brevoortia tyrannus","129760",2,"26 Jan 1921 (1921 Jan 26 - 0000 00 00)","Fish Hawk",38.437681097561,-75.9834317073171,240
"Population 1 of Brevoortia tyrannus","30377",2,"1882 (1882 00 00 - 0000 00 00)","Fish Hawk",38.8988,-76.4357,240
"Population 4 of Brevoortia tyrannus","67820",2,"24 Mar 1894","Fish Hawk",37.2089665876777,-75.0037312796209,0
"Population 1 of Brevoortia tyrannus","54883",2,"","Fish Hawk",37.8233333333333,-76.2619333333333,240
"Population 4 of Brevoortia tyrannus","72325",2,"23 Mar 1893","Fish Hawk",37.2089665876777,-75.0037312796209,0
"Population 1 of Brevoortia tyrannus","90002",1,"","Fish Hawk",38.8717,-76.395,240
"Population 1 of Brevoortia tyrannus","90009",1,"","Fish Hawk",37.0986,-76.1667,240
"Population 1 of Brevoortia tyrannus","90012",1,"19 Jan 1916 (1916 Jan 19 - 0000 00 00; 06:58 - 09:04)","Fish Hawk",37.8689,-76.17,240
"Population 1 of Brevoortia tyrannus","90032",1,"","Fish Hawk",37.8902,-76.2351,240
"Population 1 of Brevoortia tyrannus","90042",1,"18 Feb 1914 (1914 Feb 18 - 0000 00 00)","Fish Hawk",38.3889,-76.33,240
"Population 1 of Brevoortia tyrannus","30361",1,"1882 (1882 00 00 - 0000 00 00)","Fish Hawk",38.8988,-76.4357,240
"Population 1 of Brevoortia tyrannus","30394",1,"1882 (1882 00 00 - 0000 00 00)","Fish Hawk",38.8988,-76.4357,240
"Population 1 of Brevoortia tyrannus","30369",1,"5 Mar 1882","Fish Hawk",37.205852631579,-75.9560815789474,240
"Population 1 of Centrobranchus nigroocellatus","100610",44,"3 Mar 1914 (1914 Mar 03 - 0000 00 00)","Grampus (Bache)",25.45,-77.27,0
"Population 1 of Centropristis striata","70139",65,"1892 (1892 00 00 - 0000 00 00)","Fish Hawk",41.5227,-70.6766,29.12
"Population 1 of Centropristis striata","142818",61,"23 Aug 1892 (1892 00 00 - 0000 00 00)","Fish Hawk",41.4703,-70.7024,29.12
"Population 1 of Centropristis striata","54857",13,"10 Aug 1892 (1892 Aug 10 - 0000 00 00)","Fish Hawk",41.5347,-70.6393,29.12
"Population 1 of Centropristis striata","54833",11,"1892 (1892 00 00 - 0000 00 00)","Fish Hawk",41.4703,-70.7024,29.12
"Population 1 of Centropristis striata","67604",8,"23 Aug 1892","Fish Hawk",41.4703,-70.7024,29.12
"Population 1 of Centropristis striata","54834",5,"1892 (1892 00 00 - 0000 00 00)","Fish Hawk",41.4703,-70.7024,29.12
"Population 1 of Centropristis striata","120553",5,"28 Aug 1899 (1899 Aug 28 - 0000 00 00)","Fish Hawk",41.5474,-70.5264,29.12
"Population 1 of Centropristis striata","120555",4,"22 Aug 1899 (1899 Aug 22 - 0000 00 00)","Fish Hawk",41.601,-70.6443,29.12
"Population 1 of Centropristis striata","54832",1,"20 Aug 1892 (1892 Aug 20 - 0000 00 00)","Fish Hawk",41.4703,-70.7024,29.12
"Population 1 of Centropristis striata","120554",1,"1 Sep 1899 (1899 Sep 01 - 0000 00 00)","Fish Hawk",41.3644,-70.4954,29.12
"Population 1 of Cetengraulis edentulus","117673",35,"16 Mar 1884 to 22 Mar 1884 (1884 Mar 16 - 1884 Mar 22)","Albatross",9.50973333333333,-76.3972333333333,0
"Population 1 of Cetengraulis edentulus","132212",4,"16 Mar 1884 to 22 Mar 1884 (1884 Mar 16 - 1884 Mar 22)","Albatross",9.50973333333333,-76.3972333333333,0
"Population 1 of Chlorophthalmus agassizi","43826",21,"5 Jan 1885","Albatross",32.7167,-77.85,36.37
"Population 1 of Chlorophthalmus agassizi","43852",3,"21 Oct 1885","Albatross",32.6,-77.4875,36.37
"Population 1 of Chlorophthalmus agassizi","41600",2,"5 Jan 1885","Albatross",32.7167,-77.85,36.37
"Population 1 of Chloroscombrus chrysurus","90787",46,"4 Dec 1919 (1919 Dec 04 - 0000 00 00)","Albatross",24.4083,-81.5583,0
"Population 2 of Chloroscombrus chrysurus","438507",25,"19 Oct 1885","Albatross",34.15,-76.0333,0
"Population 1 of Chromis enchrysurus","134277",24,"30 Jan 1885","Albatross",22.3,-87.0667,0
"Population 1 of Chromis enchrysurus","47695",10,"30 Jan 1885","Albatross",22.3,-87.0667,0
"Population 1 of Chromis enchrysurus","44157",3,"30 Jan 1885","Albatross",22.3,-87.0667,0
"Population 1 of Citharichthys arctifrons","26129",23,"1880 (1880 00 00 - 0000 00 00)","Fish Hawk",40.0510333333333,-70.3860333333333,123.6
"Population 1 of Citharichthys arctifrons","59817",20,"1 Sep 1899 (1 Sep 1899; 08:45)","Fish Hawk",39.975,-70.27,123.6
"Population 1 of Citharichthys arctifrons","45620",16,"26 Sep 1884","Albatross",40.1708,-70.4333,123.6
"Population 1 of Citharichthys arctifrons","33541",15,"20 Sep 1883","Albatross",40.0847,-70.5833,123.6
"Population 1 of Citharichthys arctifrons","26127",14,"1880 (1880 00 00 - 0000 00 00)","Fish Hawk",40.0510333333333,-70.3860333333333,123.6
"Population 2 of Citharichthys arctifrons","45626",14,"5 Apr 1885","Albatross",37.0556,-74.5278,93.03
"Population 1 of Citharichthys arctifrons","35678",14,"26 Sep 1884","Albatross",40.0875,-70.3833,123.6
"Population 1 of Citharichthys arctifrons","35676",8,"27 Sep 1884","Albatross",40.1167,-69.95,123.6
"Population 1 of Citharichthys arctifrons","35675",7,"27 Sep 1884","Albatross",40.1833,-69.8667,123.6
"Population 1 of Citharichthys arctifrons","35677",6,"26 Sep 1884","Albatross",40.2583,-70.45,123.6
"Population 1 of Citharichthys arctifrons","35674",6,"27 Sep 1884","Albatross",40.05,-69.95,123.6
"Population 2 of Citharichthys arctifrons","45613",6,"21 May 1883","Albatross",37.6,-74.25,93.03
"Population 1 of Citharichthys arctifrons","26100",4,"13 Sep 1880 (1880 Sep 13 - 0000 00 00; 08:45)","Fish Hawk",39.95,-70.9333,123.6
"Population 2 of Citharichthys arctifrons","45627",4,"5 Apr 1885","Albatross",37.0556,-74.5278,93.03
"Population 1 of Citharichthys arctifrons","45618",3,"16 Jul 1881 (1881 Jul 16 - 0000 00 00; 10:57)","Fish Hawk",40.0633,-70.765,123.6
"Population 1 of Citharichthys arctifrons","35474",3,"6 Aug 1884","Albatross",39.9583,-69.6861,123.6
"Population 1 of Citharichthys arctifrons","33349",2,"16 Aug 1883 (1883 Aug 16 - 0000 00 00)","Fish Hawk",40.53,-70.65,123.6
"Population 1 of Citharichthys arctifrons","45617",2,"16 Jul 1881 (1881 Jul 16 - 0000 00 00)","Fish Hawk",40.13,-70.7317,123.6
"Population 1 of Citharichthys arctifrons","35679",2,"26 Sep 1884","Albatross",40.35,-70.4875,123.6
"Population 2 of Citharichthys arctifrons","433306",1,"7-Sep-06","Albatross IV",36.9817,-74.9567,93.03
"Population 2 of Citharichthys arctifrons","433310",1,"7-Sep-06","Albatross IV",36.9817,-74.9567,93.03
"Population 2 of Citharichthys arctifrons","433308",1,"7-Sep-06","Albatross IV",36.9817,-74.9567,93.03
"Population 2 of Citharichthys arctifrons","433306",1,"7-Sep-06","Albatross IV",36.9817,-74.9567,93.03
"Population 1 of Citharichthys arctifrons","45628",1,"28 Sep 1884","Albatross",40.0667,-69.4917,123.6
"Population 2 of Citharichthys arctifrons","45630",1,"23 Mar 1883","Albatross",37.3031,-74.46,93.03
"Population 2 of Citharichthys arctifrons","433308",1,"7-Sep-06","Albatross IV",36.9817,-74.9567,93.03
"Population 2 of Citharichthys arctifrons","433310",1,"7-Sep-06","Albatross IV",36.9817,-74.9567,93.03
"Population 2 of Citharichthys arctifrons","433306",1,"7-Sep-06","Albatross IV",36.9817,-74.9567,93.03
"Population 2 of Citharichthys arctifrons","433308",1,"7-Sep-06","Albatross IV",36.9817,-74.9567,93.03
"Population 2 of Citharichthys arctifrons","433310",1,"7-Sep-06","Albatross IV",36.9817,-74.9567,93.03
"Population 1 of Citharichthys gymnorhinus","45610",23,"15 Jan 1885","Albatross",24.4292,-81.7667,2.99
"Population 1 of Citharichthys gymnorhinus","397311",12,"15 Jan 1885","Albatross",24.4292,-81.7667,2.99
"Population 1 of Citharichthys gymnorhinus","129946",2,"15 Jan 1885","Albatross",24.425,-81.7958,2.99
"Population 1 of Citharichthys gymnorhinus","143120",1,"15 Jan 1885","Albatross",24.4292,-81.7667,2.99
"Population 1 of Clupea harengus","143806",50,"19 Mar 1894","Fish Hawk",37.2089665876777,-75.0037312796209,0
"Population 2 of Clupea harengus","155974",50,"","Grampus",43.589862,-68.180349,0
"Population 3 of Clupea harengus","329955",28,"27 Apr 1994 (1994 Apr 27 - 0000 00 00; 09:39 - 10:09)","Albatross IV",42.0808,-70.43,11.1
"Population 3 of Clupea harengus","329947",4,"27 Apr 1994 (1994 Apr 27 - 0000 00 00; 08:06 - 08:40)","Albatross IV",42.16,-70.3992,11.1
"Population 3 of Clupea harengus","325972",1,"21 Apr 1993 (1993 Apr 21 - 0000 00 00; 00:05)","Albatross IV",42.17,-70.37,11.1
"Population 1 of Coelorinchus carminatus","28891",4,"8 Sep 1881 (1881 Sep 08 - 0000 00 00)","Fish Hawk",39.8417,-71.38,136.51
"Population 1 of Coelorinchus carminatus","26189",3,"2 Oct 1880","Fish Hawk",40.0383,-70.385,136.51
"Population 1 of Coelorinchus carminatus","33512",3,"21 Sep 1883","Albatross",39.9764,-71.0083,136.51
"Population 1 of Coelorinchus carminatus","33543",3,"20 Sep 1883","Albatross",39.9806,-70.6611,136.51
"Population 1 of Coelorinchus carminatus","35476",3,"2 Aug 1884","Albatross",39.9625,-70.9417,136.51
"Population 1 of Coelorinchus carminatus","26197",2,"2 Oct 1880","Fish Hawk",39.9417,-70.9958,136.51
"Population 1 of Coelorinchus carminatus","134174",2,"18 Sep 1885 (1885 Sep 18 - 0000 00 00)","Albatross",39.8333,-71.7167,136.51
"Population 1 of Coelorinchus carminatus","436681",2,"8 Aug 1885","Albatross",40.0292,-70.4,136.51
"Population 1 of Coelorinchus carminatus","26188",1,"2 Oct 1880","Fish Hawk",39.9417,-70.9958,136.51
"Population 1 of Coelorinchus carminatus","31775",1,"8 Sep 1882 (1882 Sep 08 - 0000 00 00; 07:24)","Fish Hawk",39.65,-71.9,136.51
"Population 1 of Coelorinchus carminatus","31868",1,"4 Oct 1882 (1882 Oct 04 - 0000 00 00)","Fish Hawk",39.97,-70.58,136.51
"Population 1 of Coelorinchus carminatus","45694",1,"13 Sep 1880 (1880 Sep 13 - 0000 00 00; 13:20)","Fish Hawk",39.825,-70.9,136.51
"Population 1 of Conodon nobilis","143171",17,"16 Mar 1884 to 22 Mar 1884 (1884 Mar 16 - 1884 Mar 22)","Albatross",9.50973333333333,-76.3972333333333,0
"Population 1 of Conodon nobilis","38579",3,"16 Mar 1884 to 22 Mar 1884 (1884 Mar 16 - 1884 Mar 22)","Albatross",9.50973333333333,-76.3972333333333,0
"Population 1 of Cyclopterus lumpus","131969",53,"13-Aug-12","Grampus",42.6421363636364,-68.2547983471074,0
"Population 1 of Cynoscion nothus","142662",30,"4 Dec 1919 (1919 Dec 04 - 0000 00 00; 09:30 - 11:30)","Albatross",24.4083,-81.5583,0
"Population 1 of Cynoscion regalis","142535",10,"6-Dec-19","Albatross",30.6684,-81.4395,0
"Population 1 of Cynoscion regalis","142533",10,"6-Dec-19","Albatross",30.6684,-81.4395,0
"Population 1 of Cynoscion regalis","142532",7,"6-Dec-19","Albatross",30.6684,-81.4395,0
"Population 1 of Cynoscion regalis","142531",1,"6-Dec-19","Albatross",30.6684,-81.4395,0
"Population 1 of Dajaus monticola","73742",20,"9 Jan 1899 (1899 Jan 09 - 0000 00 00)","Fish Hawk",18.2571,-66.0123,0
"Population 1 of Decapterus punctatus","106056",84,"19 Oct 1885","Albatross",34.15,-76.0333,152.72
"Population 1 of Decapterus punctatus","105446",19,"18 Oct 1885","Albatross",34.6417,-75.5583,152.72
"Population 1 of Decapterus punctatus","105445",15,"2 Sep 1914 (1914 Sep 02 - 0000 00 00)","Fish Hawk",34.2961,-75.8861,152.72
"Population 1 of Decapterus punctatus","302378",6,"16 Sep 1988 (1988 Sep 16 - 0000 00 00)","Albatross IV",35.025,-75.433,152.72
"Population 1 of Decapterus punctatus","83768",5,"18 Oct 1885","Albatross",34.5917,-75.7583,152.72
"Population 1 of Decapterus punctatus","302377",3,"17 Sep 1988 (1988 Sep 17 - 0000 00 00)","Albatross IV",35.408,-75.367,152.72
"Population 1 of Decapterus punctatus","105443",1,"2 Sep 1914 (1914 Sep 02 - 0000 00 00)","Fish Hawk",34.2961,-75.8861,152.72
"Population 1 of Decapterus punctatus","433166",1,"9-Sep-06","Albatross IV",35.365,-75.4317,152.72
"Population 1 of Decapterus punctatus","433184",1,"9-Sep-06","Albatross IV",35.365,-75.4317,152.72
"Population 1 of Decapterus punctatus","433166",1,"9-Sep-06","Albatross IV",35.365,-75.4317,152.72
"Population 1 of Decapterus punctatus","433184",1,"9-Sep-06","Albatross IV",35.365,-75.4317,152.72
"Population 1 of Decapterus punctatus","101575",1,"18 Oct 1885","Albatross",34.95,-75.725,152.72
"Population 1 of Decapterus punctatus","433184",1,"9-Sep-06","Albatross IV",35.365,-75.4317,152.72
"Population 1 of Decapterus punctatus","433166",1,"9-Sep-06","Albatross IV",35.365,-75.4317,152.72
"Population 1 of Dibranchus atlanticus","84543",8,"8 Aug 1885","Albatross",39.9333,-70.2417,191.88
"Population 1 of Dibranchus atlanticus","28727",7,"16 Jul 1881 (16 Jul 1881; 15:35)","Fish Hawk",39.9167,-70.7833,191.88
"Population 1 of Dibranchus atlanticus","83876",6,"25 May 1883","Albatross",39.9639,-70.5333,191.88
"Population 1 of Dibranchus atlanticus","31582",3,"11 Aug 1882 (11 Aug 1882; 13:39)","Fish Hawk",39.88,-69.78,191.88
"Population 1 of Dibranchus atlanticus","45641",3,"25 May 1883","Albatross",40.0333,-70.45,191.88
"Population 1 of Dibranchus atlanticus","28836",2,"23 Aug 1881 (23 Aug 1881; 09:40)","Fish Hawk",39.95,-70.525,191.88
"Population 1 of Dibranchus atlanticus","45640",2,"25 May 1883","Albatross",39.9736,-70.6167,191.88
"Population 1 of Dibranchus atlanticus","33515",2,"21 Sep 1883","Albatross",39.9764,-71.0083,191.88
"Population 1 of Dibranchus atlanticus","45639",2,"7 Aug 1885","Albatross",39.9375,-70.7917,191.88
"Population 1 of Dibranchus atlanticus","35564",2,"22 Aug 1884","Albatross",39.9917,-70.5125,191.88
"Population 1 of Dibranchus atlanticus","28801",1,"9 Aug 1881 (9 Aug 1881; 14:00)","Fish Hawk",39.925,-71.2333,191.88
"Population 1 of Dibranchus atlanticus","28898",1,"8 Sep 1881 (8 Sep 1881; 09:03)","Fish Hawk",39.7,-71.53,191.88
"Population 1 of Dibranchus atlanticus","28907",1,"8 Sep 1881","Fish Hawk",39.82,-71.42,191.88
"Population 1 of Dibranchus atlanticus","31584",1,"11 Aug 1882 (11 Aug 1882; 08:35)","Fish Hawk",39.93,-69.75,191.88
"Population 1 of Dibranchus atlanticus","31664",1,"22 Aug 1882 (22 Aug 1882; 13:45)","Fish Hawk",39.95,-70.62,191.88
"Population 1 of Dibranchus atlanticus","31765",1,"8 Sep 1882","Fish Hawk",39.57,-71.93,191.88
"Population 1 of Dibranchus atlanticus","31881",1,"4 Oct 1882","Fish Hawk",39.9253,-70.65,191.88
"Population 1 of Dibranchus atlanticus","31877",1,"4 Oct 1882 (4 Oct 1882; 10:45)","Fish Hawk",39.9,-70.62,191.88
"Population 1 of Dibranchus atlanticus","31601",1,"11 Aug 1882 (11 Aug 1882; 3:10 pm)","Fish Hawk",39.9,-69.73,191.88
"Population 1 of Dibranchus atlanticus","45655",1,"25 May 1883","Albatross",39.9736,-70.6167,191.88
"Population 1 of Dibranchus atlanticus","35403",1,"23 Jul 1884","Albatross",39.4972,-71.825,191.88
"Population 1 of Dibranchus atlanticus","35448",1,"2 Aug 1884","Albatross",39.9625,-70.9417,191.88
"Population 1 of Dibranchus atlanticus","380003",1,"9-Jul-74","Albatross IV",39.9667,-70.8625,191.88
"Population 1 of Dorosoma cepedianum","129834",21,"26-Jan-21","Fish Hawk",38.437681097561,-75.9834317073171,0
"Population 1 of Dorosoma cepedianum","129835",1,"21-Jan-16","Fish Hawk",38.437681097561,-75.9834317073171,0
"Population 1 of Etropus crossotus","156238",60,"9 Mar 1917 (1917 Mar 09 - 0000 00 00)","Grampus",28.618980952381,-90.8782095238095,0
"Population 1 of Etropus crossotus","156018",7,"5 Mar 1917 (1917 Mar 05 - 0000 00 00)","Grampus",28.618980952381,-90.8782095238095,0
"Population 1 of Eucinostomus argenteus","201425",49,"1 Mar 1884 to 11 Mar 1884 (1884 Mar 01 - 1884 Mar 11)","Albatross",17.6444666666667,-76.3921666666667,0
"Population 1 of Eucinostomus argenteus","143087",9,"1 Mar 1884 to 11 Mar 1884 (1884 Mar 01 - 1884 Mar 11)","Albatross",17.6444666666667,-76.3921666666667,0
"Population 1 of Eucinostomus gula","38669",31,"14 Jan 1885 (1885 Jan 14 - 0000 00 00)","Albatross",24.5634,-81.7845,0
"Population 1 of Exocoetus volitans","94720",55,"20 Oct 1885 (1885 Oct 20 - 0000 00 00)","Albatross",32.2367,-79.6867,0
"Population 2 of Exocoetus volitans","299576",29,"3 Sep 1914 (1914 Sep 03 - 0000 00 00)","Fish Hawk",34.5983,-76.5411,102.38
"Population 2 of Exocoetus volitans","299568",20,"3 Sep 1914 (1914 Sep 03 - 0000 00 00)","Fish Hawk",34.5983,-76.5411,102.38
"Population 2 of Exocoetus volitans","299582",16,"11 Aug 1914 (1914 Aug 11 - 0000 00 00)","Fish Hawk",34.7112,-76.644,102.38
"Population 2 of Exocoetus volitans","299585",15,"2 Sep 1914 (1914 Sep 02 - 0000 00 00)","Fish Hawk",34.5983,-76.5411,102.38
"Population 2 of Exocoetus volitans","299572",11,"2 Sep 1914 (1914 Sep 02 - 0000 00 00)","Fish Hawk",34.5983,-76.5411,102.38
"Population 2 of Exocoetus volitans","299579",10,"3 Sep 1914 (1914 Sep 03 - 0000 00 00)","Fish Hawk",34.5983,-76.5411,102.38
"Population 2 of Exocoetus volitans","299578",9,"2 Sep 1914 (1914 Sep 02 - 0000 00 00)","Fish Hawk",34.5983,-76.5411,102.38
"Population 2 of Exocoetus volitans","299590",8,"3 Sep 1914 (1914 Sep 03 - 0000 00 00)","Fish Hawk",34.2,-76.0822,102.38
"Population 2 of Exocoetus volitans","299586",6,"3 Sep 1914 (1914 Sep 03 - 0000 00 00)","Fish Hawk",34.4662203125,-76.4950765625,102.38
"Population 2 of Exocoetus volitans","299588",5,"12 Aug 1914 (1914 Aug 12 - 0000 00 00)","Fish Hawk",34.4662203125,-76.4950765625,102.38
"Population 2 of Exocoetus volitans","299570",5,"28 Jul 1915 (1915 Jul 28 - 0000 00 00)","Fish Hawk",33.8139,-76.4,102.38
"Population 2 of Exocoetus volitans","299583",4,"12 Aug 1914 (1914 Aug 12)","Fish Hawk",34.4662203125,-76.4950765625,102.38
"Population 2 of Exocoetus volitans","299573",4,"12 Aug 1914 (1914 Aug 12 - 0000 00 00)","Fish Hawk",34.4662203125,-76.4950765625,102.38
"Population 2 of Exocoetus volitans","299571",3,"11 Aug 1914 (1914 Aug 11 - 0000 00 00)","Fish Hawk",34.421775,-76.3324875,102.38
"Population 2 of Exocoetus volitans","299580",3,"12 Aug 1914 (1914 Aug 12 - 0000 00 00)","Fish Hawk",34.4662203125,-76.4950765625,102.38
"Population 2 of Exocoetus volitans","299577",3,"12 Aug 1914 (1914 Aug 12 - 0000 00 00)","Fish Hawk",34.4662203125,-76.4950765625,102.38
"Population 2 of Exocoetus volitans","299569",2,"(0000 Nov 15 - 0000 00 00)","Fish Hawk",34.4662203125,-76.4950765625,102.38
"Population 2 of Exocoetus volitans","106421",1,"18 Aug 1914 (1914 Aug 18 - 0000 00 00)","Fish Hawk",34.7112,-76.644,102.38
"Population 2 of Exocoetus volitans","106422",1,"3 Sep 1914 (1914 Sep 03 - 0000 00 00)","Fish Hawk",34.5983,-76.5411,102.38
"Population 2 of Exocoetus volitans","106423",1,"3 Sep 1914 (1914 Sep 03 - 0000 00 00)","Fish Hawk",34.5983,-76.5411,102.38
"Population 2 of Exocoetus volitans","106424",1,"2 Sep 1914 (1914 Sep 02 - 0000 00 00)","Fish Hawk",34.5983,-76.5411,102.38
"Population 2 of Exocoetus volitans","299581",1,"11 Aug 1914 (1914 Aug 11 - 0000 00 00)","Fish Hawk",34.421775,-76.3324875,102.38
"Population 2 of Exocoetus volitans","116701",1,"10 Aug 1914 (1914 Aug 10 - 0000 00 00)","Fish Hawk",34.4662203125,-76.4950765625,102.38
"Population 2 of Exocoetus volitans","299574",1,"2 Sep 1914 (1914 Sep 02 - 0000 00 00)","Fish Hawk",34.5983,-76.5411,102.38
"Population 2 of Exocoetus volitans","299587",1,"1 Sep 1914 (1914 Sep 01 - 0000 00 00)","Fish Hawk",34.0936,-76.25,102.38
"Population 2 of Exocoetus volitans","299575",1,"28 Jul 1915 (1915 Jul 28 - 0000 00 00)","Fish Hawk",33.8139,-76.4,102.38
"Population 2 of Exocoetus volitans","299584",1,"12 Aug 1914 (1914 Aug 12 - 0000 00 00)","Fish Hawk",34.7112,-76.644,102.38
"Population 1 of Fenestraja plutonia","395426",50,"21 Oct 1885 to 25 Oct 1885 (0000 00 00 - 0000 00 00)","Albatross",34.65,-75.9938,0
"Population 1 of Fenestraja plutonia","395427",47,"21 Oct 1885 to 25 Oct 1885 (0000 00 00 - 0000 00 00)","Albatross",34.65,-75.9938,0
"Population 1 of Fenestraja plutonia","148299",42,"21 Oct 1885 to 25 Oct 1885 (0000 00 00 - 0000 00 00)","Albatross",34.65,-75.9938,0
"Population 2 of Fenestraja plutonia","148302",39,"4 May 1886","Albatross",29.7833,-80.0958,20.58
"Population 2 of Fenestraja plutonia","123631",2,"4 May 1886","Albatross",29.6833,-79.9167,20.58
"Population 1 of Fenestraja plutonia","487570",1,"21 Oct 1885 to 25 Oct 1885 (0000 00 00 - 0000 00 00)","Albatross",34.65,-75.9938,0
"Population 1 of Fenestraja plutonia","487571",1,"21 Oct 1885 to 25 Oct 1885 (0000 00 00 - 0000 00 00)","Albatross",34.65,-75.9938,0
"Population 1 of Fenestraja plutonia","487572",1,"21 Oct 1885 to 25 Oct 1885 (0000 00 00 - 0000 00 00)","Albatross",34.65,-75.9938,0
"Population 1 of Floridichthys carpio","130819",10,"15 Apr 1884 to 27 Apr 1884 (1884 Apr 15 - 1884 Apr 27)","Albatross",24.5634,-81.7845,0
"Population 1 of Floridichthys carpio","84014",10,"15 Apr 1884 to 27 Apr 1884 (1884 Apr 15 - 1884 Apr 27)","Albatross",24.5634,-81.7845,0
"Population 1 of Floridichthys carpio","93855",6,"15 Apr 1884 to 27 Apr 1884 (1884 Apr 15 - 1884 Apr 27)","Albatross",24.5634,-81.7845,0
"Population 1 of Floridichthys carpio","129898",4,"15 Apr 1884 to 27 Apr 1884 (1884 Apr 15 - 1884 Apr 27)","Albatross",24.5634,-81.7845,0
"Population 1 of Floridichthys carpio","84015",3,"15 Apr 1884 to 27 Apr 1884 (1884 Apr 15 - 1884 Apr 27)","Albatross",24.5634,-81.7845,0
"Population 1 of Fundulus heteroclitus","67684",29,"26 Jan 1898 (1898 Jan 26 - 0000 00 00)","Fish Hawk",27.8621,-82.5441,19.55
"Population 1 of Fundulus heteroclitus","67685",25,"26 Jan 1898 (1898 Jan 26 - 0000 00 00)","Fish Hawk",27.8621,-82.5441,19.55
"Population 2 of Fundulus heteroclitus","59045",20,"1891 (1891 00 00 - 0000 00 00)","Fish Hawk",32.3625,-80.6636,39.89
"Population 1 of Fundulus heteroclitus","84026",12,"17 Mar 1885 (1885 Mar 17 - 0000 00 00)","Albatross",27.6883,-82.5725,19.55
"Population 2 of Fundulus heteroclitus","59027",2,"1891 (1891 00 00 - 0000 00 00)","Fish Hawk",32.0275,-80.8138,39.89
"Population 1 of Fundulus majalis","54971",7,"6 Jul 1892 (1892 Jul 06 - 0000 00 00)","Grampus",37.273,-76.0214,49.68
"Population 1 of Fundulus majalis","125682",6,"19 Jul 1892 (1892 Jul 19 - 0000 00 00)","Grampus",37.2807,-75.9906,49.68
"Population 1 of Fundulus majalis","54961",4,"28 Jun 1892 (1892 Jun 28 - 0000 00 00)","Grampus",37.0297,-76.3456,49.68
"Population 1 of Fundulus majalis","54976",3,"29 Jun 1892 (1892 Jun 29 - 0000 00 00)","Grampus",36.9579,-76.2941,49.68
"Population 1 of Fundulus majalis","54982",3,"6 Jul 1892 (1892 Jul 06 - 0000 00 00)","Grampus",37.273,-76.0214,49.68
"Population 1 of Fundulus majalis","69712",2,"1892 (1892 00 00 - 0000 00 00)","Grampus",37.4024,-76.3443,49.68
"Population 1 of Fundulus majalis","54960",1,"29 Jun 1892 (1892 Jun 29 - 0000 00 00)","Grampus",36.9579,-76.2941,49.68
"Population 1 of Fundulus majalis","69713",1,"1892 (1892 00 00 - 0000 00 00)","Grampus",37.4024,-76.3443,49.68
"Population 1 of Fundulus similis","130820",40,"15 Apr 1884 to 27 Apr 1884 (1884 Apr 15 - 1884 Apr 27)","Albatross",24.5634,-81.7845,2.08
"Population 2 of Fundulus similis","67686",39,"26 Jan 1898 (1898 Jan 26 - 0000 00 00)","Fish Hawk",27.8621,-82.5441,19.55
"Population 1 of Fundulus similis","84018",30,"15 Apr 1884 to 27 Apr 1884 (1884 Apr 15 - 1884 Apr 27)","Albatross",24.5634,-81.7845,2.08
"Population 1 of Fundulus similis","132226",30,"15 Apr 1884 to 27 Apr 1884 (1884 Apr 15 - 1884 Apr 27)","Albatross",24.5634,-81.7845,2.08
"Population 1 of Fundulus similis","84019",20,"15 Apr 1884 to 27 Apr 1884 (1884 Apr 15 - 1884 Apr 27)","Albatross",24.5634,-81.7845,2.08
"Population 1 of Fundulus similis","109887",20,"15 Apr 1884 (1884 Apr 15 - 0000 00 00)","Albatross",24.5505,-81.7696,2.08
"Population 2 of Fundulus similis","84020",15,"1885 (1885 00 00 - 0000 00 00)","Albatross",27.6883,-82.5725,19.55
"Population 1 of Fundulus similis","129896",10,"15 Apr 1884 to 27 Apr 1884 (1884 Apr 15 - 1884 Apr 27)","Albatross",24.5634,-81.7845,2.08
"Population 2 of Fundulus similis","83848",6,"17 Mar 1885 (1885 Mar 17 - 0000 00 00)","Albatross",27.6883,-82.5725,19.55
"Population 1 of Fundulus similis","85474",5,"15 Apr 1884 to 27 Apr 1884 (1884 Apr 15 - 1884 Apr 27)","Albatross",24.5634,-81.7845,2.08
"Population 1 of Fundulus similis","84021",5,"15 Apr 1884 to 27 Apr 1884 (1884 Apr 15 - 1884 Apr 27)","Albatross",24.5634,-81.7845,2.08
"Population 1 of Fundulus similis","131617",2,"15 Apr 1884 to 27 Apr 1884 (1884 Apr 15 - 1884 Apr 27)","Albatross",24.5634,-81.7845,2.08
"Population 1 of Gambusia affinis","126821",246,"27 Dec 1916 (1916 Dec 27 - 0000 00 00)","Grampus",34.208,-77.9354,2.6
"Population 2 of Gambusia affinis","126779",25,"28 Jan 1917 (1917 Jan 28 - 0000 00 00)","Grampus",29.8111,-85.2883,0
"Population 1 of Gambusia affinis","124619",10,"29 Dec 1916 (1916 Dec 29 - 0000 00 00)","Grampus",34.2312,-77.9326,2.6
"Population 1 of Glyptocephalus cynoglossus","26018",28,"","Fish Hawk",40.0383,-70.385,249.43
"Population 1 of Glyptocephalus cynoglossus","45529",9,"28 Sep 1884","Albatross",39.9125,-69.4958,249.43
"Population 1 of Glyptocephalus cynoglossus","45527",8,"8 Aug 1885","Albatross",39.8917,-70.2917,249.43
"Population 1 of Glyptocephalus cynoglossus","28949",6,"14 Sep 1881 (1881 Sep 14 - 0000 00 00; 12:13)","Fish Hawk",39.9517,-69.27,249.43
"Population 1 of Glyptocephalus cynoglossus","26113",5,"13 Sep 1880 (1880 Sep 13 - 0000 00 00; 15:12)","Fish Hawk",39.8083,-70.9,249.43
"Population 1 of Glyptocephalus cynoglossus","33554",4,"21 Sep 1883","Albatross",39.9764,-71.0083,249.43
"Population 1 of Glyptocephalus cynoglossus","28810",3,"9 Aug 1881 (1881 Aug 09 - 0000 00 00)","Fish Hawk",39.97,-71.22,249.43
"Population 1 of Glyptocephalus cynoglossus","28782",3,"4 Aug 1881 (1881 Aug 04 - 0000 00 00)","Fish Hawk",39.88,-69.8417,249.43
"Population 1 of Glyptocephalus cynoglossus","45518",3,"8 Aug 1885","Albatross",39.9083,-70.3333,249.43
"Population 1 of Glyptocephalus cynoglossus","33529",3,"21 Sep 1883","Albatross",39.9764,-71.0083,249.43
"Population 1 of Glyptocephalus cynoglossus","33358",2,"","Fish Hawk",40.3,-70.55,249.43
"Population 1 of Glyptocephalus cynoglossus","28785",2,"4 Aug 1881 (1881 Aug 04 - 0000 00 00; 12:45)","Fish Hawk",39.8236,-69.82,249.43
"Population 1 of Glyptocephalus cynoglossus","31772",2,"8 Sep 1882","Fish Hawk",39.57,-71.93,249.43
"Population 1 of Glyptocephalus cynoglossus","28845",2,"23 Aug 1881 (23 Aug 1881; 09:40)","Fish Hawk",39.95,-70.525,249.43
"Population 1 of Glyptocephalus cynoglossus","45521",2,"8 Aug 1885","Albatross",39.8583,-70.2833,249.43
"Population 1 of Glyptocephalus cynoglossus","45519",2,"18 Sep 1885","Albatross",39.8333,-71.7167,249.43
"Population 1 of Glyptocephalus cynoglossus","45514",2,"9 Aug 1885","Albatross",39.7853,-70.5833,249.43
"Population 1 of Glyptocephalus cynoglossus","35460",2,"3 Aug 1884","Albatross",39.825,-71.1667,249.43
"Population 1 of Glyptocephalus cynoglossus","35449",2,"2 Aug 1884","Albatross",39.9625,-70.9417,249.43
"Population 1 of Glyptocephalus cynoglossus","35484",2,"2 Aug 1884","Albatross",39.8708,-70.925,249.43
"Population 1 of Glyptocephalus cynoglossus","33587",2,"20 Sep 1883","Albatross",40.0847,-70.5833,249.43
"Population 1 of Glyptocephalus cynoglossus","35410",2,"23 Jul 1884","Albatross",39.5028,-71.8333,249.43
"Population 1 of Glyptocephalus cynoglossus","26068",1,"13 Sep 1880 (1880 Sep 13 - 0000 00 00)","Fish Hawk",39.95,-70.93,249.43
"Population 1 of Glyptocephalus cynoglossus","28713",1,"16 Jul 1881 (0000 00 00 - 0000 00 00)","Fish Hawk",39.9583,-70.7667,249.43
"Population 1 of Glyptocephalus cynoglossus","31615",1,"","Fish Hawk",39.97,-69.7,249.43
"Population 1 of Glyptocephalus cynoglossus","31616",1,"","Fish Hawk",39.88,-69.78,249.43
"Population 1 of Glyptocephalus cynoglossus","31622",1,"","Fish Hawk",39.93,-69.75,249.43
"Population 1 of Glyptocephalus cynoglossus","31674",1,"22 Aug 1882 (1882 Aug 22 - 0000 00 00; 17:30)","Fish Hawk",40.03,-70.75,249.43
"Population 1 of Glyptocephalus cynoglossus","31845",1,"4 Oct 1882 (4 Oct 1882; 10:45)","Fish Hawk",39.9,-70.62,249.43
"Population 1 of Glyptocephalus cynoglossus","28910",1,"8 Sep 1881","Fish Hawk",39.82,-71.42,249.43
"Population 1 of Glyptocephalus cynoglossus","28915",1,"8 Sep 1881 (1881 Sep 08 - 0000 00 00; 04:50)","Fish Hawk",39.67,-71.5,249.43
"Population 1 of Glyptocephalus cynoglossus","28735",1,"16 Jul 1881 (16 Jul 1881; 15:35)","Fish Hawk",39.9167,-70.7833,249.43
"Population 1 of Glyptocephalus cynoglossus","28918",1,"8 Sep 1881 (1881 Sep 08 - 0000 00 00; 10:34)","Fish Hawk",39.72,-71.53,249.43
"Population 1 of Glyptocephalus cynoglossus","31869",1,"4 Oct 1882 (1882 Oct 04 - 0000 00 00)","Fish Hawk",39.97,-70.58,249.43
"Population 1 of Glyptocephalus cynoglossus","26067",1,"1880 (1880 00 00 - 0000 00 00)","Fish Hawk",40.0510333333333,-70.3860333333333,249.43
"Population 1 of Glyptocephalus cynoglossus","31698",1,"22 Aug 1882 (1882 Aug 22 - 0000 00 00)","Fish Hawk",40.03,-70.625,249.43
"Population 1 of Glyptocephalus cynoglossus","31690",1,"18 Aug 1882 (1882 Aug 18 - 0000 00 00)","Fish Hawk",39.93,-70.58,249.43
"Population 1 of Glyptocephalus cynoglossus","31694",1,"18 Aug 1882 (1882 Aug 18 - 0000 00 00)","Fish Hawk",40.0258,-70.5833,249.43
"Population 1 of Glyptocephalus cynoglossus","31697",1,"18 Aug 1882 (1882 Aug 18 - 0000 00 00)","Fish Hawk",40.03,-70.58,249.43
"Population 1 of Glyptocephalus cynoglossus","31696",1,"18 Aug 1882 (1882 Aug 18 - 0000 00 00)","Fish Hawk",40.05,-70.63,249.43
"Population 1 of Glyptocephalus cynoglossus","31675",1,"18 Aug 1882 (1882 Aug 18 - 0000 00 00)","Fish Hawk",39.98,-70.73,249.43
"Population 1 of Glyptocephalus cynoglossus","31850",1,"4 Oct 1882","Fish Hawk",39.9253,-70.65,249.43
"Population 1 of Glyptocephalus cynoglossus","134173",1,"18 Sep 1885 (1885 Sep 18 - 0000 00 00)","Albatross",39.8333,-71.7167,249.43
"Population 1 of Glyptocephalus cynoglossus","134005",1,"18 Jul 1886","Albatross",39.8667,-71.3458,249.43
"Population 1 of Glyptocephalus cynoglossus","35510",1,"22 Jul 1884","Albatross",39.4833,-72.0875,249.43
"Population 1 of Glyptocephalus cynoglossus","45523",1,"10 Aug 1885","Albatross",39.6333,-71.7,249.43
"Population 1 of Glyptocephalus cynoglossus","39487",1,"10 Aug 1885","Albatross",39.8708,-71.5333,249.43
"Population 1 of Glyptocephalus cynoglossus","45631",1,"16 Jul 1886","Albatross",39.8333,-70.4333,249.43
"Population 1 of Glyptocephalus cynoglossus","45522",1,"10 Aug 1885","Albatross",39.8028,-71.8111,249.43
"Population 1 of Glyptocephalus cynoglossus","44255",1,"8 Aug 1885","Albatross",39.8917,-70.2917,249.43
"Population 1 of Glyptocephalus cynoglossus","33021",1,"25 May 1883","Albatross",39.9736,-70.6167,249.43
"Population 1 of Glyptocephalus cynoglossus","38069",1,"20 Sep 1886","Albatross",39.2167,-72.0167,249.43
"Population 1 of Glyptocephalus cynoglossus","35549",1,"19 Aug 1884","Albatross",39.6333,-71.6625,249.43
"Population 1 of Glyptocephalus cynoglossus","33530",1,"20 Sep 1883","Albatross",40.0847,-70.5833,249.43
"Population 1 of Glyptocephalus cynoglossus","33017",1,"25 May 1883","Albatross",40.0333,-70.45,249.43
"Population 1 of Glyptocephalus cynoglossus","35668",1,"26 Sep 1884","Albatross",40.35,-70.4875,249.43
"Population 1 of Glyptocephalus cynoglossus","35667",1,"27 Sep 1884","Albatross",40.05,-69.95,249.43
"Population 1 of Glyptocephalus cynoglossus","33020",1,"25 May 1883","Albatross",39.9639,-70.5333,249.43
"Population 1 of Glyptocephalus cynoglossus","33018",1,"26 May 1883","Albatross",39.4958,-71.7167,249.43
"Population 1 of Glyptocephalus cynoglossus","35550",1,"19 Aug 1884","Albatross",39.6333,-71.6625,249.43
"Population 1 of Glyptocephalus cynoglossus","33531",1,"21 Sep 1883","Albatross",40.0306,-70.9833,249.43
"Population 1 of Gobiosoma ginsburgi","350463",50,"10 Jul 1915 (1915 Jul 10 - 0000 00 00)","Fish Hawk",33.2661,-79.2333,1.25
"Population 2 of Gobiosoma ginsburgi","116655",21,"20 Jul 1916 (1916 Jul 20 - 0000 00 00)","Fish Hawk",37.3047,-76.2813,33.62
"Population 1 of Gobiosoma ginsburgi","350212",10,"9 Jul 1915 (1915 Jul 09 - 0000 00 00; 22:35 - 23:35)","Fish Hawk",33.2721,-79.222,1.25
"Population 2 of Gobiosoma ginsburgi","91132",2,"16 Jan 1916 (1916 Jan 16 - 0000 00 00)","Fish Hawk",37.0097,-76.2542,33.62
"Population 2 of Gobiosoma ginsburgi","91131",1,"6 Mar 1916 (1916 Mar 06 - 0000 00 00; 12:25 - 13:55)","Fish Hawk",37.01,-76.2222,33.62
"Population 2 of Gobiosoma ginsburgi","91133",1,"4 Dec 1920 (1920 Dec 04 - 0000 00 00; 11:55 - 13:00)","Fish Hawk",37.0056,-76.2289,33.62
"Population 1 of Gonichthys cocco","38191",160,"25 Oct 1886","Albatross",36.75,-74.4667,0
"Population 2 of Gonichthys cocco","43820",61,"19 Sep 1885","Albatross",39,-72,35.14
"Population 3 of Gonichthys cocco","43823",35,"24 Oct 1886","Albatross",36.5833,-74.0583,0
"Population 4 of Gonichthys cocco","92805",22,"16 Sep 1886","Albatross",38.9833,-70.1167,0
"Population 2 of Gonichthys cocco","43821",21,"19 Sep 1885","Albatross",39,-72,35.14
"Population 2 of Gonichthys cocco","43822",13,"19 Sep 1885","Albatross",39,-72,35.14
"Population 2 of Gonichthys cocco","43816",2,"19 Sep 1885","Albatross",39.0917,-72.3889,35.14
"Population 2 of Gonichthys cocco","487555",1,"19 Sep 1885","Albatross",39,-72,35.14
"Population 2 of Gonichthys cocco","487554",1,"19 Sep 1885","Albatross",39,-72,35.14
"Population 2 of Gonichthys cocco","487553",1,"19 Sep 1885","Albatross",39,-72,35.14
"Population 2 of Gonichthys cocco","487550",1,"19 Sep 1885","Albatross",39,-72,35.14
"Population 2 of Gonichthys cocco","487552",1,"19 Sep 1885","Albatross",39,-72,35.14
"Population 2 of Gonichthys cocco","487551",1,"19 Sep 1885","Albatross",39,-72,35.14
"Population 1 of Haemulon aurolineatum","83800",30,"18 Oct 1885","Albatross",34.5917,-75.7583,4.94
"Population 2 of Haemulon aurolineatum","101548",15,"18 Mar 1885","Albatross",26.5583,-83.2583,0
"Population 2 of Haemulon aurolineatum","133793",5,"18 Mar 1885","Albatross",26.5583,-83.2583,0
"Population 1 of Haemulon aurolineatum","386625",5,"9-Sep-02","Albatross IV",34.5722,-75.8067,4.94
"Population 2 of Haemulon aurolineatum","134171",2,"18 Mar 1885","Albatross",26.5583,-83.2583,0
"Population 1 of Haemulon flavolineatum","37086",19,"29 Jan 1885 (1885 Jan 29 - 0000 00 00)","Albatross",21.85815,-87.0043727272727,33.92
"Population 1 of Haemulon flavolineatum","37087",5,"27 Jan 1885 (0000 00 00 - 0000 00 00)","Albatross",22.154,-86.9255375,33.92
"Population 1 of Haemulon plumierii","130822",17,"15 Apr 1884 to 27 Apr 1884 (1884 Apr 15 - 1884 Apr 27)","Albatross",24.5634,-81.7845,2.71
"Population 1 of Haemulon plumierii","120505",3,"12-Jan-03","Fish Hawk",24.5402447674419,-81.7763668604651,2.71
"Population 1 of Haemulon plumierii","38672",3,"14 Jan 1885 (1885 Jan 14 - 0000 00 00)","Albatross",24.5634,-81.7845,2.71
"Population 1 of Haemulon plumierii","131506",1,"15 Apr 1884 to 27 Apr 1884 (1884 Apr 15 - 1884 Apr 27)","Albatross",24.5634,-81.7845,2.71
"Population 1 of Haemulon plumierii","83799",1,"15 Apr 1884 to 27 Apr 1884 (1884 Apr 15 - 1884 Apr 27)","Albatross",24.5634,-81.7845,2.71
"Population 1 of Haemulon plumierii","38714",1,"15 Apr 1884 to 27 Apr 1884 (1884 Apr 15 - 1884 Apr 27)","Albatross",24.5634,-81.7845,2.71
"Population 1 of Harengula clupeola","38664",20,"","Albatross",17.9064144549763,-67.7093952606635,0
"Population 1 of Harengula humeralis","38535",25,"4 Apr 1884 to 9 Apr 1884","Albatross",9.50973333333333,-76.3972333333333,0
"Population 2 of Harengula humeralis","38663",22,"10 Feb 1884 to 18 Feb 1884","Albatross",14.026471875,-62.50758125,0
"Population 3 of Harengula humeralis","37092",15,"29 Jan 1885","Albatross",22.154,-86.9255375,33.92
"Population 2 of Harengula humeralis","38600",5,"10 Feb 1884 to 18 Feb 1884","Albatross",14.026471875,-62.50758125,0
"Population 3 of Harengula humeralis","37079",5,"24 Jan 1885 (1885 Jan 24 - 0000 00 00)","Albatross",21.85815,-87.0043727272727,33.92
"Population 1 of Harengula humeralis","38628",4,"4 Apr 1884 to 9 Apr 1884","Albatross",9.50973333333333,-76.3972333333333,0
"Population 1 of Helicolenus dactylopterus","329905",21,"22 Apr 1994 (1994 Apr 22 - 0000 00 00; 06:55 - 09:36)","Albatross IV",42.28,-66.0675,37.52
"Population 1 of Helicolenus dactylopterus","329895",19,"22 Apr 1994 (1994 Apr 22 - 0000 00 00; 03:36 - 04:36)","Albatross IV",42.3833,-66.3583,37.52
"Population 1 of Helicolenus dactylopterus","329917",2,"23 Apr 1994 (1994 Apr 23 - 0000 00 00; 02:58 - 05:13)","Albatross IV",42.3833,-66.3975,37.52
"Population 1 of Helicolenus dactylopterus","330008",2,"22 Apr 1994 (1994 Apr 22 - 0000 00 00; 20:44 - 23:14)","Albatross IV",42.2467,-65.9808,37.52
"Population 1 of Heterandria formosa","126823",21,"3 Jan 1917 (1917 Jan 03 - 0000 00 00)","Grampus",34.208,-77.9354,2.6
"Population 1 of Heterandria formosa","124620",4,"27 Dec 1916 (1916 Dec 27 - 0000 00 00)","Grampus",34.2312,-77.9326,2.6
"Population 1 of Hippoglossoides platessoides","329951",12,"27 Apr 1994 (1994 Apr 27 - 0000 00 00; 08:06 - 08:40)","Albatross IV",42.16,-70.3992,56.22
"Population 1 of Hippoglossoides platessoides","329944",10,"27 Apr 1994 (1994 Apr 27 - 0000 00 00; 04:46 - 05:46 Ca)","Albatross IV",42.4233,-70.125,56.22
"Population 1 of Hippoglossoides platessoides","325977",2,"21 Apr 1993 (1993 Apr 21 - 0000 00 00; 00:05)","Albatross IV",42.17,-70.37,56.22
"Population 1 of Hippoglossoides platessoides","326955",1,"21 Apr 1993 (1993 Apr 21 - 0000 00 00; 09:09)","Albatross IV",42.52,-69.92,56.22
"Population 1 of Histrio histrio","83863",33,"25 Feb 1884 (1884 Feb 25 - 0000 00 00)","Albatross",19.75,-75.0667,0
"Population 1 of Jenkinsia lamprotaenia","38465",158,"16 Mar 1886 (1886 Mar 16 - 0000 00 00)","Albatross",26.7301716666667,-77.3733416666667,0
"Population 2 of Jenkinsia lamprotaenia","68646",25,"11 Feb 1899 (1899 Feb 11 - 0000 00 00)","Fish Hawk",18.3101,-65.3014,35.21
"Population 3 of Jenkinsia lamprotaenia","131593",17,"4 Apr 1884 to 9 Apr 1884","Albatross",9.50973333333333,-76.3972333333333,0
"Population 2 of Jenkinsia lamprotaenia","67633",6,"11 Feb 1899 (1899 Feb 11 - 0000 00 00)","Fish Hawk",18.3101,-65.3014,35.21
"Population 2 of Jenkinsia lamprotaenia","50125",5,"11 Feb 1899 (1899 Feb 11 - 0000 00 00)","Fish Hawk",18.3101,-65.3014,35.21
"Population 3 of Jenkinsia lamprotaenia","150114",4,"4 Apr 1884 to 9 Apr 1884","Albatross",9.50973333333333,-76.3972333333333,0
"Population 2 of Jenkinsia lamprotaenia","126186",1,"17 Feb 1899 (1899 Feb 17 - 0000 00 00)","Fish Hawk",18.3367,-65.6334,35.21
"Population 1 of Jenkinsia stolifera","37106",190,"29 Jan 1885","Albatross",22.154,-86.9255375,33.92
"Population 2 of Jenkinsia stolifera","91412",114,"25-Nov-19","Albatross",26.8489347048301,-82.4323873881932,0
"Population 3 of Jenkinsia stolifera","38697",25,"14 Jan 1885 (1885 Jan 14 - 0000 00 00)","Albatross",24.5634,-81.7845,0
"Population 1 of Jenkinsia stolifera","37055",5,"24 Jan 1885 (1885 Jan 24 - 0000 00 00)","Albatross",21.85815,-87.0043727272727,33.92
"Population 1 of Jenkinsia stolifera","487581",1,"29 Jan 1885","Albatross",22.154,-86.9255375,33.92
"Population 1 of Jenkinsia stolifera","487584",1,"29 Jan 1885","Albatross",22.154,-86.9255375,33.92
"Population 1 of Jenkinsia stolifera","487580",1,"29 Jan 1885","Albatross",22.154,-86.9255375,33.92
"Population 1 of Jenkinsia stolifera","487579",1,"29 Jan 1885","Albatross",22.154,-86.9255375,33.92
"Population 1 of Jenkinsia stolifera","487582",1,"29 Jan 1885","Albatross",22.154,-86.9255375,33.92
"Population 1 of Jenkinsia stolifera","487583",1,"29 Jan 1885","Albatross",22.154,-86.9255375,33.92
"Population 1 of Laemonema barbatulum","132207",51,"21 Oct 1885","Albatross",32.6,-77.4875,21.08
"Population 1 of Laemonema barbatulum","131941",24,"21 Oct 1885","Albatross",32.5833,-77.5,21.08
"Population 1 of Laemonema barbatulum","84477",17,"21 Oct 1885","Albatross",32.5833,-77.5,21.08
"Population 1 of Laemonema barbatulum","143085",12,"21 Oct 1885","Albatross",32.5833,-77.5,21.08
"Population 1 of Laemonema barbatulum","84546",1,"21 Oct 1885","Albatross",32.6,-77.4875,21.08
"Population 1 of Laemonema barbatulum","205134",1,"6 May 1886","Albatross",32.5333,-77.2833,21.08
"Population 1 of Lagodon rhomboides","118914",80,"15-Jan-13","Fish Hawk",29.8354,-84.6686,0
"Population 1 of Lagodon rhomboides","118915",1,"15-Jan-13","Fish Hawk",29.8354,-84.6686,0
"Population 1 of Liparis atlanticus","133824",33,"27 Sep 1884","Albatross",40.575,-69.8458,0
"Population 1 of Lutjanus synagris","38673",15,"14 Jan 1885 (1885 Jan 14 - 0000 00 00)","Albatross",24.5634,-81.7845,11.66
"Population 1 of Lutjanus synagris","36922",12,"15 Apr 1884 to 27 Apr 1884 (1884 Apr 15 - 1884 Apr 27)","Albatross",24.5634,-81.7845,11.66
"Population 1 of Lutjanus synagris","83817",3,"15 Apr 1884 to 27 Apr 1884 (1884 Apr 15 - 1884 Apr 27)","Albatross",24.5634,-81.7845,11.66
"Population 1 of Lutjanus synagris","120525",2,"14-Jan-03","Fish Hawk",24.5505,-81.7696,11.66
"Population 1 of Lutjanus synagris","133982",2,"13 Feb 1902 (1902 Feb 13 - 0000 00 00; 11:50)","Fish Hawk",24.5873,-81.7793,11.66
"Population 1 of Lutjanus synagris","75524",1,"1903","Fish Hawk",24.5402447674419,-81.7763668604651,11.66
"Population 1 of Lutjanus synagris","73026",1,"13 Feb 1902 (1902 Feb 13 - 0000 00 00; 10:35)","Fish Hawk",24.4909,-81.8244,11.66
"Population 1 of Lycenchelys verrillii","45930",18,"20 Oct 1884","Albatross",35.6667,-74.8583,0
"Population 1 of Lycenchelys verrillii","45935",16,"20 Oct 1884","Albatross",35.6667,-74.8583,0
"Population 2 of Lycenchelys verrillii","28894",4,"8 Sep 1881 (8 Sep 1881; 09:03)","Fish Hawk",39.7,-71.53,104.93
"Population 2 of Lycenchelys verrillii","26180",3,"2 Oct 1880 (2 Oct 1880; 11:23 - 15:17)","Fish Hawk",39.8593,-71.0161,104.93
"Population 2 of Lycenchelys verrillii","28736",3,"16 Jul 1881 (16 Jul 1881; 15:35)","Fish Hawk",39.9167,-70.7833,104.93
"Population 2 of Lycenchelys verrillii","28886",3,"8 Sep 1881 (1881 Sep 08 - 0000 00 00; 04:50)","Fish Hawk",39.67,-71.5,104.93
"Population 2 of Lycenchelys verrillii","26082",2,"13 Sep 1880 (1880 Sep 13 - 0000 00 00; 15:12)","Fish Hawk",39.8083,-70.9,104.93
"Population 2 of Lycenchelys verrillii","28842",2,"23 Aug 1881 (23 Aug 1881; 09:40)","Fish Hawk",39.95,-70.525,104.93
"Population 2 of Lycenchelys verrillii","28919",2,"8 Sep 1881 (1881 Sep 08 - 0000 00 00; 10:34)","Fish Hawk",39.72,-71.53,104.93
"Population 2 of Lycenchelys verrillii","45928",2,"8 Aug 1885","Albatross",39.9083,-70.3333,104.93
"Population 2 of Lycenchelys verrillii","26096",1,"13 Sep 1880 (1880 Sep 13 - 0000 00 00; 13:20)","Fish Hawk",39.825,-70.9,104.93
"Population 2 of Lycenchelys verrillii","28923",1,"8 Sep 1881 (1881 Sep 08 - 0000 00 00; 10:34)","Fish Hawk",39.72,-71.53,104.93
"Population 2 of Lycenchelys verrillii","132210",1,"18 Jul 1886","Albatross",39.7667,-71.3167,104.93
"Population 2 of Lycenchelys verrillii","35462",1,"3 Aug 1884","Albatross",39.825,-71.1667,104.93
"Population 1 of Lycenchelys verrillii","84544",1,"20 Oct 1884","Albatross",35.6667,-74.8583,0
"Population 1 of Malacoraja senta","28747",4,"16 Jul 1881 (0000 00 00 - 0000 00 00)","Fish Hawk",39.9583,-70.7667,213.44
"Population 1 of Malacoraja senta","28973",4,"21 Sep 1881","Fish Hawk",39.97,-70.1,213.44
"Population 1 of Malacoraja senta","28921",3,"8 Sep 1881 (1881 Sep 08 - 0000 00 00; 10:34)","Fish Hawk",39.72,-71.53,213.44
"Population 1 of Malacoraja senta","26177",2,"2 Oct 1880","Fish Hawk",39.9417,-70.9958,213.44
"Population 1 of Malacoraja senta","28788",2,"4 Aug 1881 (August 4, 1881 5:30pm)","Fish Hawk",39.9,-69.8583,213.44
"Population 1 of Malacoraja senta","28803",2,"","Fish Hawk",39.8917,-71.23,213.44
"Population 1 of Malacoraja senta","33525",2,"20 Sep 1883","Albatross",39.9806,-70.6611,213.44
"Population 1 of Malacoraja senta","26006",1,"4 Sep 1880 (1880 Sep 04 - 0000 00 00)","Fish Hawk",40.0483,-70.3944,213.44
"Population 1 of Malacoraja senta","26201",1,"","Fish Hawk",39.8833,-70.975,213.44
"Population 1 of Malacoraja senta","28770",1,"4 Aug 1881 (1881 Aug 04 - 0000 00 00; 14:44)","Fish Hawk",39.85,-69.8208,213.44
"Population 1 of Malacoraja senta","28781",1,"4 Aug 1881 (0000 00 00 - 0000 00 00)","Fish Hawk",39.8833,-69.8417,213.44
"Population 1 of Malacoraja senta","28808",1,"9 Aug 1881 (1881 Aug 09 - 0000 00 00)","Fish Hawk",39.97,-71.22,213.44
"Population 1 of Malacoraja senta","28828",1,"","Fish Hawk",40.0167,-71.2417,213.44
"Population 1 of Malacoraja senta","28937",1,"","Fish Hawk",39.95,-69.32,213.44
"Population 1 of Malacoraja senta","28946",1,"","Fish Hawk",39.93,-69.4,213.44
"Population 1 of Malacoraja senta","31589",1,"","Fish Hawk",39.95,-69.78,213.44
"Population 1 of Malacoraja senta","31606",1,"","Fish Hawk",39.97,-69.7,213.44
"Population 1 of Malacoraja senta","31621",1,"11 Aug 1882 (11 Aug 1882; 3:10 pm)","Fish Hawk",39.9,-69.73,213.44
"Population 1 of Malacoraja senta","31882",1,"4 Oct 1882","Fish Hawk",39.9253,-70.65,213.44
"Population 1 of Malacoraja senta","148309",1,"28 Sep 1884","Albatross",39.9125,-69.4958,213.44
"Population 1 of Malacoraja senta","33536",1,"21 Sep 1883","Albatross",39.9764,-71.0083,213.44
"Population 1 of Malacoraja senta","148283",1,"7 Aug 1885","Albatross",39.9375,-70.7917,213.44
"Population 1 of Malacoraja senta","148284",1,"10 Aug 1885","Albatross",39.8028,-71.8111,213.44
"Population 1 of Malacoraja senta","148285",1,"18 Jul 1886","Albatross",39.8667,-71.3458,213.44
"Population 1 of Melanostigma atlanticum","391335",31,"19-Oct-94","Albatross IV",42.57,-69.53,80.56
"Population 2 of Melanostigma atlanticum","408669",13,"19-Oct-94","Albatross IV",42.18,-67.47,36.67
"Population 1 of Melanostigma atlanticum","329938",11,"27 Apr 1994 (1994 Apr 27 - 0000 00 00; 00:35 - 02:35)","Albatross IV",42.3525,-69.7075,80.56
"Population 1 of Melanostigma atlanticum","391392",9,"25-Apr-95","Albatross IV",42.37,-69.92,80.56
"Population 2 of Melanostigma atlanticum","391334",9,"8-Oct-94","Albatross IV",42.43,-67.18,36.67
"Population 1 of Melanostigma atlanticum","391394",7,"21-Apr-93","Albatross IV",42.58,-69.5,80.56
"Population 1 of Melanostigma atlanticum","388285",5,"23-Apr-02","Albatross IV",42.8117,-69.8844,80.56
"Population 1 of Melanostigma atlanticum","325965",4,"22 Apr 1993 (1993 Apr 22 - 0000 00 00; 03:08)","Albatross IV",42.68,-69.4,80.56
"Population 1 of Melanostigma atlanticum","391389",4,"20-Apr-95","Albatross IV",42.4,-69.17,80.56
"Population 1 of Melanostigma atlanticum","322175",3,"26 Oct 1988 (1988 Oct 26 - 0000 00 00)","Albatross IV",42.57,-69.68,80.56
"Population 1 of Melanostigma atlanticum","391336",3,"19-Oct-94","Albatross IV",42.77,-69.45,80.56
"Population 1 of Melanostigma atlanticum","325949",2,"21 Apr 1993 (1993 Apr 21 - 0000 00 00; 20:44)","Albatross IV",42.4,-69.43,80.56
"Population 1 of Melanostigma atlanticum","391393",1,"26-Apr-95","Albatross IV",42.4,-70.15,80.56
"Population 1 of Melanostigma atlanticum","329933",1,"26 Apr 1994 (1994 Apr 26 - 0000 00 00; 10:34 - 12:49)","Albatross IV",42.41,-69.3608,80.56
"Population 2 of Melanostigma atlanticum","391381",1,"8-Oct-94","Albatross IV",42.48,-67.5,36.67
"Population 1 of Melanostigma atlanticum","329856",1,"19 Apr 1994 to 20 Apr 1994 (1994 Apr 19 - 1994 Apr 20; 23:11 - 00:11)","Albatross IV",42.48,-69.4283,80.56
"Population 1 of Membras martinica","111564",48,"9 Jul 1915 (1915 Jul 09 - 0000 00 00; 22:35 - 23:35)","Fish Hawk",33.2721,-79.222,0
"Population 2 of Membras martinica","69733",36,"28 Jun 1892 (1892 Jun 28 - 0000 00 00)","Grampus",37.0149,-76.2984,32.97
"Population 3 of Membras martinica","59023",24,"7 Apr 1891 (1891 Apr 07 - 0000 00 00)","Fish Hawk",34.4662203125,-76.4950765625,0
"Population 2 of Membras martinica","90358",14,"21 Jul 1916 (1916 Jul 21 - 0000 00 00)","Fish Hawk",37.0928,-75.9639,32.97
"Population 2 of Membras martinica","69734",14,"28 Jun 1892","Grampus",37.0149,-76.2984,32.97
"Population 2 of Membras martinica","125451",12,"28 Jun 1892 (1892 Jun 28 - 0000 00 00)","Grampus",37.0092,-76.2939,32.97
"Population 2 of Membras martinica","69731",2,"7 Jul 1892 (1892 Jul 07 - 0000 00 00)","Grampus",37.0096,-76.318,32.97
"Population 2 of Membras martinica","69732",2,"29 Jun 1892 (1892 Jun 29 - 0000 00 00)","Grampus",36.9579,-76.2941,32.97
"Population 1 of Menidia menidia","59047",37,"1891 (1891 00 00 - 0000 00 00)","Fish Hawk",32.815348241206,-78.150964321608,0
"Population 2 of Menidia menidia","335883",25,"12 Jul 1915 (1915 Jul 12 - 0000 00 00)","Fish Hawk",33.8375,-78.0625,0
"Population 3 of Menidia menidia","84597",25,"6 Jun 1891 (1891 Jun 06 - 0000 00 00)","Fish Hawk",33.2224,-79.1864,6.45
"Population 4 of Menidia menidia","68135",23,"30 Aug 1892 (1892 Aug 30 - 0000 00 00)","Grampus",43.8249,-70.0961,0
"Population 5 of Menidia menidia","84596",20,"5 Aug 1885 (1885 Aug 05 - 0000 00 00)","Grampus",41.5261,-70.6749,76.24
"Population 6 of Menidia menidia","69821",18,"6 Jul 1892 (1892 Jul 06 - 0000 00 00)","Grampus",38.437681097561,-75.9834317073171,102.77
"Population 7 of Menidia menidia","125455",17,"6 Jul 1892 (1892 Jul 06 - 0000 00 00)","Grampus",37.2089665876777,-75.0037312796209,0
"Population 6 of Menidia menidia","90596",13,"10 Mar 1916 (1916 Mar 10 - 0000 00 00; 15:30 - 16:30)","Fish Hawk",38.2514,-76.2567,102.77
"Population 8 of Menidia menidia","59025",13,"1891 (1891 00 00 - 0000 00 00)","Fish Hawk",32.0275,-80.8138,83.5
"Population 9 of Menidia menidia","69701",11,"7 Jul 1892 (1892 Jul 07 - 0000 00 00)","Grampus",37.0096,-76.318,44.73
"Population 1 of Menidia menidia","59081",10,"1891 (1891 00 00 - 0000 00 00)","Fish Hawk",32.815348241206,-78.150964321608,0
"Population 6 of Menidia menidia","90564",9,"9 Dec 1915 (1915 Dec 09 - 0000 00 00; 11:12 - 12:05)","Fish Hawk",38.6717,-76.4183,102.77
"Population 9 of Menidia menidia","69697",9,"19 Jul 1892 (1892 Jul 19 - 0000 00 00)","Grampus",37.2807,-75.9906,44.73
"Population 6 of Menidia menidia","90567",7,"10 Mar 1916 (1916 Mar 10 - 0000 00 00; 07:30 - 09:00)","Fish Hawk",38.0217,-76.365,102.77
"Population 8 of Menidia menidia","59038",6,"3 Mar 1891 (1891 Mar 03 - 0000 00 00)","Fish Hawk",32.6079,-80.2515,83.5
"Population 9 of Menidia menidia","69699",6,"19 Jul 1892 (1892 Jul 19 - 0000 00 00)","Grampus",37.2807,-75.9906,44.73
"Population 5 of Menidia menidia","70140",5,"10 Aug 1892 (1892 Aug 10 - 0000 00 00)","Fish Hawk",41.5347,-70.6393,76.24
"Population 9 of Menidia menidia","69700",5,"7 Jul 1892 (1892 Jul 07 - 0000 00 00)","Grampus",37.0124,-76.3141,44.73
"Population 6 of Menidia menidia","90566",4,"18 Feb 1914 (1914 Feb 18 - 0000 00 00; 15:42 - 16:00)","Fish Hawk",38.3396941176471,-76.2849235294118,102.77
"Population 5 of Menidia menidia","116192",4,"29 Oct 1887 (1887 Oct 29 - 0000 00 00)","Albatross",41.5261,-70.6749,76.24
"Population 6 of Menidia menidia","90594",3,"19 Jan 1916 (1916 Jan 19 - 0000 00 00; 16:21 - 17:30)","Fish Hawk",38.125,-76.2333,102.77
"Population 6 of Menidia menidia","90568",3,"22 Mar 1914 (1914 Mar 22 - 0000 00 00; 16:00 - 16:12)","Fish Hawk",38.245,-76.26,102.77
"Population 5 of Menidia menidia","120596",3,"4 Sep 1899 (1899 Sep 04 - 0000 00 00)","Fish Hawk",41.3644,-70.4954,76.24
"Population 5 of Menidia menidia","120593",3,"28 Aug 1899 (1899 Aug 28 - 0000 00 00)","Fish Hawk",41.5474,-70.5264,76.24
"Population 8 of Menidia menidia","59034",3,"1891","Fish Hawk",32.4761,-80.5483,83.5
"Population 7 of Menidia menidia","69814",3,"7 Jul 1892 (1892 Jul 07 - 0000 00 00)","Grampus",37.2089665876777,-75.0037312796209,0
"Population 6 of Menidia menidia","90366",2,"11 Mar 1916 (1916 Mar 11 - 0000 00 00; 17:18)","Fish Hawk",38.3361,-76.2983,102.77
"Population 6 of Menidia menidia","90367",2,"20 Jan 1916 (1916 Jan 20 - 0000 00 00; 10:48 - 12:15)","Fish Hawk",38.3333,-76.3067,102.77
"Population 6 of Menidia menidia","90365",2,"10 Mar 1916 (1916 Mar 10 - 0000 00 00; 11:37 - 13:06)","Fish Hawk",38.1167,-76.2233,102.77
"Population 6 of Menidia menidia","90595",2,"12 Mar 1916 (1916 Mar 12 - 0000 00 00; 06:40 - 07:00)","Fish Hawk",38.9217,-76.39,102.77
"Population 3 of Menidia menidia","59052",2,"1890 (1890 00 00 - 0000 00 00)","Fish Hawk",33.2721,-79.222,6.45
"Population 5 of Menidia menidia","117403",2,"5 Aug 1885 (1885 Aug 05 - 0000 00 00)","Albatross",41.5261,-70.6749,76.24
"Population 9 of Menidia menidia","69702",2,"28 Jun 1892 (1892 Jun 28 - 0000 00 00)","Grampus",37.0149,-76.2984,44.73
"Population 9 of Menidia menidia","69703",2,"29 Jun 1892 (1892 Jun 29 - 0000 00 00)","Grampus",36.9511,-76.2788,44.73
"Population 7 of Menidia menidia","69822",2,"6 Jul 1892 (1892 Jul 06 - 0000 00 00)","Grampus",37.2089665876777,-75.0037312796209,0
"Population 9 of Menidia menidia","69698",2,"19 Jul 1892 (1892 Jul 19 - 0000 00 00)","Grampus",37.2807,-75.9906,44.73
"Population 9 of Menidia menidia","90364",1,"7 Mar 1916 (1916 Mar 07 - 0000 00 00; 06:35 - 07:10)","Fish Hawk",37.0567,-75.9733,44.73
"Population 5 of Menidia menidia","120600",1,"22 Aug 1899 (1899 Aug 22 - 0000 00 00)","Fish Hawk",41.601,-70.6443,76.24
"Population 6 of Menidia menidia","90513",1,"22 Feb 1914 (0000 00 00 - 0000 00 00)","Fish Hawk",38.437681097561,-75.9834317073171,102.77
"Population 6 of Menidia menidia","30380",1,"11 Mar 1882 (1882 Mar 11 - 0000 00 00; 10:45)","Fish Hawk",38.9425666666667,-76.4494,102.77
"Population 6 of Menidia menidia","90363",1,"17 Feb 1914 (1914 Feb 17 - 0000 00 00; 16:35 - 16:50)","Fish Hawk",38.625,-76.42,102.77
"Population 5 of Menidia menidia","120598",1,"2 Sep 1899 (1899 Sep 02 - 0000 00 00)","Fish Hawk",41.5405,-70.6584,76.24
"Population 5 of Menidia menidia","120594",1,"1 Sep 1899 (1899 Sep 01 - 0000 00 00)","Fish Hawk",41.3644,-70.4954,76.24
"Population 5 of Menidia menidia","120597",1,"30 Aug 1899 (1899 Aug 30 - 0000 00 00)","Fish Hawk",41.4019,-70.4875,76.24
"Population 8 of Menidia menidia","59046",1,"1891 (1891 00 00 - 0000 00 00)","Fish Hawk",32.3625,-80.6636,83.5
"Population 5 of Menidia menidia","120595",1,"28 Aug 1899 (1899 Aug 28 - 0000 00 00)","Fish Hawk",41.5644,-70.5233,76.24
"Population 5 of Menidia menidia","325947",1,"20 Apr 1993 (1993 Apr 20 - 0000 00 00; 13:00)","Albatross IV",41.82,-70.48,76.24
"Population 5 of Menidia menidia","325946",1,"20 Apr 1993 (1993 Apr 20 - 0000 00 00; 17:58)","Albatross IV",42.02,-70.23,76.24
"Population 9 of Menidia menidia","70223",1,"6 Jul 1892 (1892 Jul 06 - 0000 00 00)","Grampus",37.273,-76.0214,44.73
"Population 7 of Menidia menidia","69815",1,"6 Jul 1892 (1892 Jul 06 - 0000 00 00)","Grampus",37.2089665876777,-75.0037312796209,0
"Population 1 of Menidia peninsulae","58972",34,"21 Jan 1898 to 25 Jan 1898 (1898 Jan 21 - 1898 Jan 25)","Fish Hawk",27.8621,-82.5441,19.55
"Population 1 of Menidia peninsulae","84039",15,"17 Mar 1885 (1885 Mar 17 - 0000 00 00)","Albatross",27.6883,-82.5725,19.55
"Population 1 of Menidia peninsulae","83843",9,"17 Mar 1885 (1885 Mar 17 - 0000 00 00)","Albatross",27.6883,-82.5725,19.55
"Population 1 of Menidia peninsulae","67676",1,"21 Jan 1898 (1898 Jan 21 - 0000 00 00)","Fish Hawk",27.8621,-82.5441,19.55
"Population 1 of Merluccius albidus","157755",3,"27 Sep 1884","Albatross",40.1167,-69.95,91.25
"Population 1 of Merluccius albidus","31842",2,"4 Oct 1882 (4 Oct 1882; 10:45)","Fish Hawk",39.9,-70.62,91.25
"Population 1 of Merluccius albidus","31863",2,"4 Oct 1882","Fish Hawk",39.9253,-70.65,91.25
"Population 1 of Merluccius albidus","157756",2,"26 Sep 1884","Albatross",40.2583,-70.45,91.25
"Population 1 of Merluccius albidus","45964",2,"7 Aug 1885","Albatross",39.9722,-70.8667,91.25
"Population 1 of Merluccius albidus","26190",1,"2 Oct 1880","Fish Hawk",39.9417,-70.9958,91.25
"Population 1 of Merluccius albidus","31844",1,"","Fish Hawk",39.975,-70.6167,91.25
"Population 1 of Merluccius albidus","31686",1,"18 Aug 1882 (1882 Aug 18 - 0000 00 00)","Fish Hawk",40.0258,-70.5833,91.25
"Population 1 of Merluccius albidus","31677",1,"18 Aug 1882 (1882 Aug 18 - 0000 00 00)","Fish Hawk",39.98,-70.73,91.25
"Population 1 of Merluccius albidus","432768",1,"2 Nov 1966 to 13 Nov 1966","Albatross IV",40.0667,-70.1833,91.25
"Population 1 of Merluccius albidus","432766",1,"2 Nov 1966 to 13 Nov 1966","Albatross IV",40.0667,-70.1833,91.25
"Population 1 of Merluccius albidus","432773",1,"2 Nov 1966 to 13 Nov 1966","Albatross IV",40.0667,-70.1833,91.25
"Population 1 of Merluccius albidus","432767",1,"2 Nov 1966 to 13 Nov 1966","Albatross IV",40.0667,-70.1833,91.25
"Population 1 of Merluccius albidus","44264",1,"7 Aug 1885","Albatross",39.9625,-70.8417,91.25
"Population 1 of Merluccius albidus","432769",1,"2 Nov 1966 to 13 Nov 1966","Albatross IV",40.0667,-70.1833,91.25
"Population 1 of Merluccius albidus","432770",1,"2 Nov 1966 to 13 Nov 1966","Albatross IV",40.0667,-70.1833,91.25
"Population 1 of Merluccius albidus","432771",1,"2 Nov 1966 to 13 Nov 1966","Albatross IV",40.0667,-70.1833,91.25
"Population 1 of Merluccius albidus","432772",1,"2 Nov 1966 to 13 Nov 1966","Albatross IV",40.0667,-70.1833,91.25
"Population 1 of Monacanthus ciliatus","38691",27,"14 Jan 1885 (1885 Jan 14 - 0000 00 00)","Albatross",24.5634,-81.7845,43.63
"Population 2 of Monacanthus ciliatus","119758",14,"30 Jan 1885","Albatross",22.125,-87.1,19.78
"Population 2 of Monacanthus ciliatus","101588",10,"30 Jan 1885","Albatross",22.3,-87.0667,19.78
"Population 1 of Monacanthus ciliatus","72987",8,"13 Feb 1902 (1902 Feb 13; 2:40pm)","Fish Hawk",24.5246,-81.808,43.63
"Population 1 of Monacanthus ciliatus","72988",8,"13 Feb 1902 (1902 Feb 13)","Fish Hawk",24.4979,-81.8281,43.63
"Population 3 of Monacanthus ciliatus","72998",8,"21-Nov-01","Fish Hawk",29.2208,-83.5417,213.89
"Population 3 of Monacanthus ciliatus","72991",7,"7-Nov-01","Fish Hawk",28.9806,-83.9056,213.89
"Population 3 of Monacanthus ciliatus","72996",6,"17-Jan-02","Fish Hawk",28.7083,-83.1625,213.89
"Population 3 of Monacanthus ciliatus","105019",6,"15-Jan-02","Fish Hawk",28.5792,-83.1333,213.89
"Population 3 of Monacanthus ciliatus","105018",4,"15-Jan-02","Fish Hawk",28.5583,-83.3167,213.89
"Population 3 of Monacanthus ciliatus","73204",4,"6-Nov-01","Fish Hawk",29.8028,-83.9208,213.89
"Population 3 of Monacanthus ciliatus","72989",3,"6-Nov-01","Fish Hawk",29.8694,-83.8631,213.89
"Population 3 of Monacanthus ciliatus","73202",3,"17-Jan-02","Fish Hawk",28.6542,-83.3417,213.89
"Population 3 of Monacanthus ciliatus","105017",3,"21 Nov 1901 (1901 Nov 21 - 0000 00 00)","Fish Hawk",29.3,-83.6167,213.89
"Population 3 of Monacanthus ciliatus","119763",3,"24 Jan 1902 (1902 Jan 24 - 0000 00 00; 09:00)","Fish Hawk",28.325,-83.0167,213.89
"Population 3 of Monacanthus ciliatus","119764",3,"7 Nov 1901 (1901 Nov 07; 13:05)","Fish Hawk",29.5333,-83.975,213.89
"Population 1 of Monacanthus ciliatus","129860",2,"22 Dec 1902 (1902 Dec 22)","Fish Hawk",24.8151406504065,-81.8371028455284,43.63
"Population 3 of Monacanthus ciliatus","72997",2,"15 Jan 1902 (15 Jan 1902; 09:55)","Fish Hawk",28.4417,-83.1333,213.89
"Population 3 of Monacanthus ciliatus","119760",2,"28 Nov 1901 (28 Nov 1901; 9:25 am)","Fish Hawk",28.8708,-83.4,213.89
"Population 3 of Monacanthus ciliatus","73000",1,"23-Jan-02","Fish Hawk",29.025,-83.2083,213.89
"Population 3 of Monacanthus ciliatus","72990",1,"15-Jan-02","Fish Hawk",28.5917,-83.0417,213.89
"Population 1 of Monacanthus ciliatus","73205",1,"24-Feb-02","Fish Hawk",24.6736,-81.9361,43.63
"Population 1 of Monacanthus ciliatus","105016",1,"24 Feb 1902 (24 Feb 1902; 08:20)","Fish Hawk",24.6792,-81.8944,43.63
"Population 3 of Monacanthus ciliatus","105015",1,"24-Jan-02","Fish Hawk",28.3375,-83.2042,213.89
"Population 3 of Monacanthus ciliatus","119762",1,"6 Dec 1901 (1901 Dec 6)","Fish Hawk",29.4083,-83.825,213.89
"Population 3 of Monacanthus ciliatus","119765",1,"17 Jan 1902 (1902 Jan 17; 12:00 midnight)","Fish Hawk",28.6,-82.95,213.89
"Population 3 of Monacanthus ciliatus","119761",1,"5 Dec 1901 (1901 Dec 5)","Fish Hawk",29.5667,-84.1222,213.89
"Population 3 of Monacanthus ciliatus","73206",1,"17-Jan-02","Fish Hawk",28.6833,-83.2542,213.89
"Population 3 of Monacanthus ciliatus","73210",1,"21 Nov 1901 (1901 Nov 21 - 0000 00 00)","Fish Hawk",29.3,-83.6167,213.89
"Population 1 of Monacanthus ciliatus","73245",1,"24-Feb-02","Fish Hawk",24.7139,-81.8939,43.63
"Population 3 of Monacanthus ciliatus","73209",1,"6 Nov 1901 (6 Nov 1901; 2:15pm)","Fish Hawk",29.7633,-83.9583,213.89
"Population 3 of Monacanthus ciliatus","73211",1,"28 Nov 1901 (28 Nov 1901; 12:00 pm)","Fish Hawk",28.7958,-83.4667,213.89
"Population 3 of Monacanthus ciliatus","73212",1,"28 Nov 1901 (28 Nov 1901; 11:15 am)","Fish Hawk",28.9,-83.5083,213.89
"Population 3 of Monacanthus ciliatus","73213",1,"20-Nov-01","Fish Hawk",29.325,-83.7667,213.89
"Population 3 of Monacanthus ciliatus","49718",1,"28 Mar 1901 (28 Mar 1901; 10:30 am)","Fish Hawk",28.1669,-82.8445,213.89
"Population 1 of Monacanthus ciliatus","134223",1,"15 Jan 1885","Albatross",24.425,-81.7958,43.63
"Population 1 of Monacanthus ciliatus","38692",1,"14 Jan 1885 (1885 Jan 14 - 0000 00 00)","Albatross",24.5634,-81.7845,43.63
"Population 1 of Monacanthus ciliatus","38694",1,"14 Jan 1885 (1885 Jan 14 - 0000 00 00)","Albatross",24.5634,-81.7845,43.63
"Population 1 of Monacanthus ciliatus","134163",1,"15 Jan 1885","Albatross",24.425,-81.7958,43.63
"Population 1 of Monolene sessilicauda","26121",17,"13 Sep 1880 (1880 Sep 13 - 0000 00 00; 09:40)","Fish Hawk",39.9333,-70.905,61.14
"Population 1 of Monolene sessilicauda","120626",1,"1 Sep 1899 (1 Sep 1899; 08:45)","Fish Hawk",39.975,-70.27,61.14
"Population 1 of Monolene sessilicauda","26099",1,"13 Sep 1880 (1880 Sep 13 - 0000 00 00; 08:45)","Fish Hawk",39.95,-70.9333,61.14
"Population 1 of Monolene sessilicauda","26120",1,"13 Sep 1880 (1880 Sep 13 - 0000 00 00; 09:40)","Fish Hawk",39.9333,-70.905,61.14
"Population 1 of Monolene sessilicauda","45670",1,"9 Aug 1885","Albatross",39.7853,-70.5833,61.14
"Population 1 of Monolene sessilicauda","33575",1,"21 Sep 1883","Albatross",40.0306,-70.9833,61.14
"Population 1 of Mullus auratus","91451",46,"2 May 1915 (May 2, 1915, 19:00-20:00pm)","Fish Hawk",26.8489347048301,-82.4323873881932,23.1
"Population 1 of Mullus auratus","126796",20,"3 Apr 1917 (1917 Apr 03 - 0000 00 00)","Grampus",26.6642,-82.3266,23.1
"Population 1 of Mullus auratus","466260",1,"3 Apr 1917 (1917 Apr 03 - 0000 00 00)","Grampus",26.6642,-82.3266,23.1
"Population 1 of Myctophum affine","92808",60,"23 Oct 1886","Albatross",36.7833,-73.4167,0
"Population 2 of Myctophum affine","92804",21,"16 Sep 1886","Albatross",38.9833,-70.1167,0
"Population 1 of Myoxocephalus octodecemspinosus","329956",9,"27 Apr 1994 (1994 Apr 27 - 0000 00 00; 09:39 - 10:09)","Albatross IV",42.0808,-70.43,63.13
"Population 1 of Myoxocephalus octodecemspinosus","120624",7,"","Fish Hawk",41.9067,-70.3508,63.13
"Population 1 of Myoxocephalus octodecemspinosus","329940",4,"27 Apr 1994 (1994 Apr 27 - 0000 00 00; 04:46 - 05:46 Ca)","Albatross IV",42.4233,-70.125,63.13
"Population 1 of Myoxocephalus octodecemspinosus","325928",1,"21 Apr 1993 (1993 Apr 21 - 0000 00 00; 00:05)","Albatross IV",42.17,-70.37,63.13
"Population 1 of Myoxocephalus octodecemspinosus","325984",1,"20 Apr 1993 (1993 Apr 20 - 0000 00 00; 14:31)","Albatross IV",41.9,-70.42,63.13
"Population 1 of Nezumia bairdii","26193",9,"2 Oct 1880","Fish Hawk",39.7667,-71.0833,138.48
"Population 1 of Nezumia bairdii","26062",6,"13 Sep 1880 (1880 Sep 13 - 0000 00 00; 13:20)","Fish Hawk",39.825,-70.9,138.48
"Population 1 of Nezumia bairdii","33513",6,"21 Sep 1883","Albatross",39.9764,-71.0083,138.48
"Population 1 of Nezumia bairdii","35427",6,"23 Jul 1884","Albatross",39.4972,-71.825,138.48
"Population 1 of Nezumia bairdii","35434",4,"23 Jul 1884","Albatross",39.4833,-71.7667,138.48
"Population 1 of Nezumia bairdii","45778",4,"18 Jul 1886","Albatross",39.7667,-71.3167,138.48
"Population 1 of Nezumia bairdii","92828",4,"11 Aug 1885","Albatross",39.3667,-71.3917,138.48
"Population 1 of Nezumia bairdii","26166",3,"2 Oct 1880","Fish Hawk",40.0383,-70.385,138.48
"Population 1 of Nezumia bairdii","28892",3,"8 Sep 1881 (1881 Sep 08 - 0000 00 00)","Fish Hawk",39.8417,-71.38,138.48
"Population 1 of Nezumia bairdii","45743",3,"9 Aug 1885","Albatross",39.7853,-70.5833,138.48
"Population 1 of Nezumia bairdii","45703",3,"8 Aug 1885","Albatross",39.8917,-70.2917,138.48
"Population 1 of Nezumia bairdii","31643",2,"22 Aug 1882 (22 Aug 1882; 13:45)","Fish Hawk",39.95,-70.62,138.48
"Population 1 of Nezumia bairdii","31855",2,"4 Oct 1882 (4 Oct 1882; 10:45)","Fish Hawk",39.9,-70.62,138.48
"Population 1 of Nezumia bairdii","28909",2,"8 Sep 1881","Fish Hawk",39.82,-71.42,138.48
"Population 1 of Nezumia bairdii","45712",2,"9 Aug 1885","Albatross",39.8083,-70.675,138.48
"Population 1 of Nezumia bairdii","45731",2,"8 Aug 1885","Albatross",39.8917,-70.2917,138.48
"Population 1 of Nezumia bairdii","26187",1,"2 Oct 1880","Fish Hawk",40.0383,-70.385,138.48
"Population 1 of Nezumia bairdii","28913",1,"8 Sep 1881 (1881 Sep 08 - 0000 00 00; 04:50)","Fish Hawk",39.67,-71.5,138.48
"Population 1 of Nezumia bairdii","31646",1,"18 Aug 1882 (1882 Aug 18 - 0000 00 00)","Fish Hawk",39.93,-70.58,138.48
"Population 1 of Nezumia bairdii","31880",1,"4 Oct 1882","Fish Hawk",39.9253,-70.65,138.48
"Population 1 of Nezumia bairdii","26198",1,"","Fish Hawk",39.8833,-70.975,138.48
"Population 1 of Nezumia bairdii","31657",1,"18 Aug 1882 (1882 Aug 18 - 0000 00 00; 14:40)","Fish Hawk",39.97,-70.63,138.48
"Population 1 of Nezumia bairdii","28903",1,"8 Sep 1881 (1881 Sep 08)","Fish Hawk",39.7536,-71.5,138.48
"Population 1 of Nezumia bairdii","28739",1,"16 Jul 1881 (0000 00 00 - 0000 00 00)","Fish Hawk",39.9583,-70.7667,138.48
"Population 1 of Nezumia bairdii","45780",1,"16 Jul 1886","Albatross",39.8333,-70.4333,138.48
"Population 1 of Nezumia bairdii","45708",1,"8 Aug 1885","Albatross",39.9083,-70.3333,138.48
"Population 1 of Nezumia bairdii","134004",1,"18 Jul 1886","Albatross",39.8667,-71.3458,138.48
"Population 1 of Nezumia bairdii","39231",1,"19 Sep 1887","Albatross",39.7,-71.2833,138.48
"Population 1 of Nezumia bairdii","33008",1,"25 May 1883","Albatross",40.0333,-70.45,138.48
"Population 1 of Nezumia bairdii","35598",1,"22 Aug 1884","Albatross",39.7833,-70.5083,138.48
"Population 1 of Nezumia bairdii","35435",1,"23 Jul 1884","Albatross",39.4833,-71.7667,138.48
"Population 1 of Nezumia bairdii","33037",1,"25 May 1883","Albatross",39.9639,-70.5333,138.48
"Population 1 of Nezumia bairdii","33006",1,"25 May 1883","Albatross",39.9639,-70.5333,138.48
"Population 1 of Opisthonema oglinum","73764",16,"19 Jan 1899 (1899 Jan 19 - 0000 00 00)","Fish Hawk",18.2013,-67.1495,37.86
"Population 1 of Opisthonema oglinum","73769",7,"21 Jan 1899 (1899 Jan 21 - 0000 00 00)","Fish Hawk",18.2036,-67.1643,37.86
"Population 1 of Opisthonema oglinum","63059",2,"19 Jan 1899 (1899 Jan 19 - 0000 00 00)","Fish Hawk",18.2013,-67.1495,37.86
"Population 1 of Opisthonema oglinum","73765",1,"28 Jan 1899","Fish Hawk",17.9621,-66.9124,37.86
"Population 1 of Paralepis coregonoides","196079",24,"1 Feb 1914 (1914 Feb 01 - 0000 00 00)","Grampus (Bache)",32.33,-71.48,0
"Population 1 of Paralichthys dentatus","91250",10,"22 Jan 1921 (1921 Jan 22 - 0000 00 00; 11:02 - 11:54)","Fish Hawk",37.0056,-76.2289,78.55
"Population 1 of Paralichthys dentatus","91251",7,"16 Jan 1914 (1914 Jan 16 - 0000 00 00; 13:25 - 13:48)","Fish Hawk",37.25,-76.08,78.55
"Population 1 of Paralichthys dentatus","91264",4,"16 May 1916 (1916 May 16 - 0000 00 00)","Fish Hawk",36.934,-76.101,78.55
"Population 1 of Paralichthys dentatus","91248",3,"23 Jan 1921 (1921 Jan 23 - 0000 00 00; 08:20 - 09:26)","Fish Hawk",37.2451,-76.0412,78.55
"Population 1 of Paralichthys dentatus","54956",3,"28 Jun 1892 (1892 Jun 28 - 0000 00 00)","Grampus",37.0121,-76.2979,78.55
"Population 1 of Paralichthys dentatus","67747",2,"30 Mar 1894 (1894 Mar 30 - 0000 00 00)","Fish Hawk",37.4278,-76.4143,78.55
"Population 1 of Paralichthys dentatus","157630",2,"4 Dec 1920 (1920 Dec 04 - 0000 00 00; 11:55 - 13:00)","Fish Hawk",37.0056,-76.2289,78.55
"Population 1 of Paralichthys dentatus","54952",2,"6 Jul 1892 (1892 Jul 06 - 0000 00 00)","Grampus",37.273,-76.0214,78.55
"Population 1 of Paralichthys dentatus","54940",1,"16 Jul 1892 (1892 Jul 16 - 0000 00 00)","Grampus",37.4097,-76.346,78.55
"Population 1 of Paralichthys dentatus","54955",1,"29 Jun 1892 (1892 Jun 29 - 0000 00 00)","Grampus",36.9579,-76.2941,78.55
"Population 1 of Paralichthys dentatus","54965",1,"18 Jul 1892 (1892 Jul 18 - 0000 00 00)","Grampus",37.62,-76.3085,78.55
"Population 1 of Phycis chesteri","25903",44,"4 Sep 1880","Fish Hawk",40.0510333333333,-70.3860333333333,33.39
"Population 1 of Phycis chesteri","25904",17,"4 Sep 1880 (1880 Sep 04 - 0000 00 00)","Fish Hawk",40,-70,33.39
"Population 1 of Phycis chesteri","441821",1,"4 Sep 1880","Fish Hawk",40.0510333333333,-70.3860333333333,33.39
"Population 1 of Poecilia latipinna","126785",30,"28 Jan 1917 (1917 Jan 28 - 0000 00 00)","Grampus",29.8091,-85.3057,0
"Population 1 of Poecilia vivipara","73831",220,"14 Feb 1899 (1899 Feb 14 - 0000 00 00)","Fish Hawk",18.1848,-65.7094,18.72
"Population 1 of Poecilia vivipara","126130",13,"17 Feb 1899 (1899 Feb 17 - 0000 00 00)","Fish Hawk",18.3367,-65.6334,18.72
"Population 1 of Poecilia vivipara","50154",10,"14 Feb 1899 (1899 Feb 14 - 0000 00 00)","Fish Hawk",18.3367,-65.6334,18.72
"Population 1 of Poecilia vivipara","63048",6,"17 Feb 1899 (1899 Feb 17 - 0000 00 00)","Fish Hawk",18.3367,-65.6334,18.72
"Population 1 of Poecilia vivipara","63066",5,"14 Feb 1899 (1899 Feb 14 - 0000 00 00)","Fish Hawk",18.1848,-65.7094,18.72
"Population 1 of Pseudopleuronectes americanus","91271",12,"20 Jan 1916 (1916 Jan 20 - 0000 00 00; 10:48 - 12:15)","Fish Hawk",38.3333,-76.3067,66
"Population 1 of Pseudopleuronectes americanus","91270",11,"20 Jan 1916 (1916 Jan 20 - 0000 00 00; 07:45 - 09:55)","Fish Hawk",38.2444,-76.2617,66
"Population 1 of Pseudopleuronectes americanus","91269",9,"20 Jan 1916 (1916 Jan 20 - 0000 00 00; 10:48 - 12:15)","Fish Hawk",38.3333,-76.3067,66
"Population 1 of Pseudopleuronectes americanus","91272",6,"27 Jan 1916 (1916 Jan 27 - 0000 00 00; 07:36 - 08:25)","Fish Hawk",38.6717,-76.4183,66
"Population 2 of Pseudopleuronectes americanus","286377",3,"23 Aug 1892 (1892 Aug 23 - 0000 00 00; 11:30)","Fish Hawk",41.4739,-70.7079,29.12
"Population 2 of Pseudopleuronectes americanus","120657",3,"1 Sep 1899 (1899 Sep 01 - 0000 00 00)","Fish Hawk",41.3644,-70.4954,29.12
"Population 2 of Pseudopleuronectes americanus","120655",3,"22 Aug 1899 (1899 Aug 22 - 0000 00 00)","Fish Hawk",41.601,-70.6443,29.12
"Population 2 of Pseudopleuronectes americanus","49622",2,"28 Aug 1899 (1899 Aug 28 - 0000 00 00)","Fish Hawk",41.565,-70.5278,29.12
"Population 1 of Pseudopleuronectes americanus","91268",2,"25 Apr 1916 (1916 Apr 25 - 0000 00 00; 06:50 - 07:25)","Fish Hawk",38.245,-76.26,66
"Population 2 of Pseudopleuronectes americanus","67626",2,"23 Aug 1892 (1892 Aug 23 - 0000 00 00; 12:00)","Fish Hawk",41.4739,-70.7079,29.12
"Population 1 of Pseudopleuronectes americanus","91267",2,"1916 (1916 00 00 - 0000 00 00)","Fish Hawk",38.437681097561,-75.9834317073171,66
"Population 2 of Pseudopleuronectes americanus","120654",2,"28 Aug 1899 (1899 Aug 28 - 0000 00 00)","Fish Hawk",41.5474,-70.5264,29.12
"Population 2 of Pseudopleuronectes americanus","120656",2,"30 Aug 1899 (1899 Aug 30 - 0000 00 00)","Fish Hawk",41.3846,-70.4982,29.12
"Population 2 of Pseudopleuronectes americanus","54864",2,"19 Aug 1892 (1892 Aug 19 - 0000 00 00)","Fish Hawk",41.5327,-70.643,29.12
"Population 1 of Pseudopleuronectes americanus","156098",1,"19 Jan 1914 (1914 Jan 19 - 0000 00 00; 14:38 - 14:52)","Fish Hawk",38.1033,-76.2033,66
"Population 2 of Pseudopleuronectes americanus","54843",1,"9 Aug 1892 (1892 Aug 09 - 0000 00 00)","Fish Hawk",41.524,-70.6777,29.12
"Population 2 of Pseudopleuronectes americanus","49248",1,"Aug 1899 (1899 Aug 00 - 0000 00 00)","Grampus",41.601,-70.6443,29.12
"Population 1 of Sebastes norvegicus","184968",20,"31 Aug 1915 (August 31, 1915)","Grampus",43.13,-67.87,0
"Population 1 of Sparisoma radians","73796",11,"17 Feb 1899 (1899 Feb 17 - 0000 00 00)","Fish Hawk",18.3367,-65.6334,18.72
"Population 1 of Sparisoma radians","126144",11,"13 Feb 1899 (1899 Feb 13 - 0000 00 00)","Fish Hawk",18.1848,-65.7094,18.72
"Population 2 of Sparisoma radians","73794",10,"31 Jan 1899 (1899 Jan 31 - 0000 00 00)","Fish Hawk",18.0088,-66.6196,65.75
"Population 1 of Sparisoma radians","50155",8,"17 Feb 1899 (1899 Feb 17 - 0000 00 00)","Fish Hawk",18.3367,-65.6334,18.72
"Population 2 of Sparisoma radians","63041",5,"19 Jan 1899 (1899 Jan 19 - 0000 00 00)","Fish Hawk",18.2013,-67.1495,65.75
"Population 1 of Sparisoma radians","73797",4,"17 Feb 1899 (1899 Feb 17 - 0000 00 00)","Fish Hawk",18.3367,-65.6334,18.72
"Population 2 of Sparisoma radians","73791",4,"26 Jan 1899","Fish Hawk",18.0259,-67.1693,65.75
"Population 2 of Sparisoma radians","73793",2,"28 Jan 1899","Fish Hawk",17.9621,-66.9124,65.75
"Population 2 of Sparisoma radians","73792",1,"27 Jan 1899","Fish Hawk",18.0759,-67.1889,65.75
"Population 2 of Sparisoma radians","73790",1,"21 Jan 1899 (1899 Jan 21 - 0000 00 00)","Fish Hawk",18.2036,-67.1643,65.75
"Population 2 of Sparisoma radians","73795",1,"8 Feb 1899","Fish Hawk",18.12656,-66.5698360784314,65.75
"Population 1 of Sphoeroides maculatus","120669",7,"22 Aug 1899","Fish Hawk",41.5261,-70.6749,46.57
"Population 1 of Sphoeroides maculatus","54852",6,"2 Aug 1892","Fish Hawk",41.5486,-70.563,46.57
"Population 1 of Sphoeroides maculatus","54853",2,"29 Aug 1892 (1892 Aug 29 - 0000 00 00)","Fish Hawk",41.751,-70.7091,46.57
"Population 1 of Sphoeroides maculatus","120665",1,"4 Sep 1899 (1899 Sep 04 - 0000 00 00)","Fish Hawk",41.3644,-70.4954,46.57
"Population 1 of Sphoeroides maculatus","120668",1,"30 Aug 1899 (1899 Aug 30 - 0000 00 00)","Fish Hawk",41.4045,-70.489,46.57
"Population 1 of Sphoeroides maculatus","120664",1,"22 Aug 1899","Fish Hawk",41.5261,-70.6749,46.57
"Population 1 of Sphoeroides maculatus","54851",1,"10 Aug 1892 (1892 Aug 10 - 0000 00 00)","Fish Hawk",41.5347,-70.6393,46.57
"Population 1 of Sphoeroides maculatus","120666",1,"1 Sep 1899","Fish Hawk",41.3832,-70.508,46.57
"Population 1 of Sphoeroides maculatus","120667",1,"28 Aug 1899 (1899 Aug 28 - 0000 00 00)","Fish Hawk",41.5474,-70.5264,46.57
"Population 1 of Stellifer lanceolatus","142782",750,"10 Jul 1915 (1915 Jul 10 - 0000 00 00)","Fish Hawk",33.2661,-79.2333,0
"Population 1 of Stenotomus caprinus","143825",16,"28-Feb-17","Grampus",29.05,-94.43,24.94
"Population 1 of Stenotomus caprinus","126766",10,"1-Mar-17","Grampus",29.039,-94.174,24.94
"Population 1 of Stenotomus chrysops","54901",10,"","Fish Hawk",41.4703,-70.7024,29.33
"Population 1 of Stenotomus chrysops","31638",5,"18 Aug 1882 (1882 Aug 18 - 0000 00 00; 15:00)","Fish Hawk",41.4739,-70.7079,29.33
"Population 1 of Stenotomus chrysops","54829",2,"1892 (1892 00 00 - 0000 00 00)","Fish Hawk",41.4703,-70.7024,29.33
"Population 1 of Stenotomus chrysops","120673",2,"22 Aug 1899","Fish Hawk",41.601,-70.6443,29.33
"Population 1 of Stenotomus chrysops","70119",1,"3 Sep 1892 (1892 Sep 03 - 0000 00 00)","Fish Hawk",41.5760794871795,-70.5749282051282,29.33
"Population 1 of Stenotomus chrysops","54824",1,"20 Aug 1892","Fish Hawk",41.4703,-70.7024,29.33
"Population 1 of Stenotomus chrysops","120674",1,"28 Aug 1899 (1899 Aug 28 - 0000 00 00)","Fish Hawk",41.5474,-70.5264,29.33
"Population 1 of Stenotomus chrysops","120672",1,"30 Aug 1899 (1899 Aug 30 - 0000 00 00)","Fish Hawk",41.4045,-70.489,29.33
"Population 1 of Stenotomus chrysops","120671",1,"1 Sep 1899 (1899 Sep 01 - 0000 00 00)","Fish Hawk",41.3823,-70.4482,29.33
"Population 1 of Stephanolepis hispida","106253",22,"7-Sep-13","Fish Hawk",34.27,-76.93,14.5
"Population 2 of Stephanolepis hispida","105722",14,"12 Aug 1914 (1914 Aug 12 - 0000 00 00)","Fish Hawk",34.4662203125,-76.4950765625,32.4
"Population 3 of Stephanolepis hispida","120610",13,"1 Sep 1899","Fish Hawk",41.3832,-70.508,5
"Population 2 of Stephanolepis hispida","105720",7,"10 Aug 1914 (1914 Aug 10 - 0000 00 00)","Fish Hawk",34.4662203125,-76.4950765625,32.4
"Population 2 of Stephanolepis hispida","106320",4,"12 Aug 1914 (1914 Aug 12 - 0000 00 00)","Fish Hawk",34.4662203125,-76.4950765625,32.4
"Population 3 of Stephanolepis hispida","120607",4,"1 Sep 1899 (1899 Sep 01 - 0000 00 00)","Fish Hawk",41.3823,-70.4482,5
"Population 2 of Stephanolepis hispida","105712",2,"2-Sep-14","Fish Hawk",34.5983,-76.5411,32.4
"Population 2 of Stephanolepis hispida","105859",2,"23-Sep-05","Fish Hawk",34.7105,-76.6656,32.4
"Population 3 of Stephanolepis hispida","120608",2,"4 Sep 1899 (1899 Sep 04 - 0000 00 00)","Fish Hawk",41.3644,-70.4954,5
"Population 1 of Stephanolepis hispida","106291",2,"7 Sep 1913 or 8 Sep 1913","Fish Hawk",34.23,-77.08,14.5
"Population 2 of Stephanolepis hispida","106318",1,"21-Jun-26","Fish Hawk",34.7175,-76.6734,32.4
"Population 2 of Stephanolepis hispida","106319",1,"12-Aug-14","Fish Hawk",34.4662203125,-76.4950765625,32.4
"Population 3 of Stephanolepis hispida","120609",1,"30 Aug 1899 (1899 Aug 30 - 0000 00 00)","Fish Hawk",41.4045,-70.489,5
"Population 1 of Strongylura marina","69820",17,"6 Jul 1892 (1892 Jul 06 - 0000 00 00)","Grampus",38.437681097561,-75.9834317073171,0
"Population 1 of Strongylura marina","291467",5,"6 Jul 1892 (1892 Jul 06 - 0000 00 00)","Grampus",38.437681097561,-75.9834317073171,0
"Population 1 of Strongylura marina","125475",5,"6 Jul 1892 (1892 Jul 06 - 0000 00 00)","Grampus",38.437681097561,-75.9834317073171,0
"Population 1 of Syacium papillosum","236125",27,"16 Mar 1917 (1917 Mar 16 - 0000 00 00)","Grampus",29.2024,-94.9146,28.17
"Population 2 of Syacium papillosum","156227",21,"5 Mar 1917 (1917 Mar 05 - 0000 00 00)","Grampus",28.618980952381,-90.8782095238095,0
"Population 2 of Syacium papillosum","156345",12,"9 Mar 1917 (1917 Mar 09 - 0000 00 00)","Grampus",28.618980952381,-90.8782095238095,0
"Population 1 of Syacium papillosum","126500",11,"26 Feb 1917 to 27 Feb 1917 (1917 Feb 26 - 1917 Feb 27)","Grampus",29.0569428571429,-94.6774857142857,28.17
"Population 1 of Syngnathus fuscus","72319",59,"7 Jul 1892","Grampus",37.6236,-76.3061,147.89
"Population 2 of Syngnathus fuscus","132737",54,"1 Oct 1915 (1915 Oct 01 - 0000 00 00)","Grampus",42.062,-70.1542,0
"Population 3 of Syngnathus fuscus","30403",14,"6 Mar 1882","Fish Hawk",37.2435,-76.0209,55.78
"Population 3 of Syngnathus fuscus","72317",9,"2 Mar 1894","Fish Hawk",37.2814,-76.0144,55.78
"Population 3 of Syngnathus fuscus","72318",6,"7 Jul 1892 (1892 Jul 07 - 0000 00 00)","Grampus",37.0096,-76.318,55.78
"Population 1 of Syngnathus fuscus","389223",1,"20-Oct-20","Fish Hawk",37.5968,-76.2359,147.89
"Population 3 of Syngnathus fuscus","90086",1,"6 Mar 1916 (1916 Mar 06 - 0000 00 00; 12:25 - 13:55)","Fish Hawk",37.01,-76.2222,55.78
"Population 3 of Syngnathus fuscus","132725",1,"4 Dec 1920 (1920 Dec 04 - 0000 00 00; 17:38 - 18:24)","Fish Hawk",36.9865,-76.1999,55.78
"Population 1 of Syngnathus fuscus","132730",1,"23 Mar 1914 (0000 00 00 - 0000 00 00)","Fish Hawk",38.437681097561,-75.9834317073171,147.89
"Population 3 of Syngnathus fuscus","107756",1,"25-Jun-16","Fish Hawk",37.0111,-76.2533,55.78
"Population 3 of Syngnathus fuscus","91344",1,"12 Sep 1916 (1916 Sep 12 - 0000 00 00; 07:15 - 08:05)","Fish Hawk",37.0592,-75.9783,55.78
"Population 1 of Syngnathus fuscus","77922",1,"9 Dec 1915 (1915 Dec 09 - 0000 00 00; 11:12 - 12:05)","Fish Hawk",38.6717,-76.4183,147.89
"Population 1 of Syngnathus fuscus","77923",1,"6 Dec 1915 (1915 Dec 06 - 0000 00 00)","Fish Hawk",38.12,-76.225,147.89
"Population 1 of Syngnathus fuscus","77925",1,"7 Dec 1915 to 8 Dec 1915 (1915 Dec 08 - 0000 00 00)","Fish Hawk",38.3367,-76.2983,147.89
"Population 1 of Syngnathus fuscus","77926",1,"10-Dec-15","Fish Hawk",38.92,-76.3867,147.89
"Population 3 of Syngnathus fuscus","30402",1,"6 Mar 1882","Fish Hawk",37.214,-76.0152,55.78
"Population 1 of Syngnathus fuscus","399916",1,"","Fish Hawk",37.8233333333333,-76.2619333333333,147.89
"Population 3 of Syngnathus fuscus","100429",1,"17-Nov-16","Grampus",36.98,-75.6917,55.78
"Population 3 of Syngnathus fuscus","54967",1,"6 Jul 1892 (1892 Jul 06 - 0000 00 00)","Grampus",37.273,-76.0214,55.78
"Population 1 of Tautogolabrus adspersus","100299",30,"1892 (1892 00 00 - 0000 00 00)","Fish Hawk",41.4703,-70.7024,29.33
"Population 1 of Tautogolabrus adspersus","70130",17,"3 Sep 1892 (1892 Sep 03 - 0000 00 00)","Fish Hawk",41.5760794871795,-70.5749282051282,29.33
"Population 1 of Tautogolabrus adspersus","67625",11,"20 Aug 1892 (1892 Aug 20 - 0000 00 00)","Fish Hawk",41.4703,-70.7024,29.33
"Population 1 of Tautogolabrus adspersus","54825",4,"1892 (1892 00 00 - 0000 00 00)","Fish Hawk",41.4703,-70.7024,29.33
"Population 1 of Tautogolabrus adspersus","125000",4,"18 Aug 1892 (1892 Aug 18 - 0000 00 00)","Grampus",41.5261,-70.6749,29.33
"Population 1 of Tautogolabrus adspersus","54856",2,"10 Aug 1892 (1892 Aug 10 - 0000 00 00)","Fish Hawk",41.5347,-70.6393,29.33
"Population 1 of Tautogolabrus adspersus","54826",2,"1892 (1892 00 00 - 0000 00 00)","Fish Hawk",41.5227,-70.6766,29.33
"Population 1 of Tautogolabrus adspersus","54827",2,"20 Aug 1892 (1892 Aug 20 - 0000 00 00)","Fish Hawk",41.4703,-70.7024,29.33
"Population 1 of Tautogolabrus adspersus","54828",2,"23 Aug 1892 (1892 00 00 - 0000 00 00)","Fish Hawk",41.4703,-70.7024,29.33
"Population 1 of Tautogolabrus adspersus","120694",2,"22 Aug 1899 (1899 Aug 22 - 0000 00 00)","Fish Hawk",41.601,-70.6443,29.33
"Population 1 of Tautogolabrus adspersus","120693",2,"1 Sep 1899 (1899 Sep 01 - 0000 00 00)","Fish Hawk",41.3644,-70.4954,29.33
"Population 1 of Tautogolabrus adspersus","120678",1,"1 Sep 1899 (1899 Sep 01 - 0000 00 00)","Fish Hawk",41.3644,-70.4954,29.33
"Population 1 of Tautogolabrus adspersus","120679",1,"4 Sep 1899 (1899 Sep 04 - 0000 00 00)","Fish Hawk",41.3644,-70.4954,29.33
"Population 1 of Tautogolabrus adspersus","120692",1,"1 Sep 1899 (1899 Sep 01 - 0000 00 00)","Fish Hawk",41.3823,-70.4482,29.33
"Population 1 of Tautogolabrus adspersus","120695",1,"30 Aug 1899 (1899 Aug 30 - 0000 00 00)","Fish Hawk",41.4019,-70.4875,29.33
"Population 1 of Tautogolabrus adspersus","120696",1,"30 Aug 1899 (1899 Aug 30 - 0000 00 00)","Fish Hawk",41.4019,-70.4875,29.33
"Population 1 of Tautogolabrus adspersus","120697",1,"28 Aug 1899 (1899 Aug 28 - 0000 00 00)","Fish Hawk",41.5474,-70.5264,29.33
"Population 1 of Tautogolabrus adspersus","49629",1,"28 Aug 1899 (1899 Aug 28 - 0000 00 00)","Fish Hawk",41.5474,-70.5264,29.33
"Population 1 of Trinectes maculatus","156015",12,"8 Dec 1920 (1920 Dec 08 - 0000 00 00; 12:03 - 12:24)","Fish Hawk",38.437681097561,-75.9834317073171,0
"Population 1 of Trinectes maculatus","156458",5,"6 Dec 1920 (1920 Dec 06 - 0000 00 00)","Fish Hawk",38.437681097561,-75.9834317073171,0
"Population 1 of Trinectes maculatus","286794",4,"4 Jul 1920 (1920 Jul 04 - 0000 00 00; 16:00 - 16:47)","Fish Hawk",38.437681097561,-75.9834317073171,0
