"Populations.by.species","Catalog.Number...USNM","Specimen.Count","Date.Collected","Vessel","Centroid.Latitude","Centroid.Longitude"
"Population 1 of Acanthurus bahianus",73824,3,"30 Jan 1899","Fish Hawk",18.0088,-66.6196
"Population 1 of Acanthurus bahianus",73821,24,"18 Jan 1899","Fish Hawk",18.4281,-67.1561
"Population 1 of Acanthurus bahianus",50196,5,"18 Jan 1899","Fish Hawk",18.4281,-67.1561
"Population 1 of Acanthurus bahianus",63064,2,"18 Jan 1899","Fish Hawk",18.4281,-67.1561
"Population 1 of Ahlia egmontis",91408,24,"25 Nov 1919 (1919 Nov 25 - 0000 00 00)","Albatross",24.3833,-83.2833
"Population 1 of Alosa aestivalis",433102,1,"11-Sep-06","Albatross IV",36.5506,-75.7557
"Population 1 of Alosa aestivalis",433102,1,"11-Sep-06","Albatross IV",36.5506,-75.7557
"Population 1 of Alosa aestivalis",433102,1,"11-Sep-06","Albatross IV",36.5506,-75.7557
"Population 1 of Alosa aestivalis",433102,1,"11-Sep-06","Albatross IV",36.5506,-75.7557
"Population 1 of Alosa aestivalis",433343,1,"11-Sep-06","Albatross IV",36.5967,-75.7183
"Population 1 of Alosa aestivalis",433343,1,"11-Sep-06","Albatross IV",36.5967,-75.7183
"Population 1 of Alosa aestivalis",90139,3,"22-Jan-21","Fish Hawk",36.9865,-76.1999
"Population 1 of Alosa aestivalis",90136,7,"22 Jan 1921 (1921 Jan 22 - 0000 00 00; 11:02 - 11:54)","Fish Hawk",37.0056,-76.2289
"Population 1 of Alosa aestivalis",90201,50,"6 Mar 1916 (1916 Mar 06 - 0000 00 00; 12:25 - 13:55)","Fish Hawk",37.01,-76.2222
"Population 1 of Alosa aestivalis",90213,9,"21-Feb-14","Fish Hawk",37.0949,-75.9225
"Population 1 of Alosa aestivalis",90209,3,"6-Jan-14","Fish Hawk",37.2433,-76.0967
"Population 1 of Alosa aestivalis",90141,13,"23 Jan 1921 (1921 Jan 23 - 0000 00 00; 08:20 - 09:26)","Fish Hawk",37.2451,-76.0412
"Population 1 of Alosa aestivalis",90205,3,"7-Mar-16","Fish Hawk",37.2508,-76.0794
"Population 1 of Alosa aestivalis",90166,11,"21-Feb-14","Fish Hawk",37.4518,-76.1549
"Population 1 of Alosa aestivalis",90135,100,"19-Jan-14","Fish Hawk",37.835,-76.1694
"Population 1 of Alosa aestivalis",90142,100,"19-Jan-14","Fish Hawk",37.835,-76.1694
"Population 1 of Alosa aestivalis",90218,50,"19-Jan-14","Fish Hawk",37.835,-76.1694
"Population 1 of Alosa aestivalis",155973,25,"9-Mar-16","Fish Hawk",37.86,-76.1625
"Population 1 of Alosa aestivalis",90182,13,"10 Mar 1916 (1916 Mar 10 - 0000 00 00; 07:30 - 09:00)","Fish Hawk",38.0217,-76.365
"Population 1 of Alosa aestivalis",90186,2,"10 Mar 1916 (1916 Mar 10 - 0000 00 00; 11:37 - 13:06)","Fish Hawk",38.1167,-76.2233
"Population 1 of Alosa aestivalis",90200,40,"19 Jan 1916 (1916 Jan 19 - 0000 00 00; 16:21 - 17:30)","Fish Hawk",38.125,-76.2333
"Population 1 of Alosa aestivalis",90134,25,"19 Feb 1914 (0000 00 00 - 0000 00 00)","Fish Hawk",38.2142,-76.0506
"Population 1 of Alosa aestivalis",90206,11,"20 Jan 1914 (1914 Jan 20 - 0000 00 00)","Fish Hawk",38.245,-76.2583
"Population 1 of Alosa aestivalis",90222,25,"20 Jan 1916 (1916 Jan 20 - 0000 00 00; 10:48 - 12:15)","Fish Hawk",38.3333,-76.3067
"Population 1 of Alosa aestivalis",90185,2,"26 Jan 1921 (1921 Jan 26 - 0000 00 00; 13:28 - 14:22)","Fish Hawk",38.3358,-76.2703
"Population 1 of Alosa aestivalis",90194,6,"11 Mar 1916 (1916 Mar 11 - 0000 00 00; 17:18)","Fish Hawk",38.3361,-76.2983
"Population 1 of Alosa aestivalis",90210,3,"20 Jan 1914 (1914 Jan 20 - 0000 00 00)","Fish Hawk",38.3383,-76.3
"Population 1 of Alosa aestivalis",90204,34,"20-Jan-14","Fish Hawk",38.37,-76.3383
"Population 1 of Alosa aestivalis",90161,25,"20 Jan 1914 (0000 00 00 - 0000 00 00)","Fish Hawk",38.3767,-76.3867
"Population 1 of Alosa aestivalis",90207,9,"18-Feb-14","Fish Hawk",38.4083,-76.3417
"Population 1 of Alosa aestivalis",90223,81,"12-Mar-16","Fish Hawk",38.465,-76.3986
"Population 1 of Alosa aestivalis",90160,2,"21-Jan-14","Fish Hawk",38.6083,-76.42
"Population 1 of Alosa aestivalis",90150,7,"21 Mar 1914 (0000 00 00 - 0000 00 00)","Fish Hawk",38.6186,-76.3639
"Population 1 of Alosa aestivalis",90203,84,"21-Mar-14","Fish Hawk",38.7897,-76.4325
"Population 1 of Alosa aestivalis",90202,100,"12 Mar 1916 (1916 Mar 12 - 0000 00 00; 08:10 - 10:30)","Fish Hawk",38.8394,-76.3983
"Population 1 of Alosa aestivalis",90144,24,"12-Mar-16","Fish Hawk",38.8394,-76.3983
"Population 1 of Alosa aestivalis",90153,7,"17-Feb-14","Fish Hawk",38.8717,-76.3944
"Population 1 of Alosa aestivalis",30393,13,"1882 (1882 00 00 - 0000 00 00)","Fish Hawk",38.8988,-76.4357
"Population 1 of Alosa aestivalis",90192,100,"12 Mar 1916 (1916 Mar 12 - 0000 00 00; 06:40 - 07:00)","Fish Hawk",38.9217,-76.39
"Population 1 of Alosa aestivalis",90151,22,"21-Mar-14","Fish Hawk",39.3873,-76.174
"Population 2 of Alosa aestivalis",67635,2,"9 Jun 1896 (1896 Jun 09 - 0000 00 00)","Grampus",42.03,-70.0939
"Population 2 of Alosa aestivalis",329861,2,"20 Apr 1994 (1994 Apr 20 - 0000 00 00; 01:55 - 02:55)","Albatross IV",42.6533,-69.6133
"Population 2 of Alosa aestivalis",67721,50,"4 May 1894","Fish Hawk",42.4701252631579,-68.8808905263158
"Population 1 of Alosa aestivalis",90214,50,"19-Mar-14","Fish Hawk",38.8153,-76.3859928571429
"Population 1 of Alosa aestivalis",90143,50,"18 Feb 1914 (1914 Feb 18 - 0000 00 00; 15:42 - 16:00)","Fish Hawk",38.33518,-76.28761
"Population 1 of Alosa aestivalis",90217,50,"23-Mar-14","Fish Hawk",38.2103576388889,-76.2805847222222
"Population 1 of Alosa aestivalis",90221,50,"18 Feb 1914 (1914 Feb 18 - 0000 00 00; 15:42 - 16:00)","Fish Hawk",38.33518,-76.28761
"Population 1 of Alosa aestivalis",90155,43,"22-Mar-14","Fish Hawk",38.35,-76.3583
"Population 1 of Alosa aestivalis",90216,30,"23 Mar 1914 (0000 00 00 - 0000 00 00)","Fish Hawk",37.7351363636364,-76.1415227272727
"Population 1 of Alosa aestivalis",90163,25,"19-Feb-14","Fish Hawk",38.35,-76.3583
"Population 3 of Alosa aestivalis",90212,21,"18-Feb-14","Fish Hawk",33.9254811929087,-75.1890417447926
"Population 1 of Alosa aestivalis",90149,20,"19-Feb-14","Fish Hawk",38.1265722222222,-76.2339555555556
"Population 1 of Alosa aestivalis",90147,10,"22 Mar 1914 (1914 Mar 22 - 0000 00 00; 16:00 - 16:12)","Fish Hawk",38.1265722222222,-76.2339555555556
"Population 1 of Alosa aestivalis",30349,10,"11 Mar 1882 (1882 Mar 11 - 0000 00 00; 11:22)","Fish Hawk",38.9048571428571,-76.4217
"Population 1 of Alosa aestivalis",90215,9,"21-Mar-14","Fish Hawk",38.65302,-76.41898
"Population 1 of Alosa aestivalis",30362,9,"11 Mar 1882 (1882 Mar 11 - 0000 00 00)","Fish Hawk",38.9048571428571,-76.4217
"Population 1 of Alosa aestivalis",90165,7,"15-Jan-14","Fish Hawk",37.0083352941176,-76.2336058823529
"Population 1 of Alosa aestivalis",90211,5,"21 Feb 1914 (1914 Feb 21 - 0000 00 00)","Fish Hawk",37.7351363636364,-76.1415227272727
"Population 1 of Alosa aestivalis",30387,5,"28 Feb 1882 (1882 Feb 28 - 0000 00 00; 12:30)","Fish Hawk",38.33518,-76.28761
"Population 1 of Alosa aestivalis",90146,4,"22-Mar-14","Fish Hawk",38.4028444444444,-76.3622888888889
"Population 1 of Alosa aestivalis",90219,4,"18 Feb 1914 (1914 Feb 18 - 0000 00 00; 15:42 - 16:00)","Fish Hawk",38.33518,-76.28761
"Population 1 of Alosa aestivalis",129762,3,"26 Jan 1921 (1921 Jan 26 - 0000 00 00)","Fish Hawk",38.1265722222222,-76.2339555555556
"Population 1 of Alosa aestivalis",90170,2,"22-Feb-14","Fish Hawk",37.874,-76.16376
"Population 1 of Alosa aestivalis",90191,2,"18-Jan-14","Fish Hawk",37.9341,-76.0251
"Population 1 of Alosa pseudoharengus",90098,15,"22-Jan-21","Fish Hawk",36.9865,-76.1999
"Population 1 of Alosa pseudoharengus",90107,2,"22-Jan-21","Fish Hawk",36.9865,-76.1999
"Population 1 of Alosa pseudoharengus",90440,6,"22 Jan 1921 (1921 Jan 22 - 0000 00 00; 11:02 - 11:54)","Fish Hawk",37.0056,-76.2289
"Population 1 of Alosa pseudoharengus",90089,3,"","Fish Hawk",37.0097,-76.2544
"Population 1 of Alosa pseudoharengus",90114,15,"6 Mar 1916 (1916 Mar 06 - 0000 00 00; 12:25 - 13:55)","Fish Hawk",37.01,-76.2222
"Population 1 of Alosa pseudoharengus",90108,8,"23 Jan 1921 (1921 Jan 23 - 0000 00 00; 08:20 - 09:26)","Fish Hawk",37.2451,-76.0412
"Population 1 of Alosa pseudoharengus",90081,9,"7-Mar-16","Fish Hawk",37.2508,-76.0794
"Population 1 of Alosa pseudoharengus",433140,1,"12-Sep-06","Albatross IV",37.605,-75.565
"Population 1 of Alosa pseudoharengus",433140,1,"12-Sep-06","Albatross IV",37.605,-75.565
"Population 1 of Alosa pseudoharengus",433108,1,"12-Sep-06","Albatross IV",37.605,-75.565
"Population 1 of Alosa pseudoharengus",90044,68,"19-Jan-14","Fish Hawk",37.835,-76.1694
"Population 1 of Alosa pseudoharengus",90074,25,"19-Jan-14","Fish Hawk",37.835,-76.1694
"Population 1 of Alosa pseudoharengus",90125,25,"19 Jan 1916 (1916 Jan 19 - 0000 00 00; 06:58 - 09:04)","Fish Hawk",37.8689,-76.17
"Population 1 of Alosa pseudoharengus",90105,8,"","Fish Hawk",37.8902,-76.2351
"Population 1 of Alosa pseudoharengus",90065,19,"19 Jan 1916 (1916 Jan 19 - 0000 00 00; 16:21 - 17:30)","Fish Hawk",38.125,-76.2333
"Population 1 of Alosa pseudoharengus",90122,18,"","Fish Hawk",38.128,-76.29
"Population 1 of Alosa pseudoharengus",90121,20,"19 Feb 1914 (0000 00 00 - 0000 00 00)","Fish Hawk",38.2142,-76.0506
"Population 1 of Alosa pseudoharengus",90111,2,"20 Jan 1916 (1916 Jan 20 - 0000 00 00; 07:45 - 09:55)","Fish Hawk",38.2444,-76.2617
"Population 1 of Alosa pseudoharengus",90079,14,"","Fish Hawk",38.245,-76.2583
"Population 1 of Alosa pseudoharengus",90046,49,"10 Mar 1916 (1916 Mar 10 - 0000 00 00; 15:30 - 16:30)","Fish Hawk",38.2514,-76.2567
"Population 1 of Alosa pseudoharengus",90054,37,"","Fish Hawk",38.2791,-76.1957
"Population 1 of Alosa pseudoharengus",90073,8,"","Fish Hawk",38.2791,-76.1957
"Population 1 of Alosa pseudoharengus",90060,7,"","Fish Hawk",38.2791,-76.1957
"Population 1 of Alosa pseudoharengus",90059,6,"","Fish Hawk",38.2791,-76.1957
"Population 1 of Alosa pseudoharengus",90112,23,"20 Jan 1916 (1916 Jan 20 - 0000 00 00; 10:48 - 12:15)","Fish Hawk",38.3333,-76.3067
"Population 1 of Alosa pseudoharengus",90043,18,"26 Jan 1921 (1921 Jan 26 - 0000 00 00; 13:28 - 14:22)","Fish Hawk",38.3358,-76.2703
"Population 1 of Alosa pseudoharengus",90113,3,"26 Jan 1921 (1921 Jan 26 - 0000 00 00; 13:28 - 14:22)","Fish Hawk",38.3358,-76.2703
"Population 1 of Alosa pseudoharengus",90080,10,"20 Jan 1914 (1914 Jan 20 - 0000 00 00)","Fish Hawk",38.3383,-76.3
"Population 1 of Alosa pseudoharengus",90123,3,"24-May-16","Fish Hawk",38.34,-76.3039
"Population 1 of Alosa pseudoharengus",90106,3,"","Fish Hawk",38.3639,-76.2644
"Population 1 of Alosa pseudoharengus",90066,13,"","Fish Hawk",38.3667,-76.3383
"Population 1 of Alosa pseudoharengus",90117,12,"","Fish Hawk",38.3667,-76.3217
"Population 1 of Alosa pseudoharengus",90076,28,"20 Jan 1914 (0000 00 00 - 0000 00 00)","Fish Hawk",38.3767,-76.3867
"Population 1 of Alosa pseudoharengus",90053,16,"18-Feb-14","Fish Hawk",38.4083,-76.3417
"Population 1 of Alosa pseudoharengus",90115,20,"12-Mar-16","Fish Hawk",38.465,-76.3986
"Population 1 of Alosa pseudoharengus",90057,26,"21 Mar 1914 (0000 00 00 - 0000 00 00)","Fish Hawk",38.6186,-76.3639
"Population 1 of Alosa pseudoharengus",90110,5,"","Fish Hawk",38.6678,-76.4217
"Population 1 of Alosa pseudoharengus",90109,4,"27 Jan 1916 (1916 Jan 27 - 0000 00 00; 07:36 - 08:25)","Fish Hawk",38.6717,-76.4183
"Population 1 of Alosa pseudoharengus",90061,16,"21 Mar 1914 (March 21, 1914)","Fish Hawk",38.6977,-76.3446
"Population 1 of Alosa pseudoharengus",90075,23,"","Fish Hawk",38.8394,-76.3983
"Population 1 of Alosa pseudoharengus",90077,27,"26 Jan 1921 (1921 Jan 26 - 0000 00 00)","Fish Hawk",38.8482,-76.3761
"Population 1 of Alosa pseudoharengus",129778,10,"26 Jan 1921 (1921 Jan 26 - 0000 00 00)","Fish Hawk",38.8482,-76.3761
"Population 1 of Alosa pseudoharengus",90131,4,"17-Feb-14","Fish Hawk",38.8717,-76.3944
"Population 1 of Alosa pseudoharengus",90051,74,"12 Mar 1916 (1916 Mar 12 - 0000 00 00; 06:40 - 07:00)","Fish Hawk",38.9217,-76.39
"Population 1 of Alosa pseudoharengus",90052,54,"12 Mar 1916 (1916 Mar 12 - 0000 00 00; 06:40 - 07:00)","Fish Hawk",38.9217,-76.39
"Population 1 of Alosa pseudoharengus",90124,25,"12 Mar 1916 (1916 Mar 12 - 0000 00 00; 06:40 - 07:00)","Fish Hawk",38.9217,-76.39
"Population 1 of Alosa pseudoharengus",90068,23,"","Fish Hawk",38.9772,-76.4864
"Population 1 of Alosa pseudoharengus",90132,7,"21-Mar-14","Fish Hawk",39.3873,-76.174
"Population 2 of Alosa pseudoharengus",129792,100,"22-Aug-15","Grampus",43.6559,-70.1131
"Population 2 of Alosa pseudoharengus",129793,25,"22-Aug-15","Grampus",43.6559,-70.1131
"Population 2 of Alosa pseudoharengus",129796,100,"21-Jul-15","Grampus",43.8703,-69.6472
"Population 1 of Alosa pseudoharengus",90078,39,"21-Mar-14","Fish Hawk",38.7897,-76.4325
"Population 1 of Alosa pseudoharengus",90056,37,"","Fish Hawk",38.35,-76.3583
"Population 1 of Alosa pseudoharengus",90119,36,"21-Mar-14","Fish Hawk",38.65302,-76.41898
"Population 1 of Alosa pseudoharengus",90092,31,"22-Feb-14","Fish Hawk",37.874,-76.16376
"Population 1 of Alosa pseudoharengus",90058,28,"23 Mar 1914 (0000 00 00 - 0000 00 00)","Fish Hawk",37.7351363636364,-76.1415227272727
"Population 1 of Alosa pseudoharengus",90093,27,"22-Feb-14","Fish Hawk",37.874,-76.16376
"Population 1 of Alosa pseudoharengus",67882,25,"24 Mar 1894","Fish Hawk",37.0414052631579,-76.1707421052632
"Population 1 of Alosa pseudoharengus",90045,18,"","Fish Hawk",38.35,-76.3583
"Population 1 of Alosa pseudoharengus",90049,17,"","Fish Hawk",38.35,-76.3583
"Population 1 of Alosa pseudoharengus",90116,17,"","Fish Hawk",38.35,-76.3583
"Population 1 of Alosa pseudoharengus",90055,7,"22 Mar 1914 (1914 Mar 22 - 0000 00 00; 16:00 - 16:12)","Fish Hawk",38.1265722222222,-76.2339555555556
"Population 1 of Alosa pseudoharengus",129795,6,"26 Jan 1921 (1921 Jan 26 - 0000 00 00)","Fish Hawk",38.1265722222222,-76.2339555555556
"Population 1 of Alosa pseudoharengus",90539,5,"23-Mar-14","Fish Hawk",38.2103576388889,-76.2805847222222
"Population 1 of Alosa pseudoharengus",90088,2,"22 Feb 1914 (0000 00 00 - 0000 00 00)","Fish Hawk",38.3720046858255,-76.1672221468374
"Population 1 of Alosa pseudoharengus",342313,2,"28 Feb 1882 (1882 Feb 28 - 0000 00 00; 12:30)","Fish Hawk",38.33518,-76.28761
"Population 1 of Alosa sapidissima",433117,1,"11-Sep-06","Albatross IV",36.5506,-75.7557
"Population 1 of Alosa sapidissima",433163,1,"11-Sep-06","Albatross IV",36.5506,-75.7557
"Population 1 of Alosa sapidissima",433101,1,"11-Sep-06","Albatross IV",36.5506,-75.7557
"Population 1 of Alosa sapidissima",69740,8,"31 Mar 1894","Fish Hawk",37.0414052631579,-76.1707421052632
"Population 1 of Alosa sapidissima",129747,8,"6-Mar-16","Fish Hawk",37.0083333333333,-76.2457666666667
"Population 1 of Alosa sapidissima",69738,6,"16 Mar 1894","Fish Hawk",37.0136181818182,-76.2978545454545
"Population 1 of Alosa sapidissima",67689,5,"24 Mar 1894","Fish Hawk",37.0414052631579,-76.1707421052632
"Population 1 of Alosa sapidissima",69739,4,"31 Mar 1894","Fish Hawk",37.0414052631579,-76.1707421052632
"Population 1 of Ammodytes dubius",302238,24,"18 Sep 1988 (1988 Sep 18 - 0000 00 00)","Albatross IV",36.775,-75.383
"Population 1 of Ammodytes dubius",302359,15,"18 Sep 1988 (1988 Sep 18 - 0000 00 00)","Albatross IV",36.82,-75.3
"Population 1 of Ammodytes dubius",302236,2,"18 Sep 1988 (1988 Sep 18 - 0000 00 00)","Albatross IV",37.083,-75.3
"Population 2 of Ammodytes dubius",302239,22,"13 Sep 1988 (1988 Sep 13 - 0000 00 00)","Albatross IV",38.792,-73.233
"Population 2 of Ammodytes dubius",302233,25,"22 Sep 1988 (1988 Sep 22 - 0000 00 00)","Albatross IV",38.8,-74.142
"Population 2 of Ammodytes dubius",302937,8,"22 Sep 1988 (1988 Sep 22 - 0000 00 00)","Albatross IV",39.15,-74.317
"Population 2 of Ammodytes dubius",302235,20,"23 Sep 1988 (1988 Sep 23 - 0000 00 00)","Albatross IV",39.392,-73.708
"Population 2 of Ammodytes dubius",302232,19,"23 Sep 1988 (1988 Sep 23 - 0000 00 00)","Albatross IV",39.408,-73.458
"Population 3 of Ammodytes dubius",67636,85,"9 Jun 1896 (1896 Jun 09 - 0000 00 00)","Grampus",42.03,-70.0939
"Population 3 of Ammodytes dubius",126459,5,"9 Jun 1896 (1896 Jun 09 - 0000 00 00)","Grampus",42.03,-70.0939
"Population 1 of Anchoa cayorum",83804,51,"17 Mar 1885 (1885 Mar 17 - 0000 00 00)","Albatross",27.6883,-82.5725
"Population 2 of Anchoa cayorum",54963,41,"Jul 1892 (1892 Jul 00 - 0000 00 00)","Grampus",36.9536,-76.3593
"Population 2 of Anchoa cayorum",69727,10,"29 Jun 1892 (1892 Jun 29 - 0000 00 00)","Grampus",36.9579,-76.2941
"Population 2 of Anchoa cayorum",54979,10,"7 Jul 1892 (1892 Jul 07 - 0000 00 00)","Grampus",37.0096,-76.318
"Population 2 of Anchoa cayorum",54968,35,"28 Jun 1892 (1892 Jun 28 - 0000 00 00)","Grampus",37.0149,-76.2984
"Population 2 of Anchoa cayorum",54942,2,"","Fish Hawk",37.4102,-76.3453
"Population 2 of Anchoa cayorum",69728,3,"18 Jul 1892 (1892 Jul 18 - 0000 00 00)","Grampus",37.62,-76.3085
"Population 3 of Anchoa cayorum",37053,24,"24 Jan 1885 (1885 Jan 24 - 0000 00 00)","Albatross",21.81032,-86.5278857142857
"Population 3 of Anchoa cayorum",37105,23,"27 Jan 1885 (0000 00 00 - 0000 00 00)","Albatross",21.6,-86.1542
"Population 2 of Anchoa cayorum",69817,6,"7 Jul 1892 (1892 Jul 07 - 0000 00 00)","Grampus",37.6505007751938,-75.6415705426357
"Population 1 of Anchoa colonensis",134058,100,"1 Mar 1884 to 11 Mar 1884 (1884 Mar 01 - 1884 Mar 11)","Albatross",17.6028,-76.7681
"Population 1 of Anchoa colonensis",131288,56,"1 Mar 1884 to 11 Mar 1884 (1884 Mar 01 - 1884 Mar 11)","Albatross",17.6028,-76.7681
"Population 2 of Anchoa colonensis",83803,53,"16 Mar 1884 to 22 Mar 1884 (1884 Mar 16 - 1884 Mar 22)","Albatross",9.50973333333333,-76.3972333333333
"Population 1 of Anchoa hepsetus",105340,30,"18-Aug-14","Fish Hawk",34.5957,-77.2323
"Population 1 of Anchoa lyolepis",127626,12,"10 Feb 1899 (1899 Feb 10 - 0000 00 00)","Fish Hawk",18.3101,-65.3014
"Population 1 of Anchoa lyolepis",50221,5,"10 Feb 1899 (1899 Feb 10 - 0000 00 00)","Fish Hawk",18.3101,-65.3014
"Population 1 of Anchoa lyolepis",127624,10,"","Fish Hawk",18.304175,-65.301875
"Population 1 of Anchoa mitchilli",127747,22,"15 Feb 1917 (1917 Feb 15 - 0000 00 00)","Grampus",29.7493,-93.3414
"Population 2 of Anchoa mitchilli",106208,100,"10 Jul 1915 (1915 Jul 10 - 0000 00 00)","Fish Hawk",33.2661,-79.2333
"Population 2 of Anchoa mitchilli",454793,75,"10 Jul 1915 (1915 Jul 10 - 0000 00 00)","Fish Hawk",33.2661,-79.2333
"Population 2 of Anchoa mitchilli",454794,75,"10 Jul 1915 (1915 Jul 10 - 0000 00 00)","Fish Hawk",33.2661,-79.2333
"Population 2 of Anchoa mitchilli",127518,50,"9 Jul 1915 (1915 Jul 09 - 0000 00 00; 22:35 - 23:35)","Fish Hawk",33.2721,-79.222
"Population 3 of Anchoa mitchilli",90639,3,"4 Dec 1920 (1920 Dec 04 - 0000 00 00; 17:38 - 18:24)","Fish Hawk",36.9865,-76.1999
"Population 3 of Anchoa mitchilli",90510,12,"22 Jan 1921 (1921 Jan 22 - 0000 00 00; 11:02 - 11:54)","Fish Hawk",37.0056,-76.2289
"Population 3 of Anchoa mitchilli",90238,25,"16 Jan 1916 (1916 Jan 16 - 0000 00 00)","Fish Hawk",37.0097,-76.2542
"Population 3 of Anchoa mitchilli",90495,2,"2-Dec-15","Fish Hawk",37.0111,-76.2486
"Population 3 of Anchoa mitchilli",127710,11,"28 Jun 1892 (1892 Jun 28 - 0000 00 00)","Grampus",37.0121,-76.2979
"Population 3 of Anchoa mitchilli",30343,25,"6 Mar 1882","Fish Hawk",37.2435,-76.0209
"Population 3 of Anchoa mitchilli",54969,15,"6 Jul 1892 (1892 Jul 06 - 0000 00 00)","Grampus",37.273,-76.0214
"Population 3 of Anchoa mitchilli",30383,12,"28 Feb 1882","Fish Hawk",38.3215,-76.2578
"Population 3 of Anchoa mitchilli",77928,3,"10-Dec-15","Fish Hawk",38.92,-76.3867
"Population 3 of Anchoa mitchilli",90508,39,"28-Mar-21","Fish Hawk",38.8153,-76.3859928571429
"Population 3 of Anchoa mitchilli",395381,30,"9 Dec 1920 (1920 Dec 09 - 0000 00 00)","Fish Hawk",37.8233333333333,-76.2619333333333
"Population 3 of Anchoa mitchilli",90509,12,"29-Mar-21","Fish Hawk",38.4028444444444,-76.3622888888889
"Population 3 of Anchoa mitchilli",30386,12,"28 Feb 1882 (1882 Feb 28 - 0000 00 00; 12:30)","Fish Hawk",38.33518,-76.28761
"Population 3 of Anchoa mitchilli",90511,12,"8 Jul 1920 (1920 Jul 08 - 0000 00 00)","Fish Hawk",38.3146,-76.226
"Population 3 of Anchoa mitchilli",30398,10,"1882","Fish Hawk",37.24959,-76.04202
"Population 3 of Anchoa mitchilli",90255,8,"25-Aug-20","Fish Hawk",38.4028444444444,-76.3622888888889
"Population 3 of Anchoa mitchilli",90493,5,"28-Mar-21","Fish Hawk",38.3720046858255,-76.1672221468374
"Population 3 of Anchoa mitchilli",90251,5,"28-Mar-21","Fish Hawk",38.8153,-76.3859928571429
"Population 3 of Anchoa mitchilli",90250,5,"30-Mar-21","Fish Hawk",38.0087666666667,-76.2338696969697
"Population 3 of Anchoa mitchilli",90342,4,"27 Jan 1921 (1921 Jan 27 - 0000 00 00)","Fish Hawk",38.3146,-76.226
"Population 3 of Anchoa mitchilli",90341,2,"24-Jan-21","Fish Hawk",37.7351363636364,-76.1415227272727
"Population 3 of Anchoa mitchilli",54822,2,"","Fish Hawk",37.2806125,-75.9913625
"Population 1 of Ancylopsetta dilecta",151953,30,"29 Jan 1950 (1950 Jan 29 - 0000 00 00)","Albatross III",32.95,-77.9
"Population 1 of Ancylopsetta dilecta",151889,2,"27 May 1949 (1949 May 27 - 0000 00 00)","Albatross III",33.054,-77.613
"Population 1 of Ancylopsetta dilecta",151875,3,"27 May 1949 (1949 May 27 - 0000 00 00)","Albatross III",33.067,-77.592
"Population 1 of Ancylopsetta dilecta",151957,2,"30 Jan 1950 (1950 Jan 30 - 0000 00 00)","Albatross III",33.0833,-77.7417
"Population 1 of Apogon pseudomaculatus",131579,6,"19 Mar 1885","Albatross",26.3083,-83.1458
"Population 1 of Apogon pseudomaculatus",39151,13,"18 Mar 1885","Albatross",26.5583,-83.2583
"Population 1 of Apogon pseudomaculatus",101567,3,"18 Mar 1885","Albatross",26.5583,-83.2583
"Population 1 of Atherina harringtonensis",37094,34,"29 Jan 1885 (1885 Jan 29 - 0000 00 00)","Albatross",21.6,-86.1542
"Population 1 of Atherina harringtonensis",37095,32,"29 Jan 1885 (1885 Jan 29 - 0000 00 00)","Albatross",21.6,-86.1542
"Population 2 of Atherina harringtonensis",92615,28,"Mar 1884 to Apr 1884 (1884 Mar 00 - 1884 Apr 00)","Albatross",17.0596619738858,-69.7740837897455
"Population 1 of Atherina harringtonensis",37097,12,"29 Jan 1885 (1885 Jan 29 - 0000 00 00)","Albatross",21.6,-86.1542
"Population 1 of Atherinomorus stipes",73827,128,"30 Jan 1899","Fish Hawk",18.0088,-66.6196
"Population 2 of Atherinomorus stipes",73829,86,"11 Feb 1899 (1899 Feb 11 - 0000 00 00)","Fish Hawk",18.3101,-65.3014
"Population 2 of Atherinomorus stipes",50121,8,"8 Feb 1899 (1899 Feb 08 - 0000 00 00)","Fish Hawk",18.3101,-65.3014
"Population 2 of Atherinomorus stipes",63051,4,"11 Feb 1899 (1899 Feb 11 - 0000 00 00)","Fish Hawk",18.3101,-65.3014
"Population 2 of Atherinomorus stipes",123371,2,"11 Feb 1899 (1899 Feb 11 - 0000 00 00)","Fish Hawk",18.3101,-65.3014
"Population 1 of Atherinomorus stipes",73828,3,"12 Jan 1899 (1899 Jan 12 - 0000 00 00)","Fish Hawk",18.4594,-66.0868
"Population 3 of Atherinomorus stipes",38700,105,"14 Jan 1885 (1885 Jan 14 - 0000 00 00)","Albatross",24.5634,-81.7845
"Population 3 of Atherinomorus stipes",91413,7,"28 Nov 1919 (1919 Nov 28 - 0000 00 00)","Albatross",24.5665,-81.748
"Population 4 of Atherinomorus stipes",38457,150,"5 Mar 1886 (1886 Mar 05 - 0000 00 00)","Albatross",27.5183107474722,-76.5081605448942
"Population 4 of Atherinomorus stipes",38456,75,"5 Mar 1886 (1886 Mar 05 - 0000 00 00)","Albatross",27.5183107474722,-76.5081605448942
"Population 5 of Atherinomorus stipes",37098,50,"29 Jan 1885 (1885 Jan 29 - 0000 00 00)","Albatross",21.6,-86.1542
"Population 5 of Atherinomorus stipes",37099,50,"24 Jan 1885 (1885 Jan 24 - 0000 00 00)","Albatross",21.81032,-86.5278857142857
"Population 4 of Atherinomorus stipes",38458,43,"5 Mar 1886 (1886 Mar 05 - 0000 00 00)","Albatross",27.5183107474722,-76.5081605448942
"Population 5 of Atherinomorus stipes",37096,29,"29 Jan 1885 (1885 Jan 29 - 0000 00 00)","Albatross",21.6,-86.1542
"Population 6 of Atherinomorus stipes",38649,27,"17 Jan 1884 to 24 Jan 1884 (1884 Jan 17 - 1884 Jan 24)","Albatross",18.5,-63.5167
"Population 5 of Atherinomorus stipes",37112,5,"29 Jan 1885 (1885 Jan 29 - 0000 00 00)","Albatross",21.6,-86.1542
"Population 3 of Atherinomorus stipes",130783,5,"4 May 1886 to 5 May 1886 (1886 May 04 - 1886 May 05)","Albatross",24.38,-82.35
"Population 1 of Bathygobius soporator",73780,3,"1 Feb 1899 (1899 Feb 01 - 0000 00 00)","Fish Hawk",17.9682,-66.6077
"Population 1 of Bathygobius soporator",68658,2,"7 Feb 1899 (1899 Feb 07 - 0000 00 00)","Fish Hawk",18.1528,-65.4431
"Population 1 of Bathygobius soporator",73783,5,"11 Jan 1899 (1899 Jan 11 - 0000 00 00)","Fish Hawk",18.442,-66.08
"Population 1 of Bathygobius soporator",73781,3,"4 Jan 1899 (1899 Jan 04 - 0000 00 00)","Fish Hawk",18.442,-66.08
"Population 1 of Bathygobius soporator",73784,8,"12 Jan 1899 (1899 Jan 12 - 0000 00 00)","Fish Hawk",18.4594,-66.0868
"Population 1 of Benthosema suborbitale",479053,10,"1989","Albatross IV",37.6344589225589,-72.8608845117845
"Population 1 of Benthosema suborbitale",475148,9,"1989","Albatross IV",37.6344589225589,-72.8608845117845
"Population 1 of Benthosema suborbitale",479038,6,"1989","Albatross IV",37.6344589225589,-72.8608845117845
"Population 1 of Benthosema suborbitale",479059,4,"1989","Albatross IV",37.6344589225589,-72.8608845117845
"Population 1 of Benthosema suborbitale",479009,2,"1989","Albatross IV",37.6344589225589,-72.8608845117845
"Population 1 of Bothus ocellatus",282536,14,"18 Mar 1914 (1914 Mar 18 - 0000 00 00)","Grampus (Bache)",23.53,-81.8
"Population 1 of Bothus ocellatus",282563,2,"16 Nov 1919 (1919 Nov 16 - 0000 00 00; 07:08 - 10:27)","Albatross",23.6708,-82.1458
"Population 1 of Bothus ocellatus",282562,2,"16 Nov 1919 (1919 Nov 16 - 0000 00 00; 02:00 - 05:08)","Albatross",23.9583,-81.9667
"Population 1 of Bothus ocellatus",282561,6,"15 Nov 1919 (1919 Nov 15 - 0000 00 00; 21:42 - 00:53)","Albatross",24.15,-81.9833
"Population 1 of Bothus ocellatus",282568,2,"26 Nov 1919 (1919 Nov 26 - 0000 00 00; 22:00 - 23:23)","Albatross",24.3833,-82.35
"Population 1 of Bothus ocellatus",45682,3,"15 Jan 1885","Albatross",24.4292,-81.7667
"Population 1 of Bothus ocellatus",143140,2,"15 Jan 1885","Albatross",24.4292,-81.7667
"Population 1 of Bothus ocellatus",130800,5,"13 Feb 1902 (1902 Feb 13; 2:40pm)","Fish Hawk",24.5246,-81.808
"Population 1 of Bothus ocellatus",73188,2,"24 Feb 1902 (24 Feb 1902; 08:20)","Fish Hawk",24.6792,-81.8944
"Population 2 of Bothus ocellatus",282552,20,"4 Feb 1914 (1914 Feb 04 - 0000 00 00)","Grampus (Bache)",32.45,-68.37
"Population 3 of Bothus ocellatus",152027,3,"19 Jan 1950 (1950 Jan 19 - 0000 00 00)","Albatross III",34.146,-76.238
"Population 3 of Bothus ocellatus",152046,6,"19 Jan 1950 (1950 Jan 19 - 0000 00 00)","Albatross III",34.154,-76.117
"Population 3 of Bothus ocellatus",151936,5,"19 Jan 1950 (1950 Jan 19 - 0000 00 00)","Albatross III",34.2083,-76.229
"Population 3 of Bothus ocellatus",282576,6,"1 Sep 1914 (1914 Sep 01 - 0000 00 00; 22:30 - 23:30)","Fish Hawk",34.5983,-76.5411
"Population 3 of Bothus ocellatus",134052,2,"18 Oct 1885","Albatross",34.625,-75.6625
"Population 3 of Bothus ocellatus",282556,50,"1 Nov 1919 (1919 Nov 01 - 0000 00 00; 13:00 - 15:00)","Albatross",35.0167,-75.2333
"Population 3 of Bothus ocellatus",282569,8,"28 Jul 1915 (1915 Jul 28 - 0000 00 00)","Fish Hawk",33.8139,-76.4
"Population 3 of Bothus ocellatus",152085,4,"Jan 1950 (1950 Jan 00 - 0000 00 00)","Albatross III",34.70692,-76.27044
"Population 1 of Bothus ocellatus",282570,2,"1912 (1912 00 00 - 0000 00 00)","Fish Hawk",24.38,-82.35
"Population 1 of Bregmaceros houdei",479249,10,"1989","Albatross IV",37.6344589225589,-72.8608845117845
"Population 1 of Bregmaceros houdei",475130,7,"1989","Albatross IV",37.6344589225589,-72.8608845117845
"Population 1 of Bregmaceros houdei",479266,6,"1989","Albatross IV",37.6344589225589,-72.8608845117845
"Population 1 of Bregmaceros houdei",479079,4,"1989","Albatross IV",37.6344589225589,-72.8608845117845
"Population 1 of Bregmaceros houdei",479215,2,"1989","Albatross IV",37.6344589225589,-72.8608845117845
"Population 1 of Brevoortia patronus",134126,20,"27 Feb 1917 (1917 Feb 27 - 0000 00 00)","Grampus",29.1497666666667,-94.7104
"Population 2 of Brevoortia patronus",124398,17,"9-Mar-17","Grampus",29.0256175438596,-91.5102947368421
"Population 2 of Brevoortia patronus",134128,15,"9-Mar-17","Grampus",29.0256175438596,-91.5102947368421
"Population 1 of Brevoortia tyrannus",134156,50,"22 Jan 1921 (1921 Jan 22 - 0000 00 00; 11:02 - 11:54)","Fish Hawk",37.0056,-76.2289
"Population 1 of Brevoortia tyrannus",69708,19,"19 Jul 1892 (1892 Jul 19 - 0000 00 00)","Grampus",37.2807,-75.9906
"Population 1 of Brevoortia tyrannus",67821,50,"16 Jul 1892 (1892 Jul 16 - 0000 00 00)","Grampus",37.4097,-76.346
"Population 1 of Brevoortia tyrannus",90015,16,"19-Jan-14","Fish Hawk",37.835,-76.1694
"Population 1 of Brevoortia tyrannus",90018,13,"19-Jan-14","Fish Hawk",37.835,-76.1694
"Population 1 of Brevoortia tyrannus",90038,6,"23-Apr-16","Fish Hawk",37.8606,-76.1622
"Population 1 of Brevoortia tyrannus",388248,1,"12-Sep-01","Albatross IV",38.0961,-75.0144
"Population 1 of Brevoortia tyrannus",89999,9,"19 Jan 1916 (1916 Jan 19 - 0000 00 00; 16:21 - 17:30)","Fish Hawk",38.125,-76.2333
"Population 1 of Brevoortia tyrannus",90016,7,"","Fish Hawk",38.128,-76.29
"Population 1 of Brevoortia tyrannus",90005,3,"20 Jan 1916 (1916 Jan 20 - 0000 00 00; 07:45 - 09:55)","Fish Hawk",38.2444,-76.2617
"Population 1 of Brevoortia tyrannus",134145,7,"20 Jan 1916 (1916 Jan 20 - 0000 00 00; 10:48 - 12:15)","Fish Hawk",38.3333,-76.3067
"Population 1 of Brevoortia tyrannus",90022,28,"26 Jan 1921 (1921 Jan 26 - 0000 00 00; 13:28 - 14:22)","Fish Hawk",38.3358,-76.2703
"Population 1 of Brevoortia tyrannus",90008,4,"","Fish Hawk",38.4617,-76.3833
"Population 1 of Brevoortia tyrannus",90020,12,"27 Jan 1916 (1916 Jan 27 - 0000 00 00; 07:36 - 08:25)","Fish Hawk",38.6717,-76.4183
"Population 1 of Brevoortia tyrannus",90000,4,"","Fish Hawk",38.7817,-76.42
"Population 1 of Brevoortia tyrannus",30377,2,"1882 (1882 00 00 - 0000 00 00)","Fish Hawk",38.8988,-76.4357
"Population 1 of Brevoortia tyrannus",90021,11,"","Fish Hawk",38.9194,-76.385
"Population 2 of Brevoortia tyrannus",70147,25,"10 Aug 1892 (1892 Aug 10 - 0000 00 00)","Fish Hawk",41.5347,-70.6393
"Population 2 of Brevoortia tyrannus",54876,10,"2 Sep 1899 (1899 Sep 02 - 0000 00 00)","Fish Hawk",41.5405,-70.6584
"Population 2 of Brevoortia tyrannus",54878,11,"","Fish Hawk",41.6551,-70.9169
"Population 2 of Brevoortia tyrannus",54877,9,"","Fish Hawk",41.6551,-70.9169
"Population 2 of Brevoortia tyrannus",54882,12,"29 Aug 1892 (1892 Aug 29 - 0000 00 00)","Fish Hawk",41.751,-70.7091
"Population 3 of Brevoortia tyrannus",124397,50,"22-Jan-21","Fish Hawk",34.5957,-77.2323
"Population 1 of Brevoortia tyrannus",58810,50,"","Grampus",37.40995,-76.34565
"Population 1 of Brevoortia tyrannus",89998,37,"","Fish Hawk",37.8233333333333,-76.2619333333333
"Population 1 of Brevoortia tyrannus",134151,29,"26-Jan-16","Fish Hawk",38.8153,-76.3859928571429
"Population 1 of Brevoortia tyrannus",59812,25,"1894","Fish Hawk",37.0414052631579,-76.1707421052632
"Population 1 of Brevoortia tyrannus",90029,20,"26 Jan 1921 (0000 00 00 - 0000 00 00)","Fish Hawk",38.3720046858255,-76.1672221468374
"Population 1 of Brevoortia tyrannus",54885,19,"21 Apr 1893","Fish Hawk",37.2202114205092,-75.102334542677
"Population 1 of Brevoortia tyrannus",90024,16,"27 Jan 1921 (1921 Jan 27 - 0000 00 00)","Fish Hawk",38.3146,-76.226
"Population 2 of Brevoortia tyrannus",54879,15,"","Fish Hawk",41.5270032258065,-70.6376
"Population 1 of Brevoortia tyrannus",59814,13,"1893","Fish Hawk",37.0414052631579,-76.1707421052632
"Population 2 of Brevoortia tyrannus",54880,12,"","Fish Hawk",41.5766646188635,-70.576810422108
"Population 1 of Brevoortia tyrannus",90026,11,"8 Dec 1920 (0000 00 00 - 0000 00 00)","Fish Hawk",38.9048571428571,-76.4217
"Population 1 of Brevoortia tyrannus",58812,11,"","Grampus",37.8233333333333,-76.2619333333333
"Population 1 of Brevoortia tyrannus",58813,11,"","Grampus",37.40995,-76.34565
"Population 1 of Brevoortia tyrannus",90011,7,"8 Dec 1920 (0000 00 00 - 0000 00 00)","Fish Hawk",38.8153,-76.3859928571429
"Population 1 of Brevoortia tyrannus",67883,7,"30 Apr 1895","Fish Hawk",37.5696897727273,-76.0790770454546
"Population 1 of Brevoortia tyrannus",54884,7,"","Fish Hawk",38.35,-76.3583
"Population 1 of Brevoortia tyrannus",90039,7,"18-Feb-14","Fish Hawk",38.33518,-76.28761
"Population 1 of Brevoortia tyrannus",90014,5,"","Fish Hawk",38.3146,-76.226
"Population 1 of Brevoortia tyrannus",90035,5,"28-Mar-21","Fish Hawk",38.3720046858255,-76.1672221468374
"Population 1 of Brevoortia tyrannus",90019,4,"1882 (1882 00 00 - 0000 00 00)","Fish Hawk",38.5107,-76.6649
"Population 1 of Brevoortia tyrannus",90004,4,"27-Mar-21","Albatross",37.6505007751938,-75.6415705426357
"Population 1 of Brevoortia tyrannus",90017,3,"","Fish Hawk",38.3639,-76.2644
"Population 1 of Brevoortia tyrannus",90033,3,"8 Dec 1920 (1920 Dec 08 - 0000 00 00; 12:03 - 12:24)","Fish Hawk",38.1265722222222,-76.2339555555556
"Population 1 of Brevoortia tyrannus",90040,3,"30-Mar-21","Fish Hawk",38.0087666666667,-76.2338696969697
"Population 1 of Brevoortia tyrannus",403969,3,"29-Apr-14","Fish Hawk",37.5916333333333,-76.2104666666667
"Population 2 of Brevoortia tyrannus",120637,3,"1 Sep 1899","Fish Hawk",41.3783166666667,-70.4841
"Population 1 of Brevoortia tyrannus",67637,3,"27 Jun 1892","Grampus",37.0149,-76.2984
"Population 1 of Brevoortia tyrannus",30347,2,"11 Mar 1882 (1882 Mar 11 - 0000 00 00; 11:22)","Fish Hawk",38.9048571428571,-76.4217
"Population 1 of Brevoortia tyrannus",129760,2,"26 Jan 1921 (1921 Jan 26 - 0000 00 00)","Fish Hawk",38.1265722222222,-76.2339555555556
"Population 1 of Brevoortia tyrannus",67820,2,"24 Mar 1894","Fish Hawk",37.0414052631579,-76.1707421052632
"Population 1 of Brevoortia tyrannus",54883,2,"","Fish Hawk",37.8233333333333,-76.2619333333333
"Population 1 of Brevoortia tyrannus",72325,2,"23 Mar 1893","Fish Hawk",36.9917,-76.24
"Population 1 of Caranx latus",382323,25,"2 Sep 1914 (1914 Sep 02 - 0000 00 00)","Fish Hawk",34.5983,-76.5411
"Population 1 of Centrobranchus nigroocellatus",100610,44,"3 Mar 1914 (1914 Mar 03 - 0000 00 00)","Grampus (Bache)",25.45,-77.27
"Population 1 of Centropristis striata",142818,61,"23 Aug 1892 (1892 00 00 - 0000 00 00)","Fish Hawk",41.4703,-70.7024
"Population 1 of Centropristis striata",54833,11,"1892 (1892 00 00 - 0000 00 00)","Fish Hawk",41.4703,-70.7024
"Population 1 of Centropristis striata",67604,8,"23 Aug 1892","Fish Hawk",41.4703,-70.7024
"Population 1 of Centropristis striata",54834,5,"1892 (1892 00 00 - 0000 00 00)","Fish Hawk",41.4703,-70.7024
"Population 1 of Centropristis striata",70139,65,"1892 (1892 00 00 - 0000 00 00)","Fish Hawk",41.5227,-70.6766
"Population 1 of Centropristis striata",54857,13,"10 Aug 1892 (1892 Aug 10 - 0000 00 00)","Fish Hawk",41.5347,-70.6393
"Population 1 of Centropristis striata",120553,5,"28 Aug 1899 (1899 Aug 28 - 0000 00 00)","Fish Hawk",41.5474,-70.5264
"Population 1 of Centropristis striata",120555,4,"22 Aug 1899 (1899 Aug 22 - 0000 00 00)","Fish Hawk",41.601,-70.6443
"Population 1 of Ceratoscopelus maderensis",320145,6,"25 Jul 1975 (1975 Jul 25 - 0000 00 00; 03:08 - 03:28)","Albatross IV",38.5,-72.167
"Population 1 of Ceratoscopelus maderensis",320147,4,"24 Jul 1975 (1975 Jul 24 - 0000 00 00; 20:10 - 20:40)","Albatross IV",38.5,-72.158
"Population 1 of Ceratoscopelus maderensis",320152,26,"24 Jul 1975 (1975 Jul 24 - 0000 00 00; 15:30 - 16:30)","Albatross IV",38.508,-72.133
"Population 1 of Ceratoscopelus maderensis",320128,2,"26 Jul 1975 (1975 Jul 26 - 0000 00 00; 11:50 - 12:02)","Albatross IV",38.7,-72.05
"Population 1 of Ceratoscopelus maderensis",320144,2,"26 Jul 1975 (1975 Jul 26 - 0000 00 00; 01:59 - 02:42)","Albatross IV",38.733,-72.075
"Population 1 of Ceratoscopelus maderensis",320151,4,"23 Jul 1975 (1975 Jul 23 - 0000 00 00; 00:10 - 00:14)","Albatross IV",38.75,-72
"Population 1 of Ceratoscopelus maderensis",320140,3,"1 Aug 1975 (1975 Aug 01 - 0000 00 00; 20:05 - 20:55)","Albatross IV",38.792,-72.575
"Population 1 of Ceratoscopelus maderensis",320148,3,"26 Jul 1975 (1975 Jul 26 - 0000 00 00; 21:25 - 21:55)","Albatross IV",38.892,-72.025
"Population 1 of Ceratoscopelus maderensis",320136,2,"26 Jul 1975 (1975 Jul 26 - 0000 00 00; 20:55 - 21:25)","Albatross IV",38.892,-72.025
"Population 1 of Ceratoscopelus maderensis",320126,9,"28 Jul 1975 (1975 Jul 28 - 0000 00 00; 20:00 - 20:32)","Albatross IV",38.908,-72.425
"Population 1 of Ceratoscopelus maderensis",320141,2,"23 Jul 1975 (1975 Jul 23 - 0000 00 00; 01:40 - 01:45)","Albatross IV",38.925,-72.025
"Population 1 of Ceratoscopelus maderensis",302398,4,"24 Sep 1988 (1988 Sep 24 - 0000 00 00)","Albatross IV",39.608,-71.992
"Population 1 of Cetengraulis edentulus",117673,35,"16 Mar 1884 to 22 Mar 1884 (1884 Mar 16 - 1884 Mar 22)","Albatross",9.50973333333333,-76.3972333333333
"Population 1 of Cetengraulis edentulus",132212,4,"16 Mar 1884 to 22 Mar 1884 (1884 Mar 16 - 1884 Mar 22)","Albatross",9.50973333333333,-76.3972333333333
"Population 1 of Cheilopogon furcatus",294742,5,"3 Sep 1914 (1914 Sep 03 - 0000 00 00)","Fish Hawk",34.2,-76.0822
"Population 1 of Cheilopogon furcatus",106455,3,"Sep 1914 (1914 Sep 00 - 0000 00 00)","Fish Hawk",34.2,-76.0822
"Population 1 of Cheilopogon furcatus",116710,4,"13 Jul 1915 (1915 Jul 13 - 0000 00 00)","Fish Hawk",34.5904,-77.1719
"Population 1 of Cheilopogon furcatus",124399,1,"19 Jul 1915 (1915 Jul 19 - 0000 00 00)","Fish Hawk",34.5957,-77.2323
"Population 1 of Cheilopogon furcatus",294749,15,"3 Sep 1914 (1914 Sep 03 - 0000 00 00)","Fish Hawk",34.5983,-76.5411
"Population 1 of Cheilopogon furcatus",294747,6,"2 Sep 1914 (1914 Sep 02 - 0000 00 00)","Fish Hawk",34.5983,-76.5411
"Population 1 of Cheilopogon furcatus",294746,5,"3 Sep 1914 (1914 Sep 03 - 0000 00 00)","Fish Hawk",34.5983,-76.5411
"Population 1 of Cheilopogon furcatus",294730,4,"2 Sep 1914 (1914 Sep 02 - 0000 00 00)","Fish Hawk",34.5983,-76.5411
"Population 1 of Cheilopogon furcatus",116708,2,"1 Sep 1914 (1914 Sep 01 - 0000 00 00)","Fish Hawk",34.5983,-76.5411
"Population 1 of Cheilopogon furcatus",294731,3,"3 Sep 1914 (1914 Sep 03 - 0000 00 00)","Fish Hawk",34.3679,-76.2754666666667
"Population 1 of Cheilopogon furcatus",294728,2,"12 Aug 1914 (1914 Aug 12 - 0000 00 00)","Fish Hawk",34.457097826087,-76.5047202898551
"Population 1 of Chlorophthalmus agassizi",43852,3,"21 Oct 1885","Albatross",32.6,-77.4875
"Population 1 of Chlorophthalmus agassizi",43826,21,"5 Jan 1885","Albatross",32.7167,-77.85
"Population 1 of Chlorophthalmus agassizi",41600,2,"5 Jan 1885","Albatross",32.7167,-77.85
"Population 1 of Chloroscombrus chrysurus",90787,46,"4 Dec 1919 (1919 Dec 04 - 0000 00 00)","Albatross",24.4083,-81.5583
"Population 2 of Chloroscombrus chrysurus",438507,25,"19 Oct 1885","Albatross",34.15,-76.0333
"Population 2 of Chloroscombrus chrysurus",438506,4,"18 Oct 1885","Albatross",34.5875,-75.8667
"Population 2 of Chloroscombrus chrysurus",438508,3,"18 Oct 1885","Albatross",34.625,-75.6625
"Population 2 of Chloroscombrus chrysurus",382313,19,"17 Oct 1885","Albatross",35.0167,-75.2
"Population 2 of Chloroscombrus chrysurus",148207,6,"20 Oct 1884","Albatross",35.3806,-75.4167
"Population 2 of Chloroscombrus chrysurus",382314,2,"19-Sep-13","Fish Hawk",34.457097826087,-76.5047202898551
"Population 2 of Chloroscombrus chrysurus",438510,2,"28-Jul-15","Fish Hawk",34.0123555555556,-76.3286833333333
"Population 1 of Chromis enchrysurus",134277,24,"30 Jan 1885","Albatross",22.3,-87.0667
"Population 1 of Chromis enchrysurus",47695,10,"30 Jan 1885","Albatross",22.3,-87.0667
"Population 1 of Chromis enchrysurus",44157,3,"30 Jan 1885","Albatross",22.3,-87.0667
"Population 1 of Citharichthys arctifrons",45626,14,"5 Apr 1885","Albatross",37.0556,-74.5278
"Population 1 of Citharichthys arctifrons",45627,4,"5 Apr 1885","Albatross",37.0556,-74.5278
"Population 1 of Citharichthys arctifrons",45613,6,"21 May 1883","Albatross",37.6,-74.25
"Population 1 of Citharichthys arctifrons",282513,20,"22 Jul 1913 (1913 Jul 22 - 0000 00 00)","Grampus",37.68,-74.4583
"Population 2 of Citharichthys arctifrons",29064,3,"10 Oct 1881 (1881 Oct 10 - 0000 00 00)","Fish Hawk",38.52,-73.35
"Population 2 of Citharichthys arctifrons",282514,40,"19 Jul 1913 (1913 Jul 19 - 0000 00 00)","Grampus",39.15,-72.97
"Population 3 of Citharichthys arctifrons",45616,3,"10 Aug 1885","Albatross",39.8,-71.8083
"Population 3 of Citharichthys arctifrons",45611,7,"10 Aug 1885","Albatross",39.8028,-71.8111
"Population 3 of Citharichthys arctifrons",26100,4,"13 Sep 1880 (1880 Sep 13 - 0000 00 00; 08:45)","Fish Hawk",39.95,-70.9333
"Population 3 of Citharichthys arctifrons",35474,3,"6 Aug 1884","Albatross",39.9583,-69.6861
"Population 3 of Citharichthys arctifrons",59817,20,"1 Sep 1899 (1 Sep 1899; 08:45)","Fish Hawk",39.975,-70.27
"Population 3 of Citharichthys arctifrons",35674,6,"27 Sep 1884","Albatross",40.05,-69.95
"Population 3 of Citharichthys arctifrons",45618,3,"16 Jul 1881 (1881 Jul 16 - 0000 00 00; 10:57)","Fish Hawk",40.0633,-70.765
"Population 3 of Citharichthys arctifrons",33541,15,"20 Sep 1883","Albatross",40.0847,-70.5833
"Population 3 of Citharichthys arctifrons",35678,14,"26 Sep 1884","Albatross",40.0875,-70.3833
"Population 3 of Citharichthys arctifrons",35676,8,"27 Sep 1884","Albatross",40.1167,-69.95
"Population 3 of Citharichthys arctifrons",45617,2,"16 Jul 1881 (1881 Jul 16 - 0000 00 00)","Fish Hawk",40.13,-70.7317
"Population 3 of Citharichthys arctifrons",45620,16,"26 Sep 1884","Albatross",40.1708,-70.4333
"Population 3 of Citharichthys arctifrons",35675,7,"27 Sep 1884","Albatross",40.1833,-69.8667
"Population 3 of Citharichthys arctifrons",35677,6,"26 Sep 1884","Albatross",40.2583,-70.45
"Population 3 of Citharichthys arctifrons",35679,2,"26 Sep 1884","Albatross",40.35,-70.4875
"Population 3 of Citharichthys arctifrons",26129,23,"1880 (1880 00 00 - 0000 00 00)","Fish Hawk",39.9788692307692,-70.6500846153846
"Population 3 of Citharichthys arctifrons",26127,14,"1880 (1880 00 00 - 0000 00 00)","Fish Hawk",39.9788692307692,-70.6500846153846
"Population 3 of Citharichthys arctifrons",33349,2,"16 Aug 1883 (1883 Aug 16 - 0000 00 00)","Fish Hawk",40.53,-70.65
"Population 1 of Citharichthys gymnorhinus",129946,2,"15 Jan 1885","Albatross",24.425,-81.7958
"Population 1 of Citharichthys gymnorhinus",45610,23,"15 Jan 1885","Albatross",24.4292,-81.7667
"Population 1 of Citharichthys gymnorhinus",397311,12,"15 Jan 1885","Albatross",24.4292,-81.7667
"Population 1 of Citharichthys spilopterus",282518,20,"12 Feb 1917 (1917 Feb 12 - 0000 00 00; 23:15 - 00:05)","Grampus",29.0210472727273,-88.4330509090909
"Population 1 of Citharichthys spilopterus",397525,6,"13 Feb 1917 (1917 Feb 13 - 0000 00 00; 04:45 - 06:05)","Grampus",29.0210472727273,-88.4330509090909
"Population 1 of Citharichthys unicornis",45606,39,"14 Mar 1885","Albatross",28.6,-85.5583
"Population 1 of Citharichthys unicornis",45609,2,"14 Mar 1885","Albatross",28.6417,-85.875
"Population 1 of Citharichthys unicornis",45607,34,"15 Mar 1885","Albatross",28.7333,-85.2667
"Population 1 of Citharichthys unicornis",45608,16,"15 Mar 1885","Albatross",28.7333,-85.2667
"Population 1 of Clupea harengus",329845,3,"19 Apr 1994 (1994 Apr 19 - 0000 00 00; 16:20 - 16:50)","Albatross IV",41.967,-69.467
"Population 1 of Clupea harengus",329955,28,"27 Apr 1994 (1994 Apr 27 - 0000 00 00; 09:39 - 10:09)","Albatross IV",42.0808,-70.43
"Population 1 of Clupea harengus",329947,4,"27 Apr 1994 (1994 Apr 27 - 0000 00 00; 08:06 - 08:40)","Albatross IV",42.16,-70.3992
"Population 2 of Clupea harengus",329988,15,"22 Apr 1994 (1994 Apr 22 - 0000 00 00; 20:44 - 23:14)","Albatross IV",42.2467,-65.9808
"Population 2 of Clupea harengus",329989,8,"22 Apr 1994 (1994 Apr 22 - 0000 00 00; 21:49 - 22:05)","Albatross IV",42.2475,-65.985
"Population 2 of Clupea harengus",329990,6,"22 Apr 1994 (1994 Apr 22 - 0000 00 00; 22:15 - 22:32)","Albatross IV",42.2608,-66.0167
"Population 2 of Clupea harengus",329987,52,"22 Apr 1994 (1994 Apr 22 - 0000 00 00; 04:03 - 04:18)","Albatross IV",42.385,-66.355
"Population 2 of Clupea harengus",329991,85,"23 Apr 1994 (1994 Apr 23 - 0000 00 00; 04:31)","Albatross IV",42.3867,-66.4283
"Population 2 of Clupea harengus",329993,4,"23 Apr 1994 (1994 Apr 23 - 0000 00 00; 07:46 - 10:16)","Albatross IV",42.4025,-66.7825
"Population 2 of Clupea harengus",329986,21,"22 Apr 1994 (1994 Apr 22 - 0000 00 00; 00:01 - 00:18)","Albatross IV",42.4033,-66.7083
"Population 2 of Clupea harengus",329985,9,"21 Apr 1994 (1994 Apr 21 - 0000 00 00; 20:50 - 21:06)","Albatross IV",42.4233,-66.9717
"Population 3 of Clupea harengus",329983,2,"21 Apr 1994 (1994 Apr 21 - 0000 00 00; 02:00)","Albatross IV",43.1983,-67.2417
"Population 3 of Clupea harengus",329982,14,"20 Apr 1994 (1994 Apr 20 - 0000 00 00; 22:08 - 22:23)","Albatross IV",43.555,-67.385
"Population 4 of Clupea harengus",143806,50,"19 Mar 1894","Fish Hawk",36.934,-76.101
"Population 3 of Clupea harengus",155974,50,"","Grampus",43.4784913144438,-68.1395672961775
"Population 1 of Coelorinchus carminatus",35538,1,"19 Aug 1884","Albatross",39.6333,-71.6625
"Population 1 of Coelorinchus carminatus",134174,2,"18 Sep 1885 (1885 Sep 18 - 0000 00 00)","Albatross",39.8333,-71.7167
"Population 1 of Coelorinchus carminatus",28891,4,"8 Sep 1881 (1881 Sep 08 - 0000 00 00)","Fish Hawk",39.8417,-71.38
"Population 1 of Coelorinchus carminatus",28753,7,"4 Aug 1881 (1881 Aug 04 - 0000 00 00)","Fish Hawk",39.88,-69.8417
"Population 1 of Coelorinchus carminatus",35686,2,"28 Sep 1884","Albatross",39.9125,-69.4958
"Population 1 of Coelorinchus carminatus",302439,1,"29 Sep 1988 (1988 Sep 29 - 0000 00 00)","Albatross IV",39.925,-69.917
"Population 1 of Coelorinchus carminatus",26197,2,"2 Oct 1880","Fish Hawk",39.9417,-70.9958
"Population 1 of Coelorinchus carminatus",35476,3,"2 Aug 1884","Albatross",39.9625,-70.9417
"Population 1 of Coelorinchus carminatus",33512,3,"21 Sep 1883","Albatross",39.9764,-71.0083
"Population 1 of Coelorinchus carminatus",33543,3,"20 Sep 1883","Albatross",39.9806,-70.6611
"Population 1 of Coelorinchus carminatus",436681,2,"8 Aug 1885","Albatross",40.0292,-70.4
"Population 1 of Coelorinchus carminatus",26189,3,"2 Oct 1880","Fish Hawk",40.0383,-70.385
"Population 1 of Conodon nobilis",143171,17,"16 Mar 1884 to 22 Mar 1884 (1884 Mar 16 - 1884 Mar 22)","Albatross",9.50973333333333,-76.3972333333333
"Population 1 of Conodon nobilis",38579,3,"16 Mar 1884 to 22 Mar 1884 (1884 Mar 16 - 1884 Mar 22)","Albatross",9.50973333333333,-76.3972333333333
"Population 1 of Cyclopterus lumpus",131969,53,"13-Aug-12","Grampus",42.6259868421053,-68.3145614035088
"Population 1 of Cyclothone microdon",302576,47,"23 Nov 1919 (1919 Nov 23 - 0000 00 00; 05:32; 10:20)","Albatross",21.6,-86.1542
"Population 2 of Cyclothone microdon",85463,11,"18 Sep 1886","Albatross",38.4,-71.2167
"Population 2 of Cyclothone microdon",131309,1,"18 Sep 1886","Albatross",38.4,-71.2167
"Population 2 of Cyclothone microdon",83811,1,"18 Sep 1886","Albatross",38.4917,-70.9083
"Population 2 of Cyclothone microdon",35619,11,"19 Aug 1884 to 7 Sep 1884","Albatross",38.6896,-70.7062
"Population 3 of Cyclothone microdon",33282,5,"18 Jul 1883","Albatross",38.8778,-69.4111
"Population 3 of Cyclothone microdon",33283,6,"17 Jul 1883","Albatross",39.4528,-69.9389
"Population 3 of Cyclothone microdon",92236,8,"17 Jul 1886","Albatross",39.55,-70.8333
"Population 3 of Cyclothone microdon",35608,2,"21 Aug 1884","Albatross",39.5792,-71.525
"Population 3 of Cyclothone microdon",53053,2,"17 Jul 1886","Albatross",39.5833,-71.0417
"Population 3 of Cyclothone microdon",35452,4,"4 Aug 1884","Albatross",39.6667,-70.3375
"Population 3 of Cyclothone microdon",33504,3,"21 Sep 1883","Albatross",39.7417,-71.0667
"Population 3 of Cyclothone microdon",49238,1,"31 Jul 1902 (1902 Jul 31 - 0000 00 00)","Grampus",39.9333498852553,-70.546498680436
"Population 1 of Cynoscion nothus",142662,30,"4 Dec 1919 (1919 Dec 04 - 0000 00 00; 09:30 - 11:30)","Albatross",24.4083,-81.5583
"Population 1 of Cynoscion regalis",142535,10,"6-Dec-19","Albatross",30.6684,-81.4395
"Population 1 of Cynoscion regalis",142533,10,"6-Dec-19","Albatross",30.6684,-81.4395
"Population 1 of Cynoscion regalis",142532,7,"6-Dec-19","Albatross",30.6684,-81.4395
"Population 1 of Dajaus monticola",73742,20,"9 Jan 1899 (1899 Jan 09 - 0000 00 00)","Fish Hawk",18.2571,-66.0123
"Population 1 of Decapterus punctatus",105441,6,"6-Jul-15","Fish Hawk",34.1125,-77.0667
"Population 1 of Decapterus punctatus",106056,84,"19 Oct 1885","Albatross",34.15,-76.0333
"Population 1 of Decapterus punctatus",105445,15,"2 Sep 1914 (1914 Sep 02 - 0000 00 00)","Fish Hawk",34.2961,-75.8861
"Population 1 of Decapterus punctatus",83768,5,"18 Oct 1885","Albatross",34.5917,-75.7583
"Population 1 of Decapterus punctatus",105446,19,"18 Oct 1885","Albatross",34.6417,-75.5583
"Population 1 of Decapterus punctatus",302378,6,"16 Sep 1988 (1988 Sep 16 - 0000 00 00)","Albatross IV",35.025,-75.433
"Population 1 of Decapterus punctatus",302377,3,"17 Sep 1988 (1988 Sep 17 - 0000 00 00)","Albatross IV",35.408,-75.367
"Population 1 of Decapterus punctatus",105435,14,"28 Jul 1915 (1915 Jul 28 - 0000 00 00)","Fish Hawk",33.8139,-76.4
"Population 1 of Decapterus punctatus",105868,2,"12 Aug 1914 (1914 Aug 12 - 0000 00 00)","Fish Hawk",34.457097826087,-76.5047202898551
"Population 1 of Dibranchus atlanticus",31767,1,"8 Sep 1882 (1882 Sep 08 - 0000 00 00; 15:36)","Fish Hawk",39.48,-72.02
"Population 1 of Dibranchus atlanticus",35436,1,"23 Jul 1884","Albatross",39.4833,-71.7667
"Population 1 of Dibranchus atlanticus",31760,1,"8 Sep 1882 (1882 Sep 08 - 0000 00 00; 13:52)","Fish Hawk",39.53,-72
"Population 1 of Dibranchus atlanticus",44250,1,"9 Aug 1885","Albatross",39.8,-70.6
"Population 1 of Dibranchus atlanticus",26087,1,"13 Sep 1880 (1880 Sep 13 - 0000 00 00; 15:12)","Fish Hawk",39.8083,-70.9
"Population 1 of Dibranchus atlanticus",35461,1,"3 Aug 1884","Albatross",39.825,-71.1667
"Population 1 of Dibranchus atlanticus",28771,1,"4 Aug 1881 (1881 Aug 04 - 0000 00 00; 14:44)","Fish Hawk",39.85,-69.8208
"Population 1 of Dibranchus atlanticus",31582,3,"11 Aug 1882 (11 Aug 1882; 13:39)","Fish Hawk",39.88,-69.78
"Population 1 of Dibranchus atlanticus",31592,1,"1882 (1882 00 00 - 0000 00 00)","Fish Hawk",39.88,-69.78
"Population 1 of Dibranchus atlanticus",28727,7,"16 Jul 1881 (16 Jul 1881; 15:35)","Fish Hawk",39.9167,-70.7833
"Population 1 of Dibranchus atlanticus",28814,1,"9 Aug 1881 (9 Aug 1881; 14:00)","Fish Hawk",39.925,-71.2333
"Population 1 of Dibranchus atlanticus",31669,1,"18 Aug 1882 (1882 Aug 18 - 0000 00 00)","Fish Hawk",39.93,-70.58
"Population 1 of Dibranchus atlanticus",84543,8,"8 Aug 1885","Albatross",39.9333,-70.2417
"Population 1 of Dibranchus atlanticus",45639,2,"7 Aug 1885","Albatross",39.9375,-70.7917
"Population 1 of Dibranchus atlanticus",28836,2,"23 Aug 1881 (23 Aug 1881; 09:40)","Fish Hawk",39.95,-70.525
"Population 1 of Dibranchus atlanticus",83876,6,"25 May 1883","Albatross",39.9639,-70.5333
"Population 1 of Dibranchus atlanticus",33310,1,"25 May 1883","Albatross",39.9639,-70.5333
"Population 1 of Dibranchus atlanticus",45640,2,"25 May 1883","Albatross",39.9736,-70.6167
"Population 1 of Dibranchus atlanticus",33515,2,"21 Sep 1883","Albatross",39.9764,-71.0083
"Population 1 of Dibranchus atlanticus",33514,1,"21 Sep 1883","Albatross",39.9764,-71.0083
"Population 1 of Dibranchus atlanticus",35564,2,"22 Aug 1884","Albatross",39.9917,-70.5125
"Population 1 of Dibranchus atlanticus",45641,3,"25 May 1883","Albatross",40.0333,-70.45
"Population 1 of Dibranchus atlanticus",31728,1,"26 Aug 1882 (1882 Aug 26 - 0000 00 00; 05:45)","Fish Hawk",40.05,-68.93
"Population 1 of Dibranchus atlanticus",31729,1,"26 Aug 1882","Fish Hawk",40.07,-68.82
"Population 1 of Dibranchus atlanticus",26140,1,"1880 (1880 00 00 - 0000 00 00)","Fish Hawk",39.9788692307692,-70.6500846153846
"Population 1 of Dibranchus atlanticus",30276,1,"1881 (1881 00 00 - 0000 00 00)","Fish Hawk",39.8854904761905,-70.4738904761905
"Population 1 of Dorosoma cepedianum",129834,21,"26-Jan-21","Fish Hawk",38.3720046858255,-76.1672221468374
"Population 1 of Enchelyopus cimbrius",329854,4,"19 Apr 1994 to 20 Apr 1994 (1994 Apr 19 - 1994 Apr 20; 23:11 - 00:11)","Albatross IV",42.48,-69.4283
"Population 1 of Enchelyopus cimbrius",329860,4,"20 Apr 1994 (1994 Apr 20 - 0000 00 00; 01:55 - 02:55)","Albatross IV",42.6533,-69.6133
"Population 1 of Enchelyopus cimbrius",329863,8,"20 Apr 1994 (1994 Apr 20 - 0000 00 00; 04:34 - 05:34)","Albatross IV",42.8942,-69.7925
"Population 1 of Enchelyopus cimbrius",329872,13,"20 Apr 1994 (1994 Apr 20 - 0000 00 00; 08:09 - 09:09)","Albatross IV",43.1592,-69.2325
"Population 1 of Etropus crossotus",156238,60,"9 Mar 1917 (1917 Mar 09 - 0000 00 00)","Grampus",29.3183217954988,-91.0102947488924
"Population 1 of Etropus crossotus",156018,7,"5 Mar 1917 (1917 Mar 05 - 0000 00 00)","Grampus",29.3183217954988,-91.0102947488924
"Population 1 of Eucinostomus argenteus",201425,49,"1 Mar 1884 to 11 Mar 1884 (1884 Mar 01 - 1884 Mar 11)","Albatross",17.6028,-76.7681
"Population 1 of Eucinostomus argenteus",143087,9,"1 Mar 1884 to 11 Mar 1884 (1884 Mar 01 - 1884 Mar 11)","Albatross",17.6028,-76.7681
"Population 1 of Eucinostomus gula",38669,31,"14 Jan 1885 (1885 Jan 14 - 0000 00 00)","Albatross",24.5634,-81.7845
"Population 1 of Euthynnus alletteratus",479245,45,"1989","Albatross IV",37.6344589225589,-72.8608845117845
"Population 1 of Euthynnus alletteratus",479274,7,"1989","Albatross IV",37.6344589225589,-72.8608845117845
"Population 1 of Exocoetus volitans",94720,55,"20 Oct 1885 (1885 Oct 20 - 0000 00 00)","Albatross",32.2367,-79.6867
"Population 2 of Exocoetus volitans",299590,8,"3 Sep 1914 (1914 Sep 03 - 0000 00 00)","Fish Hawk",34.2,-76.0822
"Population 2 of Exocoetus volitans",299576,29,"3 Sep 1914 (1914 Sep 03 - 0000 00 00)","Fish Hawk",34.5983,-76.5411
"Population 2 of Exocoetus volitans",299568,20,"3 Sep 1914 (1914 Sep 03 - 0000 00 00)","Fish Hawk",34.5983,-76.5411
"Population 2 of Exocoetus volitans",299585,15,"2 Sep 1914 (1914 Sep 02 - 0000 00 00)","Fish Hawk",34.5983,-76.5411
"Population 2 of Exocoetus volitans",299572,11,"2 Sep 1914 (1914 Sep 02 - 0000 00 00)","Fish Hawk",34.5983,-76.5411
"Population 2 of Exocoetus volitans",299579,10,"3 Sep 1914 (1914 Sep 03 - 0000 00 00)","Fish Hawk",34.5983,-76.5411
"Population 2 of Exocoetus volitans",299578,9,"2 Sep 1914 (1914 Sep 02 - 0000 00 00)","Fish Hawk",34.5983,-76.5411
"Population 2 of Exocoetus volitans",299582,16,"11 Aug 1914 (1914 Aug 11 - 0000 00 00)","Fish Hawk",34.7112,-76.644
"Population 2 of Exocoetus volitans",299586,6,"3 Sep 1914 (1914 Sep 03 - 0000 00 00)","Fish Hawk",34.457097826087,-76.5047202898551
"Population 2 of Exocoetus volitans",299588,5,"12 Aug 1914 (1914 Aug 12 - 0000 00 00)","Fish Hawk",34.457097826087,-76.5047202898551
"Population 2 of Exocoetus volitans",299570,5,"28 Jul 1915 (1915 Jul 28 - 0000 00 00)","Fish Hawk",33.8139,-76.4
"Population 2 of Exocoetus volitans",299583,4,"12 Aug 1914 (1914 Aug 12)","Fish Hawk",34.457097826087,-76.5047202898551
"Population 2 of Exocoetus volitans",299573,4,"12 Aug 1914 (1914 Aug 12 - 0000 00 00)","Fish Hawk",34.457097826087,-76.5047202898551
"Population 2 of Exocoetus volitans",299571,3,"11 Aug 1914 (1914 Aug 11 - 0000 00 00)","Fish Hawk",34.3679,-76.2754666666667
"Population 2 of Exocoetus volitans",299580,3,"12 Aug 1914 (1914 Aug 12 - 0000 00 00)","Fish Hawk",34.457097826087,-76.5047202898551
"Population 2 of Exocoetus volitans",299577,3,"12 Aug 1914 (1914 Aug 12 - 0000 00 00)","Fish Hawk",34.457097826087,-76.5047202898551
"Population 2 of Exocoetus volitans",294545,2,"11 Aug 1914 (1914 Aug 11 - 0000 00 00)","Fish Hawk",34.457097826087,-76.5047202898551
"Population 2 of Exocoetus volitans",294546,2,"10 Aug 1914 (1914 Aug 10 - 0000 00 00)","Fish Hawk",34.457097826087,-76.5047202898551
"Population 2 of Exocoetus volitans",299569,2,"(0000 Nov 15 - 0000 00 00)","Fish Hawk",34.457097826087,-76.5047202898551
"Population 1 of Fenestraja plutonia",123631,2,"4 May 1886","Albatross",29.6833,-79.9167
"Population 1 of Fenestraja plutonia",148302,39,"4 May 1886","Albatross",29.7833,-80.0958
"Population 2 of Fenestraja plutonia",395426,50,"21 Oct 1885 to 25 Oct 1885 (0000 00 00 - 0000 00 00)","Albatross",34.65,-75.9938
"Population 2 of Fenestraja plutonia",395427,47,"21 Oct 1885 to 25 Oct 1885 (0000 00 00 - 0000 00 00)","Albatross",34.65,-75.9938
"Population 2 of Fenestraja plutonia",148299,42,"21 Oct 1885 to 25 Oct 1885 (0000 00 00 - 0000 00 00)","Albatross",34.65,-75.9938
"Population 1 of Floridichthys carpio",130819,10,"15 Apr 1884 to 27 Apr 1884 (1884 Apr 15 - 1884 Apr 27)","Albatross",24.5634,-81.7845
"Population 1 of Floridichthys carpio",84014,10,"15 Apr 1884 to 27 Apr 1884 (1884 Apr 15 - 1884 Apr 27)","Albatross",24.5634,-81.7845
"Population 1 of Floridichthys carpio",93855,6,"15 Apr 1884 to 27 Apr 1884 (1884 Apr 15 - 1884 Apr 27)","Albatross",24.5634,-81.7845
"Population 1 of Floridichthys carpio",129898,4,"15 Apr 1884 to 27 Apr 1884 (1884 Apr 15 - 1884 Apr 27)","Albatross",24.5634,-81.7845
"Population 1 of Floridichthys carpio",84015,3,"15 Apr 1884 to 27 Apr 1884 (1884 Apr 15 - 1884 Apr 27)","Albatross",24.5634,-81.7845
"Population 1 of Fundulus heteroclitus",84026,12,"17 Mar 1885 (1885 Mar 17 - 0000 00 00)","Albatross",27.6883,-82.5725
"Population 1 of Fundulus heteroclitus",67684,29,"26 Jan 1898 (1898 Jan 26 - 0000 00 00)","Fish Hawk",27.8621,-82.5441
"Population 1 of Fundulus heteroclitus",67685,25,"26 Jan 1898 (1898 Jan 26 - 0000 00 00)","Fish Hawk",27.8621,-82.5441
"Population 2 of Fundulus heteroclitus",59027,2,"1891 (1891 00 00 - 0000 00 00)","Fish Hawk",32.0275,-80.8138
"Population 2 of Fundulus heteroclitus",59045,20,"1891 (1891 00 00 - 0000 00 00)","Fish Hawk",32.3625,-80.6636
"Population 2 of Fundulus heteroclitus",59031,1,"1891","Fish Hawk",32.4761,-80.5483
"Population 2 of Fundulus heteroclitus",59014,1,"13 Mar 1891 (1891 Mar 13 - 0000 00 00; 11:10)","Fish Hawk",32.7671,-79.8973
"Population 1 of Fundulus majalis",54976,3,"29 Jun 1892 (1892 Jun 29 - 0000 00 00)","Grampus",36.9579,-76.2941
"Population 1 of Fundulus majalis",91246,1,"4 Dec 1920 (1920 Dec 04 - 0000 00 00; 17:38 - 18:24)","Fish Hawk",36.9865,-76.1999
"Population 1 of Fundulus majalis",54961,4,"28 Jun 1892 (1892 Jun 28 - 0000 00 00)","Grampus",37.0297,-76.3456
"Population 1 of Fundulus majalis",54971,7,"6 Jul 1892 (1892 Jul 06 - 0000 00 00)","Grampus",37.273,-76.0214
"Population 1 of Fundulus majalis",54982,3,"6 Jul 1892 (1892 Jul 06 - 0000 00 00)","Grampus",37.273,-76.0214
"Population 1 of Fundulus majalis",125682,6,"19 Jul 1892 (1892 Jul 19 - 0000 00 00)","Grampus",37.2807,-75.9906
"Population 1 of Fundulus majalis",69712,2,"1892 (1892 00 00 - 0000 00 00)","Grampus",37.4024,-76.3443
"Population 1 of Fundulus majalis",91245,1,"11 Jun 1916 (1916 Jun 11 - 0000 00 00; 16:34 - 17:25)","Fish Hawk",38.1283,-76.2294
"Population 1 of Fundulus majalis",69824,2,"6 Jul 1892 (1892 Jul 06 - 0000 00 00)","Grampus",37.6505007751938,-75.6415705426357
"Population 1 of Fundulus similis",109887,20,"15 Apr 1884 (1884 Apr 15 - 0000 00 00)","Albatross",24.5505,-81.7696
"Population 1 of Fundulus similis",130820,40,"15 Apr 1884 to 27 Apr 1884 (1884 Apr 15 - 1884 Apr 27)","Albatross",24.5634,-81.7845
"Population 1 of Fundulus similis",84018,30,"15 Apr 1884 to 27 Apr 1884 (1884 Apr 15 - 1884 Apr 27)","Albatross",24.5634,-81.7845
"Population 1 of Fundulus similis",132226,30,"15 Apr 1884 to 27 Apr 1884 (1884 Apr 15 - 1884 Apr 27)","Albatross",24.5634,-81.7845
"Population 1 of Fundulus similis",84019,20,"15 Apr 1884 to 27 Apr 1884 (1884 Apr 15 - 1884 Apr 27)","Albatross",24.5634,-81.7845
"Population 1 of Fundulus similis",129896,10,"15 Apr 1884 to 27 Apr 1884 (1884 Apr 15 - 1884 Apr 27)","Albatross",24.5634,-81.7845
"Population 1 of Fundulus similis",85474,5,"15 Apr 1884 to 27 Apr 1884 (1884 Apr 15 - 1884 Apr 27)","Albatross",24.5634,-81.7845
"Population 1 of Fundulus similis",84021,5,"15 Apr 1884 to 27 Apr 1884 (1884 Apr 15 - 1884 Apr 27)","Albatross",24.5634,-81.7845
"Population 1 of Fundulus similis",131617,2,"15 Apr 1884 to 27 Apr 1884 (1884 Apr 15 - 1884 Apr 27)","Albatross",24.5634,-81.7845
"Population 2 of Fundulus similis",84020,15,"1885 (1885 00 00 - 0000 00 00)","Albatross",27.6883,-82.5725
"Population 2 of Fundulus similis",83848,6,"17 Mar 1885 (1885 Mar 17 - 0000 00 00)","Albatross",27.6883,-82.5725
"Population 2 of Fundulus similis",67686,39,"26 Jan 1898 (1898 Jan 26 - 0000 00 00)","Fish Hawk",27.8621,-82.5441
"Population 1 of Gambusia affinis",126779,25,"28 Jan 1917 (1917 Jan 28 - 0000 00 00)","Grampus",29.8111,-85.2883
"Population 2 of Gambusia affinis",126821,246,"27 Dec 1916 (1916 Dec 27 - 0000 00 00)","Grampus",34.208,-77.9354
"Population 2 of Gambusia affinis",124619,10,"29 Dec 1916 (1916 Dec 29 - 0000 00 00)","Grampus",34.2312,-77.9326
"Population 1 of Glyptocephalus cynoglossus",35410,2,"23 Jul 1884","Albatross",39.5028,-71.8333
"Population 1 of Glyptocephalus cynoglossus",31772,2,"8 Sep 1882","Fish Hawk",39.57,-71.93
"Population 1 of Glyptocephalus cynoglossus",45514,2,"9 Aug 1885","Albatross",39.7853,-70.5833
"Population 1 of Glyptocephalus cynoglossus",26113,5,"13 Sep 1880 (1880 Sep 13 - 0000 00 00; 15:12)","Fish Hawk",39.8083,-70.9
"Population 1 of Glyptocephalus cynoglossus",380004,1,"23-Jul-74","Albatross IV",39.8083,-71.7583
"Population 1 of Glyptocephalus cynoglossus",28785,2,"4 Aug 1881 (1881 Aug 04 - 0000 00 00; 12:45)","Fish Hawk",39.8236,-69.82
"Population 1 of Glyptocephalus cynoglossus",35460,2,"3 Aug 1884","Albatross",39.825,-71.1667
"Population 1 of Glyptocephalus cynoglossus",45519,2,"18 Sep 1885","Albatross",39.8333,-71.7167
"Population 1 of Glyptocephalus cynoglossus",45521,2,"8 Aug 1885","Albatross",39.8583,-70.2833
"Population 1 of Glyptocephalus cynoglossus",35484,2,"2 Aug 1884","Albatross",39.8708,-70.925
"Population 1 of Glyptocephalus cynoglossus",28782,3,"4 Aug 1881 (1881 Aug 04 - 0000 00 00)","Fish Hawk",39.88,-69.8417
"Population 1 of Glyptocephalus cynoglossus",45527,8,"8 Aug 1885","Albatross",39.8917,-70.2917
"Population 1 of Glyptocephalus cynoglossus",45518,3,"8 Aug 1885","Albatross",39.9083,-70.3333
"Population 1 of Glyptocephalus cynoglossus",45529,9,"28 Sep 1884","Albatross",39.9125,-69.4958
"Population 1 of Glyptocephalus cynoglossus",28845,2,"23 Aug 1881 (23 Aug 1881; 09:40)","Fish Hawk",39.95,-70.525
"Population 1 of Glyptocephalus cynoglossus",28949,6,"14 Sep 1881 (1881 Sep 14 - 0000 00 00; 12:13)","Fish Hawk",39.9517,-69.27
"Population 1 of Glyptocephalus cynoglossus",35449,2,"2 Aug 1884","Albatross",39.9625,-70.9417
"Population 1 of Glyptocephalus cynoglossus",28810,3,"9 Aug 1881 (1881 Aug 09 - 0000 00 00)","Fish Hawk",39.97,-71.22
"Population 1 of Glyptocephalus cynoglossus",33554,4,"21 Sep 1883","Albatross",39.9764,-71.0083
"Population 1 of Glyptocephalus cynoglossus",33529,3,"21 Sep 1883","Albatross",39.9764,-71.0083
"Population 1 of Glyptocephalus cynoglossus",33587,2,"20 Sep 1883","Albatross",40.0847,-70.5833
"Population 1 of Glyptocephalus cynoglossus",33358,2,"","Fish Hawk",40.3,-70.55
"Population 1 of Glyptocephalus cynoglossus",26018,28,"","Fish Hawk",40.0383,-70.385
"Population 1 of Gobionellus oceanicus",116652,22,"1 Mar 1917 (1917 Mar 01 - 0000 00 00)","Grampus",28.5,-94.48
"Population 1 of Gobiosoma ginsburgi",350463,50,"10 Jul 1915 (1915 Jul 10 - 0000 00 00)","Fish Hawk",33.2661,-79.2333
"Population 1 of Gobiosoma ginsburgi",350212,10,"9 Jul 1915 (1915 Jul 09 - 0000 00 00; 22:35 - 23:35)","Fish Hawk",33.2721,-79.222
"Population 2 of Gobiosoma ginsburgi",91132,2,"16 Jan 1916 (1916 Jan 16 - 0000 00 00)","Fish Hawk",37.0097,-76.2542
"Population 2 of Gobiosoma ginsburgi",116655,21,"20 Jul 1916 (1916 Jul 20 - 0000 00 00)","Fish Hawk",37.3047,-76.2813
"Population 1 of Gonichthys cocco",43823,35,"24 Oct 1886","Albatross",36.5833,-74.0583
"Population 1 of Gonichthys cocco",38191,160,"25 Oct 1886","Albatross",36.75,-74.4667
"Population 1 of Gonichthys cocco",43824,13,"23 Oct 1886","Albatross",36.7833,-73.4167
"Population 2 of Gonichthys cocco",39475,3,"","Albatross",38.4167,-72.6667
"Population 3 of Gonichthys cocco",92805,22,"16 Sep 1886","Albatross",38.9833,-70.1167
"Population 2 of Gonichthys cocco",43820,61,"19 Sep 1885","Albatross",39,-72
"Population 2 of Gonichthys cocco",43821,21,"19 Sep 1885","Albatross",39,-72
"Population 2 of Gonichthys cocco",43822,13,"19 Sep 1885","Albatross",39,-72
"Population 2 of Gonichthys cocco",43816,2,"19 Sep 1885","Albatross",39.0917,-72.3889
"Population 1 of Haemulon aurolineatum",101548,15,"18 Mar 1885","Albatross",26.5583,-83.2583
"Population 1 of Haemulon aurolineatum",133793,5,"18 Mar 1885","Albatross",26.5583,-83.2583
"Population 1 of Haemulon aurolineatum",134171,2,"18 Mar 1885","Albatross",26.5583,-83.2583
"Population 2 of Haemulon aurolineatum",151987,2,"18 Jan 1950 (1950 Jan 18 - 0000 00 00)","Albatross III",34.0583,-76.392
"Population 2 of Haemulon aurolineatum",386625,5,"9-Sep-02","Albatross IV",34.5722,-75.8067
"Population 2 of Haemulon aurolineatum",83800,30,"18 Oct 1885","Albatross",34.5917,-75.7583
"Population 2 of Haemulon aurolineatum",111852,15,"12 Aug 1914 (1914 Aug 12)","Fish Hawk",34.457097826087,-76.5047202898551
"Population 1 of Haemulon flavolineatum",37086,19,"29 Jan 1885 (1885 Jan 29 - 0000 00 00)","Albatross",21.6,-86.1542
"Population 1 of Haemulon flavolineatum",37087,5,"27 Jan 1885 (0000 00 00 - 0000 00 00)","Albatross",21.6,-86.1542
"Population 1 of Haemulon plumierii",130822,17,"15 Apr 1884 to 27 Apr 1884 (1884 Apr 15 - 1884 Apr 27)","Albatross",24.5634,-81.7845
"Population 1 of Haemulon plumierii",38672,3,"14 Jan 1885 (1885 Jan 14 - 0000 00 00)","Albatross",24.5634,-81.7845
"Population 1 of Haemulon plumierii",120505,3,"12-Jan-03","Fish Hawk",24.5185031390135,-81.7778632286995
"Population 1 of Harengula clupeola",38664,20,"Mar 1884 to Apr 1884 (1884 Mar 00 - 1884 Apr 00)","Albatross",17.0596619738858,-69.7740837897455
"Population 1 of Harengula humeralis",38535,25,"4 Apr 1884 to 9 Apr 1884","Albatross",9.50973333333333,-76.3972333333333
"Population 2 of Harengula humeralis",38663,22,"10 Feb 1884 to 18 Feb 1884","Albatross",15.8099464646465,-63.055801010101
"Population 3 of Harengula humeralis",37092,15,"29 Jan 1885","Albatross",21.6,-86.1542
"Population 2 of Harengula humeralis",38600,5,"10 Feb 1884 to 18 Feb 1884","Albatross",15.8099464646465,-63.055801010101
"Population 3 of Harengula humeralis",37079,5,"24 Jan 1885 (1885 Jan 24 - 0000 00 00)","Albatross",21.81032,-86.5278857142857
"Population 1 of Harengula humeralis",38628,4,"4 Apr 1884 to 9 Apr 1884","Albatross",9.50973333333333,-76.3972333333333
"Population 1 of Helicolenus dactylopterus",330008,2,"22 Apr 1994 (1994 Apr 22 - 0000 00 00; 20:44 - 23:14)","Albatross IV",42.2467,-65.9808
"Population 1 of Helicolenus dactylopterus",329905,21,"22 Apr 1994 (1994 Apr 22 - 0000 00 00; 06:55 - 09:36)","Albatross IV",42.28,-66.0675
"Population 1 of Helicolenus dactylopterus",329895,19,"22 Apr 1994 (1994 Apr 22 - 0000 00 00; 03:36 - 04:36)","Albatross IV",42.3833,-66.3583
"Population 1 of Helicolenus dactylopterus",329917,2,"23 Apr 1994 (1994 Apr 23 - 0000 00 00; 02:58 - 05:13)","Albatross IV",42.3833,-66.3975
"Population 1 of Heterandria formosa",126823,21,"3 Jan 1917 (1917 Jan 03 - 0000 00 00)","Grampus",34.208,-77.9354
"Population 1 of Heterandria formosa",124620,4,"27 Dec 1916 (1916 Dec 27 - 0000 00 00)","Grampus",34.2312,-77.9326
"Population 1 of Hippoglossoides platessoides",329951,12,"27 Apr 1994 (1994 Apr 27 - 0000 00 00; 08:06 - 08:40)","Albatross IV",42.16,-70.3992
"Population 1 of Hippoglossoides platessoides",325977,2,"21 Apr 1993 (1993 Apr 21 - 0000 00 00; 00:05)","Albatross IV",42.17,-70.37
"Population 1 of Hippoglossoides platessoides",329944,10,"27 Apr 1994 (1994 Apr 27 - 0000 00 00; 04:46 - 05:46 Ca)","Albatross IV",42.4233,-70.125
"Population 1 of Hippoglossoides platessoides",329869,2,"20 Apr 1994 (1994 Apr 20 - 0000 00 00; 04:34 - 05:34)","Albatross IV",42.8942,-69.7925
"Population 1 of Hippoglossoides platessoides",329875,3,"20 Apr 1994 (1994 Apr 20 - 0000 00 00; 08:09 - 09:09)","Albatross IV",43.1592,-69.2325
"Population 1 of Histrio histrio",83863,33,"25 Feb 1884 (1884 Feb 25 - 0000 00 00)","Albatross",19.75,-75.0667
"Population 2 of Histrio histrio",387320,2,"21 Mar 1914 (1914 Mar 21 - 0000 00 00)","Grampus (Bache)",27.77,-78.77
"Population 2 of Histrio histrio",134017,4,"22 Mar 1914 (1914 Mar 22 - 0000 00 00)","Grampus (Bache)",27.95,-78.25
"Population 2 of Histrio histrio",39474,6,"2 May 1886","Albatross",27.9583,-77.4583
"Population 2 of Histrio histrio",387326,5,"22 Mar 1914 (1914 Mar 22 - 0000 00 00)","Grampus (Bache)",28.13,-76.8
"Population 2 of Histrio histrio",164177,3,"23 Feb 1886","Albatross",28.7125,-76.65
"Population 2 of Histrio histrio",387312,14,"28 Feb 1914 (1914 Feb 28 - 0000 00 00)","Grampus (Bache)",29,-76.38
"Population 1 of Hygophum hygomii",479203,47,"1989","Albatross IV",37.6344589225589,-72.8608845117845
"Population 1 of Hygophum hygomii",479117,20,"1989","Albatross IV",37.6344589225589,-72.8608845117845
"Population 1 of Hygophum hygomii",475142,15,"1989","Albatross IV",37.6344589225589,-72.8608845117845
"Population 1 of Hygophum hygomii",479028,10,"1989","Albatross IV",37.6344589225589,-72.8608845117845
"Population 1 of Hygophum hygomii",475135,9,"1989","Albatross IV",37.6344589225589,-72.8608845117845
"Population 1 of Hygophum hygomii",479213,8,"1989","Albatross IV",37.6344589225589,-72.8608845117845
"Population 1 of Hygophum hygomii",479051,6,"1989","Albatross IV",37.6344589225589,-72.8608845117845
"Population 1 of Hygophum hygomii",478992,6,"1989","Albatross IV",37.6344589225589,-72.8608845117845
"Population 1 of Hyporhamphus unifasciatus",294413,5,"1 Sep 1914 (1914 Sep 01 - 0000 00 00)","Fish Hawk",34.0936,-76.25
"Population 1 of Hyporhamphus unifasciatus",294421,22,"3 Sep 1914 (1914 Sep 03 - 0000 00 00)","Fish Hawk",34.2,-76.0822
"Population 1 of Hyporhamphus unifasciatus",294415,15,"3 Sep 1914 (1914 Sep 03 - 0000 00 00)","Fish Hawk",34.2961,-75.8861
"Population 1 of Hyporhamphus unifasciatus",294416,2,"2-Sep-14","Fish Hawk",34.4,-75.8056
"Population 1 of Jenkinsia lamprotaenia",68646,25,"11 Feb 1899 (1899 Feb 11 - 0000 00 00)","Fish Hawk",18.3101,-65.3014
"Population 1 of Jenkinsia lamprotaenia",67633,6,"11 Feb 1899 (1899 Feb 11 - 0000 00 00)","Fish Hawk",18.3101,-65.3014
"Population 1 of Jenkinsia lamprotaenia",50125,5,"11 Feb 1899 (1899 Feb 11 - 0000 00 00)","Fish Hawk",18.3101,-65.3014
"Population 2 of Jenkinsia lamprotaenia",38465,158,"16 Mar 1886 (1886 Mar 16 - 0000 00 00)","Albatross",27.5183107474722,-76.5081605448942
"Population 3 of Jenkinsia lamprotaenia",131593,17,"4 Apr 1884 to 9 Apr 1884","Albatross",9.50973333333333,-76.3972333333333
"Population 3 of Jenkinsia lamprotaenia",150114,4,"4 Apr 1884 to 9 Apr 1884","Albatross",9.50973333333333,-76.3972333333333
"Population 1 of Jenkinsia stolifera",38697,25,"14 Jan 1885 (1885 Jan 14 - 0000 00 00)","Albatross",24.5634,-81.7845
"Population 2 of Jenkinsia stolifera",37106,190,"29 Jan 1885","Albatross",21.6,-86.1542
"Population 3 of Jenkinsia stolifera",91412,114,"25-Nov-19","Albatross",26.6649720646287,-82.3911841971575
"Population 2 of Jenkinsia stolifera",37055,5,"24 Jan 1885 (1885 Jan 24 - 0000 00 00)","Albatross",21.81032,-86.5278857142857
"Population 1 of Laemonema barbatulum",131941,24,"21 Oct 1885","Albatross",32.5833,-77.5
"Population 1 of Laemonema barbatulum",84477,17,"21 Oct 1885","Albatross",32.5833,-77.5
"Population 1 of Laemonema barbatulum",143085,12,"21 Oct 1885","Albatross",32.5833,-77.5
"Population 1 of Laemonema barbatulum",132207,51,"21 Oct 1885","Albatross",32.6,-77.4875
"Population 1 of Lagodon rhomboides",118914,80,"15-Jan-13","Fish Hawk",29.8354,-84.6686
"Population 1 of Liparis atlanticus",133824,33,"27 Sep 1884","Albatross",40.575,-69.8458
"Population 1 of Liparis inquilinus",458795,30,"28 Sep 1884","Albatross",40.2208,-69.4875
"Population 1 of Lutjanus synagris",120525,2,"14-Jan-03","Fish Hawk",24.5505,-81.7696
"Population 1 of Lutjanus synagris",410876,1,"","Fish Hawk",24.5505,-81.7696
"Population 1 of Lutjanus synagris",38673,15,"14 Jan 1885 (1885 Jan 14 - 0000 00 00)","Albatross",24.5634,-81.7845
"Population 1 of Lutjanus synagris",36922,12,"15 Apr 1884 to 27 Apr 1884 (1884 Apr 15 - 1884 Apr 27)","Albatross",24.5634,-81.7845
"Population 1 of Lutjanus synagris",83817,3,"15 Apr 1884 to 27 Apr 1884 (1884 Apr 15 - 1884 Apr 27)","Albatross",24.5634,-81.7845
"Population 1 of Lutjanus synagris",83819,1,"15 Apr 1884 to 27 Apr 1884 (1884 Apr 15 - 1884 Apr 27)","Albatross",24.5634,-81.7845
"Population 1 of Lutjanus synagris",133982,2,"13 Feb 1902 (1902 Feb 13 - 0000 00 00; 11:50)","Fish Hawk",24.5873,-81.7793
"Population 1 of Lycenchelys verrillii",45930,18,"20 Oct 1884","Albatross",35.6667,-74.8583
"Population 1 of Lycenchelys verrillii",45935,16,"20 Oct 1884","Albatross",35.6667,-74.8583
"Population 2 of Lycenchelys verrillii",28886,3,"8 Sep 1881 (1881 Sep 08 - 0000 00 00; 04:50)","Fish Hawk",39.67,-71.5
"Population 2 of Lycenchelys verrillii",28894,4,"8 Sep 1881 (8 Sep 1881; 09:03)","Fish Hawk",39.7,-71.53
"Population 2 of Lycenchelys verrillii",28919,2,"8 Sep 1881 (1881 Sep 08 - 0000 00 00; 10:34)","Fish Hawk",39.72,-71.53
"Population 2 of Lycenchelys verrillii",26082,2,"13 Sep 1880 (1880 Sep 13 - 0000 00 00; 15:12)","Fish Hawk",39.8083,-70.9
"Population 2 of Lycenchelys verrillii",28768,3,"4 Aug 1881 (1881 Aug 04 - 0000 00 00; 14:44)","Fish Hawk",39.85,-69.8208
"Population 2 of Lycenchelys verrillii",26180,3,"2 Oct 1880 (2 Oct 1880; 11:23 - 15:17)","Fish Hawk",39.8593,-71.0161
"Population 2 of Lycenchelys verrillii",45928,2,"8 Aug 1885","Albatross",39.9083,-70.3333
"Population 2 of Lycenchelys verrillii",35695,4,"28 Sep 1884","Albatross",39.9125,-69.4958
"Population 2 of Lycenchelys verrillii",28736,3,"16 Jul 1881 (16 Jul 1881; 15:35)","Fish Hawk",39.9167,-70.7833
"Population 2 of Lycenchelys verrillii",28842,2,"23 Aug 1881 (23 Aug 1881; 09:40)","Fish Hawk",39.95,-70.525
"Population 2 of Lycenchelys verrillii",31586,2,"11 Aug 1882 (1882 Aug 11 - 0000 00 00; 06:54)","Fish Hawk",39.97,-69.7
"Population 3 of Lycenchelys verrillii",329855,6,"19 Apr 1994 to 20 Apr 1994 (1994 Apr 19 - 1994 Apr 20; 23:11 - 00:11)","Albatross IV",42.48,-69.4283
"Population 3 of Lycenchelys verrillii",329862,6,"20 Apr 1994 (1994 Apr 20 - 0000 00 00; 01:55 - 02:55)","Albatross IV",42.6533,-69.6133
"Population 3 of Lycenchelys verrillii",329867,2,"20 Apr 1994 (1994 Apr 20 - 0000 00 00; 04:34 - 05:34)","Albatross IV",42.8942,-69.7925
"Population 3 of Lycenchelys verrillii",329873,7,"20 Apr 1994 (1994 Apr 20 - 0000 00 00; 08:09 - 09:09)","Albatross IV",43.1592,-69.2325
"Population 1 of Malacoraja senta",35517,1,"21 Aug 1884","Albatross",39.5792,-71.525
"Population 1 of Malacoraja senta",33304,1,"1 Aug 1883","Albatross",39.6833,-69.3389
"Population 1 of Malacoraja senta",38088,1,"16 Jul 1886","Albatross",39.7167,-70.4833
"Population 1 of Malacoraja senta",28921,3,"8 Sep 1881 (1881 Sep 08 - 0000 00 00; 10:34)","Fish Hawk",39.72,-71.53
"Population 1 of Malacoraja senta",33522,1,"21 Sep 1883","Albatross",39.7417,-71.0667
"Population 1 of Malacoraja senta",35455,1,"4 Aug 1884","Albatross",39.7583,-70.2833
"Population 1 of Malacoraja senta",35552,1,"22 Aug 1884","Albatross",39.7833,-70.5083
"Population 1 of Malacoraja senta",28803,2,"","Fish Hawk",39.8917,-71.23
"Population 1 of Malacoraja senta",28788,2,"4 Aug 1881 (August 4, 1881 5:30pm)","Fish Hawk",39.9,-69.8583
"Population 1 of Malacoraja senta",26177,2,"2 Oct 1880","Fish Hawk",39.9417,-70.9958
"Population 1 of Malacoraja senta",28747,4,"16 Jul 1881 (0000 00 00 - 0000 00 00)","Fish Hawk",39.9583,-70.7667
"Population 1 of Malacoraja senta",28973,4,"","Fish Hawk",39.97,-70.1
"Population 1 of Malacoraja senta",33525,2,"20 Sep 1883","Albatross",39.9806,-70.6611
"Population 1 of Malacoraja senta",31670,1,"22 Aug 1882 (1882 Aug 22 - 0000 00 00; 07:55)","Fish Hawk",40.05,-70.63
"Population 1 of Melanostigma atlanticum",410500,1,"10-Apr-01","Albatross IV",41.3965,-68.973
"Population 1 of Melanostigma atlanticum",391338,2,"20-Oct-94","Albatross IV",41.95,-69.58
"Population 1 of Melanostigma atlanticum",329844,1,"19 Apr 1994 (1994 Apr 19 - 0000 00 00; 16:20 - 16:50)","Albatross IV",41.967,-69.467
"Population 1 of Melanostigma atlanticum",329937,3,"26 Apr 1994 (1994 Apr 26 - 0000 00 00; 20:42 - 22:42)","Albatross IV",42.0267,-69.44
"Population 2 of Melanostigma atlanticum",408669,13,"19-Oct-94","Albatross IV",42.18,-67.47
"Population 1 of Melanostigma atlanticum",329938,11,"27 Apr 1994 (1994 Apr 27 - 0000 00 00; 00:35 - 02:35)","Albatross IV",42.3525,-69.7075
"Population 1 of Melanostigma atlanticum",391392,9,"25-Apr-95","Albatross IV",42.37,-69.92
"Population 1 of Melanostigma atlanticum",391389,4,"20-Apr-95","Albatross IV",42.4,-69.17
"Population 1 of Melanostigma atlanticum",325949,2,"21 Apr 1993 (1993 Apr 21 - 0000 00 00; 20:44)","Albatross IV",42.4,-69.43
"Population 2 of Melanostigma atlanticum",391334,9,"8-Oct-94","Albatross IV",42.43,-67.18
"Population 1 of Melanostigma atlanticum",325951,1,"21 Apr 1993 (1993 Apr 21 - 0000 00 00; 09:09)","Albatross IV",42.52,-69.92
"Population 1 of Melanostigma atlanticum",391335,31,"19-Oct-94","Albatross IV",42.57,-69.53
"Population 1 of Melanostigma atlanticum",322175,3,"26 Oct 1988 (1988 Oct 26 - 0000 00 00)","Albatross IV",42.57,-69.68
"Population 1 of Melanostigma atlanticum",391394,7,"21-Apr-93","Albatross IV",42.58,-69.5
"Population 1 of Melanostigma atlanticum",325965,4,"22 Apr 1993 (1993 Apr 22 - 0000 00 00; 03:08)","Albatross IV",42.68,-69.4
"Population 1 of Melanostigma atlanticum",391336,3,"19-Oct-94","Albatross IV",42.77,-69.45
"Population 1 of Melanostigma atlanticum",388285,5,"23-Apr-02","Albatross IV",42.8117,-69.8844
"Population 1 of Membras martinica",111564,48,"9 Jul 1915 (1915 Jul 09 - 0000 00 00; 22:35 - 23:35)","Fish Hawk",33.2721,-79.222
"Population 2 of Membras martinica",69732,2,"29 Jun 1892 (1892 Jun 29 - 0000 00 00)","Grampus",36.9579,-76.2941
"Population 2 of Membras martinica",125451,12,"28 Jun 1892 (1892 Jun 28 - 0000 00 00)","Grampus",37.0092,-76.2939
"Population 2 of Membras martinica",69731,2,"7 Jul 1892 (1892 Jul 07 - 0000 00 00)","Grampus",37.0096,-76.318
"Population 2 of Membras martinica",69733,36,"28 Jun 1892 (1892 Jun 28 - 0000 00 00)","Grampus",37.0149,-76.2984
"Population 2 of Membras martinica",69734,14,"28 Jun 1892","Grampus",37.0149,-76.2984
"Population 2 of Membras martinica",90358,14,"21 Jul 1916 (1916 Jul 21 - 0000 00 00)","Fish Hawk",37.0928,-75.9639
"Population 3 of Membras martinica",59023,24,"7 Apr 1891 (1891 Apr 07 - 0000 00 00)","Fish Hawk",34.447576435603,-76.488104211102
"Population 2 of Membras martinica",90638,3,"9 Jul 1920 (1920 Jul 09 - 0000 00 00)","Fish Hawk",37.6505007751938,-75.6415705426357
"Population 1 of Menidia menidia",59025,13,"1891 (1891 00 00 - 0000 00 00)","Fish Hawk",32.0275,-80.8138
"Population 1 of Menidia menidia",59034,3,"1891","Fish Hawk",32.4761,-80.5483
"Population 1 of Menidia menidia",59038,6,"3 Mar 1891 (1891 Mar 03 - 0000 00 00)","Fish Hawk",32.6079,-80.2515
"Population 2 of Menidia menidia",84597,25,"6 Jun 1891 (1891 Jun 06 - 0000 00 00)","Fish Hawk",33.2224,-79.1864
"Population 2 of Menidia menidia",59052,2,"1890 (1890 00 00 - 0000 00 00)","Fish Hawk",33.2721,-79.222
"Population 3 of Menidia menidia",335883,25,"12 Jul 1915 (1915 Jul 12 - 0000 00 00)","Fish Hawk",33.8375,-78.0625
"Population 4 of Menidia menidia",69703,2,"29 Jun 1892 (1892 Jun 29 - 0000 00 00)","Grampus",36.9511,-76.2788
"Population 4 of Menidia menidia",69701,11,"7 Jul 1892 (1892 Jul 07 - 0000 00 00)","Grampus",37.0096,-76.318
"Population 4 of Menidia menidia",69700,5,"7 Jul 1892 (1892 Jul 07 - 0000 00 00)","Grampus",37.0124,-76.3141
"Population 4 of Menidia menidia",69702,2,"28 Jun 1892 (1892 Jun 28 - 0000 00 00)","Grampus",37.0149,-76.2984
"Population 4 of Menidia menidia",69697,9,"19 Jul 1892 (1892 Jul 19 - 0000 00 00)","Grampus",37.2807,-75.9906
"Population 4 of Menidia menidia",69699,6,"19 Jul 1892 (1892 Jul 19 - 0000 00 00)","Grampus",37.2807,-75.9906
"Population 4 of Menidia menidia",69698,2,"19 Jul 1892 (1892 Jul 19 - 0000 00 00)","Grampus",37.2807,-75.9906
"Population 4 of Menidia menidia",69704,4,"18 Jul 1892 (1892 Jul 18 - 0000 00 00)","Grampus",37.62,-76.3085
"Population 4 of Menidia menidia",90567,7,"10 Mar 1916 (1916 Mar 10 - 0000 00 00; 07:30 - 09:00)","Fish Hawk",38.0217,-76.365
"Population 4 of Menidia menidia",90365,2,"10 Mar 1916 (1916 Mar 10 - 0000 00 00; 11:37 - 13:06)","Fish Hawk",38.1167,-76.2233
"Population 4 of Menidia menidia",90594,3,"19 Jan 1916 (1916 Jan 19 - 0000 00 00; 16:21 - 17:30)","Fish Hawk",38.125,-76.2333
"Population 4 of Menidia menidia",90596,13,"10 Mar 1916 (1916 Mar 10 - 0000 00 00; 15:30 - 16:30)","Fish Hawk",38.2514,-76.2567
"Population 4 of Menidia menidia",90367,2,"20 Jan 1916 (1916 Jan 20 - 0000 00 00; 10:48 - 12:15)","Fish Hawk",38.3333,-76.3067
"Population 4 of Menidia menidia",90366,2,"11 Mar 1916 (1916 Mar 11 - 0000 00 00; 17:18)","Fish Hawk",38.3361,-76.2983
"Population 4 of Menidia menidia",335892,10,"12 Jun 1916 (1916 Jun 12 - 0000 00 00; 08:02 - 08:35)","Fish Hawk",38.35,-76.3583
"Population 4 of Menidia menidia",335890,2,"12 Jun 1916 (1916 Jun 12 - 0000 00 00; 12:28 - 13:00)","Fish Hawk",38.6711,-76.3353
"Population 4 of Menidia menidia",90564,9,"9 Dec 1915 (1915 Dec 09 - 0000 00 00; 11:12 - 12:05)","Fish Hawk",38.6717,-76.4183
"Population 4 of Menidia menidia",90595,2,"12 Mar 1916 (1916 Mar 12 - 0000 00 00; 06:40 - 07:00)","Fish Hawk",38.9217,-76.39
"Population 5 of Menidia menidia",120596,3,"4 Sep 1899 (1899 Sep 04 - 0000 00 00)","Fish Hawk",41.3644,-70.4954
"Population 5 of Menidia menidia",84596,20,"5 Aug 1885 (1885 Aug 05 - 0000 00 00)","Grampus",41.5261,-70.6749
"Population 5 of Menidia menidia",116192,4,"29 Oct 1887 (1887 Oct 29 - 0000 00 00)","Albatross",41.5261,-70.6749
"Population 5 of Menidia menidia",117403,2,"5 Aug 1885 (1885 Aug 05 - 0000 00 00)","Albatross",41.5261,-70.6749
"Population 5 of Menidia menidia",70140,5,"10 Aug 1892 (1892 Aug 10 - 0000 00 00)","Fish Hawk",41.5347,-70.6393
"Population 5 of Menidia menidia",120593,3,"28 Aug 1899 (1899 Aug 28 - 0000 00 00)","Fish Hawk",41.5474,-70.5264
"Population 6 of Menidia menidia",68135,23,"30 Aug 1892 (1892 Aug 30 - 0000 00 00)","Grampus",43.8249,-70.0961
"Population 7 of Menidia menidia",59047,37,"1891 (1891 00 00 - 0000 00 00)","Fish Hawk",33.8895888888889,-76.7401829059829
"Population 4 of Menidia menidia",69821,18,"6 Jul 1892 (1892 Jul 06 - 0000 00 00)","Grampus",37.6505007751938,-75.6415705426357
"Population 4 of Menidia menidia",125455,17,"6 Jul 1892 (1892 Jul 06 - 0000 00 00)","Grampus",37.6505007751938,-75.6415705426357
"Population 7 of Menidia menidia",59024,12,"1891 (1891 00 00 - 0000 00 00)","Fish Hawk",34.447576435603,-76.488104211102
"Population 4 of Menidia menidia",90566,4,"18 Feb 1914 (1914 Feb 18 - 0000 00 00; 15:42 - 16:00)","Fish Hawk",38.33518,-76.28761
"Population 4 of Menidia menidia",90568,3,"22 Mar 1914 (1914 Mar 22 - 0000 00 00; 16:00 - 16:12)","Fish Hawk",38.1265722222222,-76.2339555555556
"Population 4 of Menidia menidia",90371,3,"9 Jul 1920 (1920 Jul 09 - 0000 00 00)","Fish Hawk",37.6505007751938,-75.6415705426357
"Population 4 of Menidia menidia",69814,3,"7 Jul 1892 (1892 Jul 07 - 0000 00 00)","Grampus",37.6505007751938,-75.6415705426357
"Population 4 of Menidia menidia",69822,2,"6 Jul 1892 (1892 Jul 06 - 0000 00 00)","Grampus",37.6505007751938,-75.6415705426357
"Population 4 of Menidia menidia",69816,2,"7 Jul 1892 (1892 Jul 07 - 0000 00 00)","Grampus",37.6505007751938,-75.6415705426357
"Population 1 of Menidia peninsulae",84039,15,"17 Mar 1885 (1885 Mar 17 - 0000 00 00)","Albatross",27.6883,-82.5725
"Population 1 of Menidia peninsulae",83843,9,"17 Mar 1885 (1885 Mar 17 - 0000 00 00)","Albatross",27.6883,-82.5725
"Population 1 of Menidia peninsulae",58972,34,"21 Jan 1898 to 25 Jan 1898 (1898 Jan 21 - 1898 Jan 25)","Fish Hawk",27.8621,-82.5441
"Population 1 of Menticirrhus americanus",91043,15,"24 Sep 1922 to 28 Sep 1922","Fish Hawk",36.9497,-76.2467
"Population 1 of Menticirrhus americanus",91041,6,"22-Sep-21","Fish Hawk",37.1948,-76.018
"Population 1 of Merluccius bilinearis",45916,2,"27 Sep 1884","Albatross",40.1167,-69.95
"Population 1 of Merluccius bilinearis",45918,2,"26 Sep 1884","Albatross",40.2583,-70.45
"Population 1 of Merluccius bilinearis",302413,4,"28 Sep 1988 (1988 Sep 28 - 0000 00 00)","Albatross IV",40.7,-70.567
"Population 1 of Merluccius bilinearis",120594,1,"1 Sep 1899 (1899 Sep 01 - 0000 00 00)","Fish Hawk",41.3644,-70.4954
"Population 1 of Merluccius bilinearis",120597,1,"30 Aug 1899 (1899 Aug 30 - 0000 00 00)","Fish Hawk",41.4019,-70.4875
"Population 1 of Merluccius bilinearis",120598,1,"2 Sep 1899 (1899 Sep 02 - 0000 00 00)","Fish Hawk",41.5405,-70.6584
"Population 1 of Merluccius bilinearis",120595,1,"28 Aug 1899 (1899 Aug 28 - 0000 00 00)","Fish Hawk",41.5644,-70.5233
"Population 1 of Merluccius bilinearis",120600,1,"22 Aug 1899 (1899 Aug 22 - 0000 00 00)","Fish Hawk",41.601,-70.6443
"Population 1 of Merluccius bilinearis",325947,1,"20 Apr 1993 (1993 Apr 20 - 0000 00 00; 13:00)","Albatross IV",41.82,-70.48
"Population 1 of Merluccius bilinearis",329843,6,"19 Apr 1994 (1994 Apr 19 - 0000 00 00; 16:20 - 16:50)","Albatross IV",41.967,-69.467
"Population 1 of Merluccius bilinearis",325946,1,"20 Apr 1993 (1993 Apr 20 - 0000 00 00; 17:58)","Albatross IV",42.02,-70.23
"Population 1 of Merluccius bilinearis",54924,5,"","Fish Hawk",41.4703,-70.7024
"Population 1 of Monacanthus ciliatus",119758,14,"30 Jan 1885","Albatross",22.125,-87.1
"Population 1 of Monacanthus ciliatus",101588,10,"30 Jan 1885","Albatross",22.3,-87.0667
"Population 2 of Monacanthus ciliatus",72988,8,"13 Feb 1902 (1902 Feb 13)","Fish Hawk",24.4979,-81.8281
"Population 2 of Monacanthus ciliatus",72987,8,"13 Feb 1902 (1902 Feb 13; 2:40pm)","Fish Hawk",24.5246,-81.808
"Population 2 of Monacanthus ciliatus",38691,27,"14 Jan 1885 (1885 Jan 14 - 0000 00 00)","Albatross",24.5634,-81.7845
"Population 2 of Monacanthus ciliatus",133073,2,"20-Dec-02","Fish Hawk",24.9075,-81.1708
"Population 2 of Monacanthus ciliatus",73216,5,"20-Dec-02","Fish Hawk",24.9133,-81.3403
"Population 2 of Monacanthus ciliatus",73003,1,"19 Dec 1902 (1902 Dec 19 - 0000 00 00; 11:40)","Fish Hawk",25.0167,-81.425
"Population 2 of Monacanthus ciliatus",72999,2,"18-Dec-02","Fish Hawk",25.0583,-81.2028
"Population 2 of Monacanthus ciliatus",73144,1,"20 Dec 1902 (1902 Dec 20 - 0000 00 00)","Fish Hawk",25.1526,-81.1449
"Population 2 of Monacanthus ciliatus",73002,5,"19 Dec 1902 (1902 Dec 19)","Fish Hawk",25.1547,-81.2787
"Population 3 of Monacanthus ciliatus",119763,3,"24 Jan 1902 (1902 Jan 24 - 0000 00 00; 09:00)","Fish Hawk",28.325,-83.0167
"Population 3 of Monacanthus ciliatus",72997,2,"15 Jan 1902 (15 Jan 1902; 09:55)","Fish Hawk",28.4417,-83.1333
"Population 3 of Monacanthus ciliatus",105018,4,"15-Jan-02","Fish Hawk",28.5583,-83.3167
"Population 3 of Monacanthus ciliatus",105019,6,"15-Jan-02","Fish Hawk",28.5792,-83.1333
"Population 3 of Monacanthus ciliatus",73202,3,"17-Jan-02","Fish Hawk",28.6542,-83.3417
"Population 3 of Monacanthus ciliatus",72996,6,"17-Jan-02","Fish Hawk",28.7083,-83.1625
"Population 3 of Monacanthus ciliatus",119760,2,"28 Nov 1901 (28 Nov 1901; 9:25 am)","Fish Hawk",28.8708,-83.4
"Population 3 of Monacanthus ciliatus",72991,7,"7-Nov-01","Fish Hawk",28.9806,-83.9056
"Population 3 of Monacanthus ciliatus",72998,8,"21-Nov-01","Fish Hawk",29.2208,-83.5417
"Population 3 of Monacanthus ciliatus",105017,3,"21 Nov 1901 (1901 Nov 21 - 0000 00 00)","Fish Hawk",29.3,-83.6167
"Population 3 of Monacanthus ciliatus",119764,3,"7 Nov 1901 (1901 Nov 07; 13:05)","Fish Hawk",29.5333,-83.975
"Population 3 of Monacanthus ciliatus",142864,1,"5 Nov 1901 (1901 Nov 05 - 0000 00 00)","Fish Hawk",29.5361,-83.4972
"Population 3 of Monacanthus ciliatus",73204,4,"6-Nov-01","Fish Hawk",29.8028,-83.9208
"Population 3 of Monacanthus ciliatus",72989,3,"6-Nov-01","Fish Hawk",29.8694,-83.8631
"Population 2 of Monacanthus ciliatus",72992,2,"18 Dec 1902 (1902 Dec 18)","Fish Hawk",25.0664026315789,-81.3035789473684
"Population 2 of Monacanthus ciliatus",129860,2,"22 Dec 1902 (1902 Dec 22)","Fish Hawk",25.0664026315789,-81.3035789473684
"Population 1 of Mullus auratus",126796,20,"3 Apr 1917 (1917 Apr 03 - 0000 00 00)","Grampus",26.6642,-82.3266
"Population 1 of Mullus auratus",91451,46,"2 May 1915 (May 2, 1915, 19:00-20:00pm)","Fish Hawk",26.6649720646287,-82.3911841971575
"Population 1 of Myctophum affine",92808,60,"23 Oct 1886","Albatross",36.7833,-73.4167
"Population 2 of Myctophum affine",92804,21,"16 Sep 1886","Albatross",38.9833,-70.1167
"Population 2 of Myctophum affine",151159,8,"16 Jul 1886","Albatross",39.6333,-70.3667
"Population 3 of Myctophum affine",479015,21,"1989","Albatross IV",37.6344589225589,-72.8608845117845
"Population 3 of Myctophum affine",478993,14,"1989","Albatross IV",37.6344589225589,-72.8608845117845
"Population 3 of Myctophum affine",479058,12,"1989","Albatross IV",37.6344589225589,-72.8608845117845
"Population 3 of Myctophum affine",479029,10,"1989","Albatross IV",37.6344589225589,-72.8608845117845
"Population 3 of Myctophum affine",475141,7,"1989","Albatross IV",37.6344589225589,-72.8608845117845
"Population 3 of Myctophum affine",479055,4,"1989","Albatross IV",37.6344589225589,-72.8608845117845
"Population 3 of Myctophum affine",479122,3,"1989","Albatross IV",37.6344589225589,-72.8608845117845
"Population 3 of Myctophum affine",479089,3,"1989","Albatross IV",37.6344589225589,-72.8608845117845
"Population 3 of Myctophum affine",479240,2,"1989","Albatross IV",37.6344589225589,-72.8608845117845
"Population 1 of Myoxocephalus octodecemspinosus",120624,7,"","Fish Hawk",41.9067,-70.3508
"Population 1 of Myoxocephalus octodecemspinosus",329956,9,"27 Apr 1994 (1994 Apr 27 - 0000 00 00; 09:39 - 10:09)","Albatross IV",42.0808,-70.43
"Population 1 of Myoxocephalus octodecemspinosus",329940,4,"27 Apr 1994 (1994 Apr 27 - 0000 00 00; 04:46 - 05:46 Ca)","Albatross IV",42.4233,-70.125
"Population 1 of Nezumia bairdii",38065,1,"20 Sep 1886","Albatross",38.9333,-72.1917
"Population 1 of Nezumia bairdii",92828,4,"11 Aug 1885","Albatross",39.3667,-71.3917
"Population 1 of Nezumia bairdii",35434,4,"23 Jul 1884","Albatross",39.4833,-71.7667
"Population 1 of Nezumia bairdii",35435,1,"23 Jul 1884","Albatross",39.4833,-71.7667
"Population 1 of Nezumia bairdii",35427,6,"23 Jul 1884","Albatross",39.4972,-71.825
"Population 1 of Nezumia bairdii",45714,2,"22 Jul 1884","Albatross",39.55,-72.3083
"Population 1 of Nezumia bairdii",28913,1,"8 Sep 1881 (1881 Sep 08 - 0000 00 00; 04:50)","Fish Hawk",39.67,-71.5
"Population 1 of Nezumia bairdii",39231,1,"19 Sep 1887","Albatross",39.7,-71.2833
"Population 1 of Nezumia bairdii",28903,1,"8 Sep 1881 (1881 Sep 08)","Fish Hawk",39.7536,-71.5
"Population 1 of Nezumia bairdii",26193,9,"2 Oct 1880","Fish Hawk",39.7667,-71.0833
"Population 1 of Nezumia bairdii",45778,4,"18 Jul 1886","Albatross",39.7667,-71.3167
"Population 1 of Nezumia bairdii",35598,1,"22 Aug 1884","Albatross",39.7833,-70.5083
"Population 1 of Nezumia bairdii",45743,3,"9 Aug 1885","Albatross",39.7853,-70.5833
"Population 1 of Nezumia bairdii",45712,2,"9 Aug 1885","Albatross",39.8083,-70.675
"Population 1 of Nezumia bairdii",28909,2,"8 Sep 1881","Fish Hawk",39.82,-71.42
"Population 1 of Nezumia bairdii",28787,1,"4 Aug 1881 (1881 Aug 04 - 0000 00 00; 12:45)","Fish Hawk",39.8236,-69.82
"Population 1 of Nezumia bairdii",26062,6,"13 Sep 1880 (1880 Sep 13 - 0000 00 00; 13:20)","Fish Hawk",39.825,-70.9
"Population 1 of Nezumia bairdii",45780,1,"16 Jul 1886","Albatross",39.8333,-70.4333
"Population 1 of Nezumia bairdii",28892,3,"8 Sep 1881 (1881 Sep 08 - 0000 00 00)","Fish Hawk",39.8417,-71.38
"Population 1 of Nezumia bairdii",28773,3,"4 Aug 1881 (1881 Aug 04 - 0000 00 00; 14:44)","Fish Hawk",39.85,-69.8208
"Population 1 of Nezumia bairdii",134004,1,"18 Jul 1886","Albatross",39.8667,-71.3458
"Population 1 of Nezumia bairdii",26198,1,"","Fish Hawk",39.8833,-70.975
"Population 1 of Nezumia bairdii",45703,3,"8 Aug 1885","Albatross",39.8917,-70.2917
"Population 1 of Nezumia bairdii",45731,2,"8 Aug 1885","Albatross",39.8917,-70.2917
"Population 1 of Nezumia bairdii",31855,2,"4 Oct 1882 (4 Oct 1882; 10:45)","Fish Hawk",39.9,-70.62
"Population 1 of Nezumia bairdii",45708,1,"8 Aug 1885","Albatross",39.9083,-70.3333
"Population 1 of Nezumia bairdii",35685,1,"28 Sep 1884","Albatross",39.9125,-69.4958
"Population 1 of Nezumia bairdii",31880,1,"4 Oct 1882","Fish Hawk",39.9253,-70.65
"Population 1 of Nezumia bairdii",31646,1,"18 Aug 1882 (1882 Aug 18 - 0000 00 00)","Fish Hawk",39.93,-70.58
"Population 1 of Nezumia bairdii",31643,2,"22 Aug 1882 (22 Aug 1882; 13:45)","Fish Hawk",39.95,-70.62
"Population 1 of Nezumia bairdii",28931,2,"14 Sep 1881 (1881 Sep 14 - 0000 00 00; 09:01)","Fish Hawk",39.95,-69.28
"Population 1 of Nezumia bairdii",28739,1,"16 Jul 1881 (0000 00 00 - 0000 00 00)","Fish Hawk",39.9583,-70.7667
"Population 1 of Nezumia bairdii",33037,1,"25 May 1883","Albatross",39.9639,-70.5333
"Population 1 of Nezumia bairdii",33006,1,"25 May 1883","Albatross",39.9639,-70.5333
"Population 1 of Nezumia bairdii",31605,1,"11 Aug 1882 (1882 Aug 11 - 0000 00 00; 06:54)","Fish Hawk",39.97,-69.7
"Population 1 of Nezumia bairdii",31657,1,"18 Aug 1882 (1882 Aug 18 - 0000 00 00; 14:40)","Fish Hawk",39.97,-70.63
"Population 1 of Nezumia bairdii",33513,6,"21 Sep 1883","Albatross",39.9764,-71.0083
"Population 1 of Nezumia bairdii",33008,1,"25 May 1883","Albatross",40.0333,-70.45
"Population 1 of Nezumia bairdii",31731,2,"26 Aug 1882 (1882 Aug 26 - 0000 00 00; 05:45)","Fish Hawk",40.05,-68.93
"Population 1 of Nezumia bairdii",31736,1,"26 Aug 1882","Fish Hawk",40.07,-68.82
"Population 1 of Nezumia bairdii",31721,1,"26 Aug 1882","Fish Hawk",40.07,-68.82
"Population 2 of Nezumia bairdii",33456,2,"4 Sep 1883","Albatross",41.1611,-66.0389
"Population 2 of Nezumia bairdii",45739,1,"13 Jul 1885","Albatross",41.7833,-65.625
"Population 2 of Nezumia bairdii",33450,8,"2 Sep 1883","Albatross",41.8833,-65.5833
"Population 2 of Nezumia bairdii",45927,1,"2 Sep 1883","Albatross",41.8833,-65.5833
"Population 2 of Nezumia bairdii",329903,1,"22 Apr 1994 (1994 Apr 22 - 0000 00 00; 06:55 - 07:55)","Albatross IV",42.29,-66.0875
"Population 2 of Nezumia bairdii",45719,1,"12 Jul 1885","Albatross",42.3333,-65.125
"Population 2 of Nezumia bairdii",329891,2,"21 Apr 1994 (1994 Apr 21 - 0000 00 00; 17:09 - 18:00)","Albatross IV",42.3475,-67.4608
"Population 2 of Nezumia bairdii",329893,3,"21 Apr 1994 to 22 Apr 1994 (1994 Apr 21 - 1994 Apr 22; 23:58 - 00:58)","Albatross IV",42.4025,-66.7383
"Population 2 of Nezumia bairdii",388252,1,"20-Oct-01","Albatross IV",42.6411,-67.8142
"Population 2 of Nezumia bairdii",329886,1,"21 Apr 1994 (1994 Apr 21 - 0000 00 00; 09:33 - 10:33)","Albatross IV",42.8608,-68.1658
"Population 1 of Nezumia bairdii",26166,3,"2 Oct 1880","Fish Hawk",40.0383,-70.385
"Population 1 of Nezumia bairdii",26187,1,"2 Oct 1880","Fish Hawk",40.0383,-70.385
"Population 1 of Ocyurus chrysurus",73809,4,"26 Jan 1899","Fish Hawk",18.0259,-67.1693
"Population 1 of Ocyurus chrysurus",73808,3,"26 Jan 1899","Fish Hawk",18.0259,-67.1693
"Population 1 of Ocyurus chrysurus",73806,1,"13 Feb 1899 (1899 Feb 13 - 0000 00 00)","Fish Hawk",18.1848,-65.7094
"Population 1 of Ocyurus chrysurus",73811,2,"20 Jan 1899","Fish Hawk",18.2013,-67.1495
"Population 1 of Ocyurus chrysurus",50210,7,"11 Feb 1899 (1899 Feb 11 - 0000 00 00)","Fish Hawk",18.3101,-65.3014
"Population 1 of Ocyurus chrysurus",73802,2,"9 Feb 1899 (1899 Feb 09 - 0000 00 00)","Fish Hawk",18.3101,-65.3014
"Population 1 of Ocyurus chrysurus",73801,1,"9 Feb 1899 (1899 Feb 09 - 0000 00 00)","Fish Hawk",18.3101,-65.3014
"Population 1 of Ocyurus chrysurus",73803,1,"9 Feb 1899 (1899 Feb 09 - 0000 00 00)","Fish Hawk",18.3101,-65.3014
"Population 1 of Ocyurus chrysurus",73807,1,"11 Feb 1899 (1899 Feb 11 - 0000 00 00)","Fish Hawk",18.3101,-65.3014
"Population 1 of Ocyurus chrysurus",63067,1,"11 Feb 1899 (1899 Feb 11 - 0000 00 00)","Fish Hawk",18.3101,-65.3014
"Population 1 of Ocyurus chrysurus",73805,2,"17 Feb 1899 (1899 Feb 17 - 0000 00 00)","Fish Hawk",18.3367,-65.6334
"Population 1 of Ocyurus chrysurus",63044,1,"17 Feb 1899 (1899 Feb 17 - 0000 00 00)","Fish Hawk",18.3367,-65.6334
"Population 1 of Ocyurus chrysurus",73812,4,"12 Jan 1899 (1899 Jan 12 - 0000 00 00)","Fish Hawk",18.4594,-66.0868
"Population 1 of Ocyurus chrysurus",67634,9,"1899 (1899 00 00 - 0000 00 00)","Fish Hawk",18.2331140123638,-66.4322763843915
"Population 1 of Ocyurus chrysurus",73810,2,"26 Jan 1899","Fish Hawk",18.08068,-67.1910866666667
"Population 1 of Ocyurus chrysurus",73804,1,"8 Feb 1899 (1899 Feb 08 - 0000 00 00)","Fish Hawk",18.15965,-65.43675
"Population 1 of Ocyurus chrysurus",126440,1,"1898 to 1899 (1898 00 00 - 1899 00 00)","Fish Hawk",18.2331140123638,-66.4322763843915
"Population 1 of Opisthonema oglinum",73765,1,"28 Jan 1899","Fish Hawk",17.9621,-66.9124
"Population 1 of Opisthonema oglinum",73764,16,"19 Jan 1899 (1899 Jan 19 - 0000 00 00)","Fish Hawk",18.2013,-67.1495
"Population 1 of Opisthonema oglinum",63059,2,"19 Jan 1899 (1899 Jan 19 - 0000 00 00)","Fish Hawk",18.2013,-67.1495
"Population 1 of Opisthonema oglinum",73769,7,"21 Jan 1899 (1899 Jan 21 - 0000 00 00)","Fish Hawk",18.2036,-67.1643
"Population 1 of Paralepis coregonoides",196079,24,"1 Feb 1914 (1914 Feb 01 - 0000 00 00)","Grampus (Bache)",32.33,-71.48
"Population 1 of Paralepis coregonoides",196080,6,"30 Jan 1914 (1914 Jan 30 - 0000 00 00; 19:30 - 22:30)","Grampus (Bache)",32.55,-72.23
"Population 1 of Paralichthys dentatus",91264,4,"16 May 1916 (1916 May 16 - 0000 00 00)","Fish Hawk",36.934,-76.101
"Population 1 of Paralichthys dentatus",54955,1,"29 Jun 1892 (1892 Jun 29 - 0000 00 00)","Grampus",36.9579,-76.2941
"Population 1 of Paralichthys dentatus",91250,10,"22 Jan 1921 (1921 Jan 22 - 0000 00 00; 11:02 - 11:54)","Fish Hawk",37.0056,-76.2289
"Population 1 of Paralichthys dentatus",157630,2,"4 Dec 1920 (1920 Dec 04 - 0000 00 00; 11:55 - 13:00)","Fish Hawk",37.0056,-76.2289
"Population 1 of Paralichthys dentatus",54956,3,"28 Jun 1892 (1892 Jun 28 - 0000 00 00)","Grampus",37.0121,-76.2979
"Population 1 of Paralichthys dentatus",91248,3,"23 Jan 1921 (1921 Jan 23 - 0000 00 00; 08:20 - 09:26)","Fish Hawk",37.2451,-76.0412
"Population 1 of Paralichthys dentatus",91251,7,"16 Jan 1914 (1914 Jan 16 - 0000 00 00; 13:25 - 13:48)","Fish Hawk",37.25,-76.08
"Population 1 of Paralichthys dentatus",54952,2,"6 Jul 1892 (1892 Jul 06 - 0000 00 00)","Grampus",37.273,-76.0214
"Population 1 of Paralichthys dentatus",54940,1,"16 Jul 1892 (1892 Jul 16 - 0000 00 00)","Grampus",37.4097,-76.346
"Population 1 of Paralichthys dentatus",67747,2,"30 Mar 1894 (1894 Mar 30 - 0000 00 00)","Fish Hawk",37.4278,-76.4143
"Population 1 of Paralichthys dentatus",54965,1,"18 Jul 1892 (1892 Jul 18 - 0000 00 00)","Grampus",37.62,-76.3085
"Population 1 of Paralichthys dentatus",91259,1,"26 Jan 1921 (1921 Jan 26 - 0000 00 00; 13:28 - 14:22)","Fish Hawk",38.3358,-76.2703
"Population 1 of Paralichthys dentatus",157629,2,"6 Dec 1920 (1920 Dec 06 - 0000 00 00)","Fish Hawk",37.7351363636364,-76.1415227272727
"Population 1 of Paralichthys dentatus",157632,2,"8 Dec 1920 (1920 Dec 08 - 0000 00 00; 12:03 - 12:24)","Fish Hawk",38.1265722222222,-76.2339555555556
"Population 1 of Paralichthys dentatus",54977,2,"6 Jul 1892 (1892 Jul 06 - 0000 00 00)","Grampus",37.6505007751938,-75.6415705426357
"Population 1 of Paralichthys dentatus",91249,1,"23 Jan 1921 (1921 Jan 23 - 0000 00 00; 10:10 - 10:45)","Fish Hawk",37.2202114205092,-75.102334542677
"Population 1 of Paralichthys dentatus",91262,1,"1916 (1916 00 00 - 0000 00 00)","Fish Hawk",38.1265722222222,-76.2339555555556
"Population 1 of Paralichthys oblongus",28861,11,"26 Aug 1881 (1881 Aug 26 - 0000 00 00)","Fish Hawk",41.5868,-70.775
"Population 1 of Paralichthys oblongus",25893,1,"23 Aug 1880 (1880 Aug 23 - 0000 00 00; 14:15)","Fish Hawk",41.6049,-71.3712
"Population 1 of Paralichthys oblongus",67600,2,"8 Oct 1890 (1890 Oct 08 - 0000 00 00; 14:15)","Fish Hawk",41.1294877777778,-71.8367233333333
"Population 1 of Paralichthys oblongus",67628,2,"1 Oct 1890 (1890 Oct 01 - 0000 00 00; 10:45)","Fish Hawk",41.1294877777778,-71.8367233333333
"Population 1 of Paralichthys oblongus",54890,2,"29 Sep 1892 (1892 Sep 29 - 0000 00 00; 10:30)","Fish Hawk",41.1294877777778,-71.8367233333333
"Population 1 of Paralichthys oblongus",54933,2,"9 Sep 1892 (1892 Sep 09 - 0000 00 00; 14:35)","Fish Hawk",41.1294877777778,-71.8367233333333
"Population 1 of Paralichthys oblongus",67613,1,"25 Sep 1890 (1890 Sep 25 - 0000 00 00; 11:48)","Fish Hawk",41.1294877777778,-71.8367233333333
"Population 1 of Paralichthys oblongus",54905,1,"23 Sep 1892 (1892 Sep 23 - 0000 00 00; 11:45)","Fish Hawk",41.1294877777778,-71.8367233333333
"Population 1 of Paralichthys oblongus",54910,1,"30 Sep 1892 (1892 Sep 30 - 0000 00 00; 11:15)","Fish Hawk",41.1294877777778,-71.8367233333333
"Population 1 of Paralichthys oblongus",70207,1,"17 Sep 1890 (1890 Sep 17 - 0000 00 00; 10:40)","Fish Hawk",41.1294877777778,-71.8367233333333
"Population 1 of Paralichthys oblongus",73413,1,"29 Sep 1892 (1892 Sep 29 - 0000 00 00; 15:00)","Fish Hawk",41.1294877777778,-71.8367233333333
"Population 1 of Phycis chesteri",25903,44,"4 Sep 1880","Fish Hawk",41.6049,-71.3712
"Population 1 of Phycis chesteri",441821,1,"4 Sep 1880","Fish Hawk",41.6049,-71.3712
"Population 1 of Poecilia latipinna",126785,30,"28 Jan 1917 (1917 Jan 28 - 0000 00 00)","Grampus",29.8091,-85.3057
"Population 1 of Poecilia vivipara",73831,220,"14 Feb 1899 (1899 Feb 14 - 0000 00 00)","Fish Hawk",18.1848,-65.7094
"Population 1 of Poecilia vivipara",63066,5,"14 Feb 1899 (1899 Feb 14 - 0000 00 00)","Fish Hawk",18.1848,-65.7094
"Population 1 of Poecilia vivipara",126130,13,"17 Feb 1899 (1899 Feb 17 - 0000 00 00)","Fish Hawk",18.3367,-65.6334
"Population 1 of Poecilia vivipara",50154,10,"14 Feb 1899 (1899 Feb 14 - 0000 00 00)","Fish Hawk",18.3367,-65.6334
"Population 1 of Poecilia vivipara",63048,6,"17 Feb 1899 (1899 Feb 17 - 0000 00 00)","Fish Hawk",18.3367,-65.6334
"Population 1 of Pomatomus saltatrix",461569,156,"22-Jul-13","Grampus",37.68,-74.45
"Population 1 of Pomatomus saltatrix",461550,10,"(Morning)","Grampus",38.17,-74.25
"Population 2 of Pomatomus saltatrix",461280,150,"","Grampus",37.6344589225589,-72.8608845117845
"Population 2 of Pomatomus saltatrix",461579,42,"","Grampus",37.6344589225589,-72.8608845117845
"Population 1 of Pomolobus aestivalis",90190,22,"19-Feb-14","Fish Hawk",38.28248,-76.27534
"Population 1 of Pomolobus aestivalis",90152,14,"21 Mar 1914 (1914 Mar 21 - 0000 00 00; 15:40 - 15:51)","Fish Hawk",38.4028444444444,-76.3622888888889
"Population 1 of Pomolobus aestivalis",90148,3,"19-Feb-14","Fish Hawk",38.28248,-76.27534
"Population 1 of Pristigenys alta",282890,1,"3 Sep 1914 (1914 Sep 03 - 0000 00 00)","Fish Hawk",34.2,-76.0822
"Population 1 of Pristigenys alta",282892,4,"1 Sep 1914 (1914 Sep 01 - 0000 00 00; 21:00 - 22:15)","Fish Hawk",34.2097,-76.0231
"Population 1 of Pristigenys alta",282891,26,"2 Sep 1914 (1914 Sep 02 - 0000 00 00)","Fish Hawk",34.2961,-75.8861
"Population 1 of Pristigenys alta",111795,2,"2 Sep 1914 (1914 Sep 02 - 0000 00 00)","Fish Hawk",34.2961,-75.8861
"Population 1 of Pristigenys alta",282889,11,"2 Sep 1914 (1914 Sep 02 - 0000 00 00)","Fish Hawk",34.5983,-76.5411
"Population 1 of Pristigenys alta",111796,1,"1 Sep 1914 (1914 Sep 01 - 0000 00 00; 21:00 - 22:15)","Fish Hawk",34.5983,-76.5411
"Population 1 of Pristigenys alta",282894,1,"28 Jul 1915 (1915 Jul 28 - 0000 00 00)","Fish Hawk",33.8139,-76.4
"Population 1 of Pristigenys alta",282895,1,"3 Sep 1914 (1914 Sep 03 - 0000 00 00)","Fish Hawk",34.457097826087,-76.5047202898551
"Population 1 of Pseudopleuronectes americanus",54972,1,"18 Jul 1892 (1892 Jul 18 - 0000 00 00)","Grampus",37.62,-76.3085
"Population 1 of Pseudopleuronectes americanus",156098,1,"19 Jan 1914 (1914 Jan 19 - 0000 00 00; 14:38 - 14:52)","Fish Hawk",38.1033,-76.2033
"Population 1 of Pseudopleuronectes americanus",91270,11,"20 Jan 1916 (1916 Jan 20 - 0000 00 00; 07:45 - 09:55)","Fish Hawk",38.2444,-76.2617
"Population 1 of Pseudopleuronectes americanus",91268,2,"25 Apr 1916 (1916 Apr 25 - 0000 00 00; 06:50 - 07:25)","Fish Hawk",38.245,-76.26
"Population 1 of Pseudopleuronectes americanus",91271,12,"20 Jan 1916 (1916 Jan 20 - 0000 00 00; 10:48 - 12:15)","Fish Hawk",38.3333,-76.3067
"Population 1 of Pseudopleuronectes americanus",91269,9,"20 Jan 1916 (1916 Jan 20 - 0000 00 00; 10:48 - 12:15)","Fish Hawk",38.3333,-76.3067
"Population 1 of Pseudopleuronectes americanus",91272,6,"27 Jan 1916 (1916 Jan 27 - 0000 00 00; 07:36 - 08:25)","Fish Hawk",38.6717,-76.4183
"Population 2 of Pseudopleuronectes americanus",120657,3,"1 Sep 1899 (1899 Sep 01 - 0000 00 00)","Fish Hawk",41.3644,-70.4954
"Population 2 of Pseudopleuronectes americanus",120656,2,"30 Aug 1899 (1899 Aug 30 - 0000 00 00)","Fish Hawk",41.3846,-70.4982
"Population 2 of Pseudopleuronectes americanus",286377,3,"23 Aug 1892 (1892 Aug 23 - 0000 00 00; 11:30)","Fish Hawk",41.4739,-70.7079
"Population 2 of Pseudopleuronectes americanus",67626,2,"23 Aug 1892 (1892 Aug 23 - 0000 00 00; 12:00)","Fish Hawk",41.4739,-70.7079
"Population 2 of Pseudopleuronectes americanus",54843,1,"9 Aug 1892 (1892 Aug 09 - 0000 00 00)","Fish Hawk",41.524,-70.6777
"Population 2 of Pseudopleuronectes americanus",54864,2,"19 Aug 1892 (1892 Aug 19 - 0000 00 00)","Fish Hawk",41.5327,-70.643
"Population 2 of Pseudopleuronectes americanus",120654,2,"28 Aug 1899 (1899 Aug 28 - 0000 00 00)","Fish Hawk",41.5474,-70.5264
"Population 2 of Pseudopleuronectes americanus",49622,2,"28 Aug 1899 (1899 Aug 28 - 0000 00 00)","Fish Hawk",41.565,-70.5278
"Population 2 of Pseudopleuronectes americanus",120655,3,"22 Aug 1899 (1899 Aug 22 - 0000 00 00)","Fish Hawk",41.601,-70.6443
"Population 2 of Pseudopleuronectes americanus",49248,1,"Aug 1899 (1899 Aug 00 - 0000 00 00)","Grampus",41.601,-70.6443
"Population 2 of Pseudopleuronectes americanus",120658,1,"25 Aug 1899 (1899 Aug 25 - 0000 00 00)","Fish Hawk",42.0766,-70.2321
"Population 1 of Pseudopleuronectes americanus",91267,2,"1916 (1916 00 00 - 0000 00 00)","Fish Hawk",38.1265722222222,-76.2339555555556
"Population 2 of Pseudopleuronectes americanus",25742,1,"6 Aug 1880 (1880 Aug 06 - 0000 00 00; 10:30)","Fish Hawk",41.6049,-71.3712
"Population 2 of Pseudopleuronectes americanus",67627,1,"1 Oct 1890 (1890 Oct 01 - 0000 00 00; 10:45)","Fish Hawk",41.1294877777778,-71.8367233333333
"Population 2 of Pseudopleuronectes americanus",67619,1,"1 Oct 1890 (1890 Oct 01 - 0000 00 00; 12:53)","Fish Hawk",41.1294877777778,-71.8367233333333
"Population 2 of Pseudopleuronectes americanus",67623,1,"1 Oct 1890 (1890 Oct 01 - 0000 00 00; 14:30)","Fish Hawk",41.1294877777778,-71.8367233333333
"Population 1 of Sebastes norvegicus",184968,20,"31 Aug 1915 (August 31, 1915)","Grampus",43.13,-67.87
"Population 1 of Sparisoma radians",73793,2,"28 Jan 1899","Fish Hawk",17.9621,-66.9124
"Population 1 of Sparisoma radians",73794,10,"31 Jan 1899 (1899 Jan 31 - 0000 00 00)","Fish Hawk",18.0088,-66.6196
"Population 1 of Sparisoma radians",73791,4,"26 Jan 1899","Fish Hawk",18.0259,-67.1693
"Population 1 of Sparisoma radians",73792,1,"27 Jan 1899","Fish Hawk",18.0759,-67.1889
"Population 1 of Sparisoma radians",126144,11,"13 Feb 1899 (1899 Feb 13 - 0000 00 00)","Fish Hawk",18.1848,-65.7094
"Population 1 of Sparisoma radians",63041,5,"19 Jan 1899 (1899 Jan 19 - 0000 00 00)","Fish Hawk",18.2013,-67.1495
"Population 1 of Sparisoma radians",73790,1,"21 Jan 1899 (1899 Jan 21 - 0000 00 00)","Fish Hawk",18.2036,-67.1643
"Population 1 of Sparisoma radians",73796,11,"17 Feb 1899 (1899 Feb 17 - 0000 00 00)","Fish Hawk",18.3367,-65.6334
"Population 1 of Sparisoma radians",50155,8,"17 Feb 1899 (1899 Feb 17 - 0000 00 00)","Fish Hawk",18.3367,-65.6334
"Population 1 of Sparisoma radians",73797,4,"17 Feb 1899 (1899 Feb 17 - 0000 00 00)","Fish Hawk",18.3367,-65.6334
"Population 1 of Sparisoma radians",50213,2,"14 Jan 1899 (1899 Jan 14 - 0000 00 00)","Fish Hawk",18.442,-66.08
"Population 1 of Sparisoma radians",73795,1,"8 Feb 1899","Fish Hawk",18.15965,-65.43675
"Population 1 of Sphoeroides maculatus",120665,1,"4 Sep 1899 (1899 Sep 04 - 0000 00 00)","Fish Hawk",41.3644,-70.4954
"Population 1 of Sphoeroides maculatus",120666,1,"1 Sep 1899","Fish Hawk",41.3832,-70.508
"Population 1 of Sphoeroides maculatus",120668,1,"30 Aug 1899 (1899 Aug 30 - 0000 00 00)","Fish Hawk",41.4045,-70.489
"Population 1 of Sphoeroides maculatus",120669,7,"22 Aug 1899","Fish Hawk",41.5261,-70.6749
"Population 1 of Sphoeroides maculatus",120664,1,"22 Aug 1899","Fish Hawk",41.5261,-70.6749
"Population 1 of Sphoeroides maculatus",54851,1,"10 Aug 1892 (1892 Aug 10 - 0000 00 00)","Fish Hawk",41.5347,-70.6393
"Population 1 of Sphoeroides maculatus",120667,1,"28 Aug 1899 (1899 Aug 28 - 0000 00 00)","Fish Hawk",41.5474,-70.5264
"Population 1 of Sphoeroides maculatus",54852,6,"2 Aug 1892","Fish Hawk",41.5486,-70.563
"Population 1 of Sphoeroides maculatus",54853,2,"29 Aug 1892 (1892 Aug 29 - 0000 00 00)","Fish Hawk",41.751,-70.7091
"Population 1 of Stegastes leucostictus",73799,17,"1 Feb 1899 (1899 Feb 01 - 0000 00 00)","Fish Hawk",18.0088,-66.6196
"Population 1 of Stegastes leucostictus",63049,2,"1 Feb 1899 (1899 Feb 01 - 0000 00 00)","Fish Hawk",18.0088,-66.6196
"Population 1 of Stegastes leucostictus",50168,3,"27 Jan 1899","Fish Hawk",18.0759,-67.1889
"Population 1 of Stegastes leucostictus",126178,1,"27 Jan 1899","Fish Hawk",18.0759,-67.1889
"Population 1 of Stegastes leucostictus",126177,1,"22 Jan 1899 (1899 Jan 22 - 0000 00 00)","Fish Hawk",18.2036,-67.1643
"Population 1 of Stellifer lanceolatus",142782,750,"10 Jul 1915 (1915 Jul 10 - 0000 00 00)","Fish Hawk",33.2661,-79.2333
"Population 1 of Stenotomus caprinus",126766,10,"1-Mar-17","Grampus",29.039,-94.174
"Population 1 of Stenotomus caprinus",143825,16,"28-Feb-17","Grampus",29.05,-94.43
"Population 1 of Stenotomus chrysops",120671,1,"1 Sep 1899 (1899 Sep 01 - 0000 00 00)","Fish Hawk",41.3823,-70.4482
"Population 1 of Stenotomus chrysops",120672,1,"30 Aug 1899 (1899 Aug 30 - 0000 00 00)","Fish Hawk",41.4045,-70.489
"Population 1 of Stenotomus chrysops",54901,10,"","Fish Hawk",41.4703,-70.7024
"Population 1 of Stenotomus chrysops",54829,2,"1892 (1892 00 00 - 0000 00 00)","Fish Hawk",41.4703,-70.7024
"Population 1 of Stenotomus chrysops",54824,1,"20 Aug 1892","Fish Hawk",41.4703,-70.7024
"Population 1 of Stenotomus chrysops",31638,5,"18 Aug 1882 (1882 Aug 18 - 0000 00 00; 15:00)","Fish Hawk",41.4739,-70.7079
"Population 1 of Stenotomus chrysops",120674,1,"28 Aug 1899 (1899 Aug 28 - 0000 00 00)","Fish Hawk",41.5474,-70.5264
"Population 1 of Stenotomus chrysops",120673,2,"22 Aug 1899","Fish Hawk",41.601,-70.6443
"Population 1 of Stenotomus chrysops",31639,4,"18 Aug 1882","Fish Hawk",41.294008587487,-70.0455275886997
"Population 1 of Stenotomus chrysops",54830,2,"20 Aug 1892 (1892 Aug 20 - 0000 00 00; 13:35)","Fish Hawk",41.3352564102564,-70.7645333333333
"Population 1 of Stenotomus chrysops",70119,1,"3 Sep 1892 (1892 Sep 03 - 0000 00 00)","Fish Hawk",41.5923923076923,-70.6354230769231
"Population 1 of Stephanolepis hispida",106291,2,"7 Sep 1913 or 8 Sep 1913","Fish Hawk",34.23,-77.08
"Population 1 of Stephanolepis hispida",105721,1,"2 Sep 1914 (1914 Sep 02 - 0000 00 00)","Fish Hawk",34.2961,-75.8861
"Population 1 of Stephanolepis hispida",105501,1,"7-Sep-13","Fish Hawk",34.38,-76.8583
"Population 1 of Stephanolepis hispida",105500,1,"20 Aug 1914 (1914 Aug 20 - 0000 00 00)","Fish Hawk",34.5293,-77.3401
"Population 1 of Stephanolepis hispida",105712,2,"2-Sep-14","Fish Hawk",34.5983,-76.5411
"Population 1 of Stephanolepis hispida",106318,1,"21-Jun-26","Fish Hawk",34.7175,-76.6734
"Population 2 of Stephanolepis hispida",120608,2,"4 Sep 1899 (1899 Sep 04 - 0000 00 00)","Fish Hawk",41.3644,-70.4954
"Population 2 of Stephanolepis hispida",120607,4,"1 Sep 1899 (1899 Sep 01 - 0000 00 00)","Fish Hawk",41.3823,-70.4482
"Population 2 of Stephanolepis hispida",120610,13,"1 Sep 1899","Fish Hawk",41.3832,-70.508
"Population 2 of Stephanolepis hispida",120609,1,"30 Aug 1899 (1899 Aug 30 - 0000 00 00)","Fish Hawk",41.4045,-70.489
"Population 1 of Stephanolepis hispida",106253,22,"7-Sep-13","Fish Hawk",34.27,-76.93
"Population 1 of Stephanolepis hispida",105722,14,"12 Aug 1914 (1914 Aug 12 - 0000 00 00)","Fish Hawk",34.457097826087,-76.5047202898551
"Population 1 of Stephanolepis hispida",105720,7,"10 Aug 1914 (1914 Aug 10 - 0000 00 00)","Fish Hawk",34.457097826087,-76.5047202898551
"Population 1 of Stephanolepis hispida",106256,5,"11 Aug 1914 (1914 Aug 11 - 0000 00 00)","Fish Hawk",34.457097826087,-76.5047202898551
"Population 1 of Stephanolepis hispida",106320,4,"12 Aug 1914 (1914 Aug 12 - 0000 00 00)","Fish Hawk",34.457097826087,-76.5047202898551
"Population 1 of Stephanolepis hispida",106254,4,"12 Aug 1914 (1914 Aug 12 - 0000 00 00)","Fish Hawk",34.457097826087,-76.5047202898551
"Population 1 of Stephanolepis hispida",105723,3,"2 Sep 1914 (1914 Sep 02 - 0000 00 00)","Fish Hawk",34.3187722222222,-75.8682166666667
"Population 1 of Stephanolepis hispida",105859,2,"23-Sep-05","Fish Hawk",34.7105,-76.6656
"Population 1 of Stephanolepis hispida",106257,2,"12 Aug 1914 (1914 Aug 12 - 0000 00 00)","Fish Hawk",34.457097826087,-76.5047202898551
"Population 1 of Stephanolepis hispida",106319,1,"12-Aug-14","Fish Hawk",34.457097826087,-76.5047202898551
"Population 1 of Stephanolepis hispida",106321,1,"28 Jul 1915 (1915 Jul 28 - 0000 00 00)","Fish Hawk",34.0123555555556,-76.3286833333333
"Population 2 of Stephanolepis hispida",31812,1,"2 Sep 1882 (1882 Sep 2)","Fish Hawk",41.294008587487,-70.0455275886997
"Population 1 of Stephanolepis hispida",106250,1,"10 Aug 1914 (1914 Aug 10 - 0000 00 00)","Fish Hawk",34.457097826087,-76.5047202898551
"Population 1 of Strongylura marina",70222,4,"6 Jul 1892 (1892 Jul 06 - 0000 00 00)","Grampus",37.273,-76.0214
"Population 1 of Strongylura marina",69696,1,"19 Jul 1892 (1892 Jul 19 - 0000 00 00)","Grampus",37.2807,-75.9906
"Population 1 of Strongylura marina",54939,1,"","Fish Hawk",37.4102,-76.3453
"Population 1 of Strongylura marina",69820,17,"6 Jul 1892 (1892 Jul 06 - 0000 00 00)","Grampus",37.6505007751938,-75.6415705426357
"Population 1 of Strongylura marina",291467,5,"6 Jul 1892 (1892 Jul 06 - 0000 00 00)","Grampus",37.6505007751938,-75.6415705426357
"Population 1 of Strongylura marina",125475,5,"6 Jul 1892 (1892 Jul 06 - 0000 00 00)","Grampus",37.6505007751938,-75.6415705426357
"Population 1 of Syacium papillosum",236125,27,"16 Mar 1917 (1917 Mar 16 - 0000 00 00)","Grampus",29.2024,-94.9146
"Population 2 of Syacium papillosum",156227,21,"5 Mar 1917 (1917 Mar 05 - 0000 00 00)","Grampus",29.3183217954988,-91.0102947488924
"Population 2 of Syacium papillosum",156345,12,"9 Mar 1917 (1917 Mar 09 - 0000 00 00)","Grampus",29.3183217954988,-91.0102947488924
"Population 1 of Syacium papillosum",126500,11,"26 Feb 1917 to 27 Feb 1917 (1917 Feb 26 - 1917 Feb 27)","Grampus",29.1497666666667,-94.7104
"Population 1 of Symphurus plagiusa",59012,8,"1891 (1891 00 00 - 0000 00 00)","Fish Hawk",32.7548,-79.8671
"Population 1 of Symphurus plagiusa",433743,1,"1891 (1891 00 00 - 0000 00 00)","Fish Hawk",32.7548,-79.8671
"Population 1 of Symphurus plagiusa",91436,2,"10 Jul 1915 (1915 Jul 10 - 0000 00 00; 13:47 - 14:15)","Fish Hawk",33.2228,-79.1853
"Population 1 of Symphurus plagiusa",59058,2,"30 Dec 1891 (1891 Dec 30 - 0000 00 00)","Fish Hawk",33.2608,-79.2161
"Population 1 of Symphurus plagiusa",59096,1,"1891 (1891 00 00 - 0000 00 00)","Fish Hawk",33.2661,-79.2333
"Population 1 of Symphurus plagiusa",59056,5,"1891 (1891 00 00 - 0000 00 00)","Fish Hawk",33.4481,-79.1953
"Population 1 of Symphurus plagiusa",59059,1,"1891 (1891 00 00 - 0000 00 00)","Fish Hawk",33.4481,-79.1953
"Population 1 of Symphurus plagiusa",59067,2,"1891 (1891 00 00 - 0000 00 00)","Fish Hawk",32.79384,-79.47368
"Population 1 of Syngnathus fuscus",100429,1,"17-Nov-16","Grampus",36.98,-75.6917
"Population 1 of Syngnathus fuscus",132725,1,"4 Dec 1920 (1920 Dec 04 - 0000 00 00; 17:38 - 18:24)","Fish Hawk",36.9865,-76.1999
"Population 1 of Syngnathus fuscus",72318,6,"7 Jul 1892 (1892 Jul 07 - 0000 00 00)","Grampus",37.0096,-76.318
"Population 1 of Syngnathus fuscus",90086,1,"6 Mar 1916 (1916 Mar 06 - 0000 00 00; 12:25 - 13:55)","Fish Hawk",37.01,-76.2222
"Population 1 of Syngnathus fuscus",107756,1,"25-Jun-16","Fish Hawk",37.0111,-76.2533
"Population 1 of Syngnathus fuscus",91344,1,"12 Sep 1916 (1916 Sep 12 - 0000 00 00; 07:15 - 08:05)","Fish Hawk",37.0592,-75.9783
"Population 1 of Syngnathus fuscus",30402,1,"6 Mar 1882","Fish Hawk",37.214,-76.0152
"Population 1 of Syngnathus fuscus",30403,14,"6 Mar 1882","Fish Hawk",37.2435,-76.0209
"Population 1 of Syngnathus fuscus",54967,1,"6 Jul 1892 (1892 Jul 06 - 0000 00 00)","Grampus",37.273,-76.0214
"Population 1 of Syngnathus fuscus",72317,9,"2 Mar 1894","Fish Hawk",37.2814,-76.0144
"Population 1 of Syngnathus fuscus",389223,1,"20-Oct-20","Fish Hawk",37.5968,-76.2359
"Population 1 of Syngnathus fuscus",72319,59,"7 Jul 1892","Grampus",37.6236,-76.3061
"Population 1 of Syngnathus fuscus",77923,1,"6 Dec 1915 (1915 Dec 06 - 0000 00 00)","Fish Hawk",38.12,-76.225
"Population 1 of Syngnathus fuscus",77925,1,"7 Dec 1915 to 8 Dec 1915 (1915 Dec 08 - 0000 00 00)","Fish Hawk",38.3367,-76.2983
"Population 1 of Syngnathus fuscus",77922,1,"9 Dec 1915 (1915 Dec 09 - 0000 00 00; 11:12 - 12:05)","Fish Hawk",38.6717,-76.4183
"Population 1 of Syngnathus fuscus",77926,1,"10-Dec-15","Fish Hawk",38.92,-76.3867
"Population 2 of Syngnathus fuscus",120676,1,"12 Sep 1899 (1899 Sep 12 - 0000 00 00)","Fish Hawk",41.3644,-70.4954
"Population 2 of Syngnathus fuscus",54818,1,"23 Aug 1892","Fish Hawk",41.4703,-70.7024
"Population 2 of Syngnathus fuscus",54821,1,"23 Aug 1892 (1892 00 00 - 0000 00 00)","Fish Hawk",41.4703,-70.7024
"Population 2 of Syngnathus fuscus",54889,1,"30 Aug 1899","Fish Hawk",41.4703,-70.7024
"Population 2 of Syngnathus fuscus",54820,1,"23 Aug 1892 (1892 Aug 23 - 0000 00 00; 11:30)","Fish Hawk",41.4739,-70.7079
"Population 2 of Syngnathus fuscus",120675,4,"28 Aug 1899 (1899 Aug 28 - 0000 00 00)","Fish Hawk",41.5261,-70.6749
"Population 2 of Syngnathus fuscus",72456,1,"10 Aug 1892 (1892 Aug 10 - 0000 00 00)","Fish Hawk",41.5347,-70.6393
"Population 2 of Syngnathus fuscus",132737,54,"1 Oct 1915 (1915 Oct 01 - 0000 00 00)","Grampus",42.062,-70.1542
"Population 1 of Syngnathus fuscus",91328,2,"8 Jul 1920 (1920 Jul 08 - 0000 00 00)","Fish Hawk",38.3146,-76.226
"Population 2 of Syngnathus fuscus",70164,2,"3 Sep 1892 (1892 Sep 03 - 0000 00 00)","Fish Hawk",41.5923923076923,-70.6354230769231
"Population 1 of Syngnathus fuscus",132730,1,"23 Mar 1914 (0000 00 00 - 0000 00 00)","Fish Hawk",37.7351363636364,-76.1415227272727
"Population 1 of Syngnathus fuscus",67700,1,"28 Mar 1894","Fish Hawk",36.972775,-76.1345583333333
"Population 1 of Syngnathus fuscus",91355,1,"21 Feb 1914 (1914 Feb 21 - 0000 00 00)","Fish Hawk",37.7351363636364,-76.1415227272727
"Population 1 of Syngnathus fuscus",399916,1,"","Fish Hawk",37.8233333333333,-76.2619333333333
"Population 1 of Tautogolabrus adspersus",120693,2,"1 Sep 1899 (1899 Sep 01 - 0000 00 00)","Fish Hawk",41.3644,-70.4954
"Population 1 of Tautogolabrus adspersus",120678,1,"1 Sep 1899 (1899 Sep 01 - 0000 00 00)","Fish Hawk",41.3644,-70.4954
"Population 1 of Tautogolabrus adspersus",120679,1,"4 Sep 1899 (1899 Sep 04 - 0000 00 00)","Fish Hawk",41.3644,-70.4954
"Population 1 of Tautogolabrus adspersus",120692,1,"1 Sep 1899 (1899 Sep 01 - 0000 00 00)","Fish Hawk",41.3823,-70.4482
"Population 1 of Tautogolabrus adspersus",120695,1,"30 Aug 1899 (1899 Aug 30 - 0000 00 00)","Fish Hawk",41.4019,-70.4875
"Population 1 of Tautogolabrus adspersus",120696,1,"30 Aug 1899 (1899 Aug 30 - 0000 00 00)","Fish Hawk",41.4019,-70.4875
"Population 1 of Tautogolabrus adspersus",100299,30,"1892 (1892 00 00 - 0000 00 00)","Fish Hawk",41.4703,-70.7024
"Population 1 of Tautogolabrus adspersus",67625,11,"20 Aug 1892 (1892 Aug 20 - 0000 00 00)","Fish Hawk",41.4703,-70.7024
"Population 1 of Tautogolabrus adspersus",54825,4,"1892 (1892 00 00 - 0000 00 00)","Fish Hawk",41.4703,-70.7024
"Population 1 of Tautogolabrus adspersus",54827,2,"20 Aug 1892 (1892 Aug 20 - 0000 00 00)","Fish Hawk",41.4703,-70.7024
"Population 1 of Tautogolabrus adspersus",54828,2,"23 Aug 1892 (1892 00 00 - 0000 00 00)","Fish Hawk",41.4703,-70.7024
"Population 1 of Tautogolabrus adspersus",54826,2,"1892 (1892 00 00 - 0000 00 00)","Fish Hawk",41.5227,-70.6766
"Population 1 of Tautogolabrus adspersus",125000,4,"18 Aug 1892 (1892 Aug 18 - 0000 00 00)","Grampus",41.5261,-70.6749
"Population 1 of Tautogolabrus adspersus",54856,2,"10 Aug 1892 (1892 Aug 10 - 0000 00 00)","Fish Hawk",41.5347,-70.6393
"Population 1 of Tautogolabrus adspersus",120697,1,"28 Aug 1899 (1899 Aug 28 - 0000 00 00)","Fish Hawk",41.5474,-70.5264
"Population 1 of Tautogolabrus adspersus",49629,1,"28 Aug 1899 (1899 Aug 28 - 0000 00 00)","Fish Hawk",41.5474,-70.5264
"Population 1 of Tautogolabrus adspersus",120694,2,"22 Aug 1899 (1899 Aug 22 - 0000 00 00)","Fish Hawk",41.601,-70.6443
"Population 1 of Tautogolabrus adspersus",120677,1,"9 Aug 1899 (1899 Aug 09 - 0000 00 00)","Fish Hawk",41.9182,-70.313
"Population 1 of Tautogolabrus adspersus",154060,15,"1 Oct 1915 (1915 Oct 01 - 0000 00 00)","Grampus",42.062,-70.1542
"Population 1 of Tautogolabrus adspersus",120680,1,"25 Aug 1899 (1899 Aug 25 - 0000 00 00)","Fish Hawk",42.0766,-70.2321
"Population 1 of Tautogolabrus adspersus",70130,17,"3 Sep 1892 (1892 Sep 03 - 0000 00 00)","Fish Hawk",41.5923923076923,-70.6354230769231
"Population 1 of Trinectes maculatus",54980,1,"Jul 1892 (1892 Jul 00 - 0000 00 00)","Grampus",36.9536,-76.3593
"Population 1 of Trinectes maculatus",126960,2,"28 Jun 1892 (1892 Jun 28 - 0000 00 00)","Grampus",37.0297,-76.3456
"Population 1 of Trinectes maculatus",156390,1,"25 Jul 1916 (1916 Jul 25 - 0000 00 00; 14:38 - 15:42)","Fish Hawk",37.0575,-75.9719
"Population 1 of Trinectes maculatus",156015,12,"8 Dec 1920 (1920 Dec 08 - 0000 00 00; 12:03 - 12:24)","Fish Hawk",38.1265722222222,-76.2339555555556
"Population 1 of Trinectes maculatus",156458,5,"6 Dec 1920 (1920 Dec 06 - 0000 00 00)","Fish Hawk",37.7351363636364,-76.1415227272727
"Population 1 of Trinectes maculatus",286794,4,"4 Jul 1920 (1920 Jul 04 - 0000 00 00; 16:00 - 16:47)","Fish Hawk",38.3146,-76.226
"Population 1 of Trinectes maculatus",30339,2,"1882 (1882 00 00 - 0000 00 00)","Fish Hawk",37.8233333333333,-76.2619333333333
"Population 1 of Trinectes maculatus",30372,1,"11 Mar 1882 (1882 Mar 11 - 0000 00 00; 09:50)","Fish Hawk",38.9048571428571,-76.4217
